{"type":"FeatureCollection","features":[{"type":"Feature","properties":{"adm2_pcode":"NG001001","adm2_name":"Aba North","adm1_name":"Abia"},"geometry":{"type":"Polygon","coordinates":[[[7.401109326000096,5.08194751800005],[7.387506171000155,5.132425993000027],[7.331233659000134,5.113515976000087],[7.344500987000117,5.100477208000029],[7.376643545000036,5.119044167000027],[7.387494576000165,5.082748007000134],[7.401109326000096,5.08194751800005]]]}},{"type":"Feature","properties":{"adm2_pcode":"NG001002","adm2_name":"Aba South","adm1_name":"Abia"},"geometry":{"type":"Polygon","coordinates":[[[7.387494576000165,5.082748007000134],[7.376643545000036,5.119044167000027],[7.319072376000122,5.101360659000079],[7.30743291400006,5.078447192000169],[7.34946160100003,5.052191717000028],[7.375303840000129,5.05725609100017],[7.387494576000165,5.082748007000134]]]}},{"type":"Feature","properties":{"adm2_pcode":"NG001003","adm2_name":"Arochukwu","adm1_name":"Abia"},"geometry":{"type":"Polygon","coordinates":[[[7.904578888,5.568675557000063],[7.887809560000051,5.53492500200008],[7.856434458000024,5.539549321000152],[7.808265837000022,5.5070232650001],[7.755232239000179,5.664746296999965],[7.720106,5.682653403000131],[7.656798535000121,5.678161565000096],[7.679297716000178,5.630309166000188],[7.634185335000154,5.60138179400019],[7.695939132000092,5.518277608000062],[7.757159108000167,5.510495210000045],[7.792839312000069,5.439794022000115],[7.863560922999966,5.420166014000017],[7.877982882000026,5.367052017000162],[7.98296574200009,5.355668118000153],[7.904578888,5.568675557000063]]]}},{"type":"Feature","properties":{"adm2_pcode":"NG001004","adm2_name":"Bende","adm1_name":"Abia"},"geometry":{"type":"Polygon","coordinates":[[[7.713078744000143,5.818000859000165],[7.551944996000145,5.843462884000076],[7.54564635800017,5.81237121800001],[7.569196033000139,5.748589925000033],[7.562234702000126,5.703961380000067],[7.528474055000174,5.714246323000054],[7.46616485100003,5.699527219000061],[7.476232068000115,5.670021175000159],[7.453103957999986,5.655158340000071],[7.461316152,5.627876834],[7.503044624000097,5.633732422000094],[7.571648815,5.578833608000082],[7.577647052000088,5.511944249000123],[7.619371670000078,5.500503602000038],[7.65124068900019,5.440418688000079],[7.700030002000176,5.431541007000021],[7.695939132000092,5.518277608000062],[7.634185335000154,5.60138179400019],[7.679297716000178,5.630309166000188],[7.656913775000078,5.680242965],[7.709258810999984,5.757382357000097],[7.713078744000143,5.818000859000165]]]}},{"type":"Feature","properties":{"adm2_pcode":"NG001005","adm2_name":"Ikwuano","adm1_name":"Abia"},"geometry":{"type":"Polygon","coordinates":[[[7.577647052000088,5.511944249000123],[7.542587040000171,5.503124634000017],[7.507868038000083,5.434589353000149],[7.512408454000024,5.371904826000105],[7.555158732000109,5.350297119000118],[7.517680165000058,5.33204885400005],[7.551620249,5.306255783000154],[7.572082865000027,5.324313170000039],[7.648910909000165,5.324934059000157],[7.677607003,5.379993956000078],[7.624279854000065,5.380139795000161],[7.65124068900019,5.440418688000079],[7.619371670000078,5.500503602000038],[7.577647052000088,5.511944249000123]]]}},{"type":"Feature","properties":{"adm2_pcode":"NG001006","adm2_name":"Isiala-Ngwa North","adm1_name":"Abia"},"geometry":{"type":"Polygon","coordinates":[[[7.509688710999967,5.284194858000092],[7.497272147999979,5.295799372000147],[7.501980414000172,5.353636332000065],[7.403968166000027,5.357788455],[7.387176311000019,5.328921476000119],[7.361758737,5.338405992000048],[7.367373496000141,5.316282577000038],[7.319926467000016,5.317913],[7.322379434000027,5.344502518000183],[7.303522179000026,5.348239414000147],[7.266949584000145,5.239419484000166],[7.286912650000033,5.221043638000083],[7.347704472000032,5.274111685000094],[7.377639558000112,5.239915597000049],[7.384800525000117,5.200843878000114],[7.405924533000189,5.197680597000158],[7.453743132000113,5.240984316000095],[7.468804673000136,5.231602398000121],[7.509688710999967,5.284194858000092]]]}},{"type":"Feature","properties":{"adm2_pcode":"NG001007","adm2_name":"Isiala-Ngwa South","adm1_name":"Abia"},"geometry":{"type":"Polygon","coordinates":[[[7.507868038000083,5.434589353000149],[7.373539896000182,5.475182570000015],[7.322800985000185,5.40750699400013],[7.30346158499998,5.351670253000066],[7.324235018000081,5.340819660000136],[7.317713158000117,5.319379355000081],[7.367373496000141,5.316282577000038],[7.361758737,5.338405992000048],[7.387176311000019,5.328921476000119],[7.403968166000027,5.357788455],[7.4857895560001,5.357561159],[7.506886251000083,5.346276796000097],[7.497272147999979,5.295799372000147],[7.509688710999967,5.284194858000092],[7.517617934000157,5.303626487000031],[7.540698108000015,5.309052894000047],[7.518978692000076,5.335943740000118],[7.555158732000109,5.350297119000118],[7.512408454000024,5.371904826000105],[7.507868038000083,5.434589353000149]]]}},{"type":"Feature","properties":{"adm2_pcode":"NG001008","adm2_name":"Isiukwuato","adm1_name":"Abia"},"geometry":{"type":"Polygon","coordinates":[[[7.497577304,5.907660092000071],[7.394222266000099,5.910171455000125],[7.400301015000082,5.712711869000145],[7.45076615500011,5.685787003000087],[7.508358282000131,5.711302253000042],[7.562234702000126,5.703961380000067],[7.569196033000139,5.748589925000033],[7.54564635800017,5.81237121800001],[7.551944996000145,5.843462884000076],[7.532985728000142,5.837841899000125],[7.526187758000106,5.879896027000143],[7.497577304,5.907660092000071]]]}},{"type":"Feature","properties":{"adm2_pcode":"NG001009","adm2_name":"Obi Ngwa","adm1_name":"Abia"},"geometry":{"type":"Polygon","coordinates":[[[7.535015956000109,5.303813032000107],[7.517617934000157,5.303626487000031],[7.468804673000136,5.231602398000121],[7.453743132000113,5.240984316000095],[7.405924533000189,5.197680597000158],[7.363474887000052,5.200722986000073],[7.365308421000066,5.134108533000131],[7.387506171000155,5.132425993000027],[7.401715781000121,5.104776357000048],[7.408895808000068,5.064326610000137],[7.397113141000148,5.039501846000121],[7.420185324000158,5.002353652000124],[7.522832124999979,5.048957783000105],[7.541334958000164,5.071852224000054],[7.527884006000079,5.156005894000145],[7.553071011000156,5.27567912100011],[7.535015956000109,5.303813032000107]]]}},{"type":"Feature","properties":{"adm2_pcode":"NG001010","adm2_name":"Ohafia","adm1_name":"Abia"},"geometry":{"type":"Polygon","coordinates":[[[7.91769669200005,5.649620060000132],[7.80393008700014,5.744953138000142],[7.786321889000021,5.804915420000043],[7.713078744000143,5.818000859000165],[7.709258810999984,5.757382357000097],[7.656798535000121,5.678161565000096],[7.74937782700016,5.672666490000097],[7.808265837000022,5.5070232650001],[7.856434458000024,5.539549321000152],[7.887809560000051,5.53492500200008],[7.906092061999971,5.570636730000103],[7.91769669200005,5.649620060000132]]]}},{"type":"Feature","properties":{"adm2_pcode":"NG001011","adm2_name":"Osisioma Ngwa","adm1_name":"Abia"},"geometry":{"type":"Polygon","coordinates":[[[7.384800525000117,5.200843878000114],[7.377639558000112,5.239915597000049],[7.347704472000032,5.274111685000094],[7.286912650000033,5.221043638000083],[7.266949584000145,5.239419484000166],[7.284319109000137,5.170890920000033],[7.264797044000034,5.152110324000034],[7.280203562000054,5.13155286000017],[7.270400856000037,5.102309113],[7.295486434000168,5.077854634000175],[7.365308421000066,5.134108533000131],[7.361662873000057,5.194808483000031],[7.384800525000117,5.200843878000114]]]}},{"type":"Feature","properties":{"adm2_pcode":"NG001012","adm2_name":"Ugwunagbo","adm1_name":"Abia"},"geometry":{"type":"Polygon","coordinates":[[[7.401109326000096,5.08194751800005],[7.34946160100003,5.052191717000028],[7.303108495000117,5.07549510399997],[7.279844709000088,4.973053010000115],[7.320203423,4.968986038000082],[7.414403335000031,4.99351691600009],[7.418582273000141,5.01250505600018],[7.397113141000148,5.039501846000121],[7.401109326000096,5.08194751800005]]]}},{"type":"Feature","properties":{"adm2_pcode":"NG001013","adm2_name":"Ukwa East","adm1_name":"Abia"},"geometry":{"type":"Polygon","coordinates":[[[7.491546117000041,4.946785956000156],[7.465689644000065,4.986772593000126],[7.531024827000181,5.048933520000162],[7.393306739000138,4.982723263000082],[7.310042372000112,4.970205332000091],[7.329525404000151,4.919432621000112],[7.319818782000084,4.879619170000069],[7.429212,4.862449155999968],[7.488712479000071,4.821804539000141],[7.499338029000114,4.855082993000053],[7.477131710000151,4.908759560000135],[7.491546117000041,4.946785956000156]]]}},{"type":"Feature","properties":{"adm2_pcode":"NG001014","adm2_name":"Ukwa West","adm1_name":"Abia"},"geometry":{"type":"Polygon","coordinates":[[[7.303108495000117,5.07549510399997],[7.270400856000037,5.102309113],[7.235092175999966,4.98100420600008],[7.185130754000113,4.982331742000099],[7.194867654000177,4.95299359500018],[7.150316264000082,4.92433307500005],[7.147241236000013,4.890325056000052],[7.215074901000094,4.857152948000021],[7.319818782000084,4.879619170000069],[7.329525404000151,4.919432621000112],[7.310042372000112,4.970205332000091],[7.277186569999969,4.976579482999966],[7.303108495000117,5.07549510399997]]]}},{"type":"Feature","properties":{"adm2_pcode":"NG001015","adm2_name":"Umuahia North","adm1_name":"Abia"},"geometry":{"type":"Polygon","coordinates":[[[7.46616485100003,5.699527219000061],[7.460341975000176,5.684720019000054],[7.400301015000082,5.712711869000145],[7.381607578000171,5.705608877000031],[7.410163055000055,5.673839142000134],[7.432285979000142,5.609393174000104],[7.417355061000023,5.562136618000011],[7.456352005000042,5.557736437000017],[7.458314214000154,5.52192074200002],[7.490188464000084,5.49842912600019],[7.577647052000088,5.511944249000123],[7.571648815,5.578833608000082],[7.503044624000097,5.633732422000094],[7.461316152,5.627876834],[7.453103957999986,5.655158340000071],[7.477520019000053,5.674747767999975],[7.46616485100003,5.699527219000061]]]}},{"type":"Feature","properties":{"adm2_pcode":"NG001016","adm2_name":"Umuahia South","adm1_name":"Abia"},"geometry":{"type":"Polygon","coordinates":[[[7.538756,5.498257658000057],[7.486503350000021,5.499890408000113],[7.458314214000154,5.52192074200002],[7.456352005000042,5.557736437000017],[7.417355061000023,5.562136618000011],[7.373539896000182,5.475182570000015],[7.507868038000083,5.434589353000149],[7.538756,5.498257658000057]]]}},{"type":"Feature","properties":{"adm2_pcode":"NG001017","adm2_name":"Umu-Nneochi","adm1_name":"Abia"},"geometry":{"type":"Polygon","coordinates":[[[7.384793164000143,6.037316737000083],[7.339062708000029,6.04214955100008],[7.318281539000168,5.998603412000136],[7.264029873000027,5.991465022000114],[7.254512400000124,5.965291071000138],[7.266761561000123,5.922282767000183],[7.367187826000077,5.903469091000147],[7.418083353000043,5.916874355000175],[7.539571793,5.907232320000048],[7.553372531000036,5.981471564000174],[7.536556849000135,6.008112341000071],[7.510541782000132,6.021446280000134],[7.415839538000114,6.006217950000064],[7.384793164000143,6.037316737000083]]]}},{"type":"Feature","properties":{"adm2_pcode":"NG002001","adm2_name":"Demsa","adm1_name":"Adamawa"},"geometry":{"type":"Polygon","coordinates":[[[12.27975578400003,9.61709672700016],[12.251540998000166,9.665712441999972],[12.07094071900002,9.646490965000055],[12.03805268200017,9.438527934000092],[11.899143365000043,9.429544493000094],[11.855121796000049,9.412451568000051],[11.802951048000125,9.336855747000072],[11.670535408000035,9.25310979],[11.741894758000058,9.186152866999976],[11.882360665000022,9.179278385000146],[11.920773004000125,9.183320496000022],[11.954314948,9.242560820000108],[12.016573792000088,9.273862695],[12.114909357000045,9.24030717900007],[12.112050276,9.33250504300014],[12.292505027000175,9.459261484000137],[12.296456109000076,9.482822081999984],[12.24928857100008,9.566990466000107],[12.27975578400003,9.61709672700016]]]}},{"type":"Feature","properties":{"adm2_pcode":"NG002002","adm2_name":"Fufore","adm1_name":"Adamawa"},"geometry":{"type":"Polygon","coordinates":[[[13.084824830000116,9.619968642],[12.954837083000086,9.729392108000013],[12.914317469000025,9.690066676000129],[12.83634660100006,9.678013288000102],[12.701233241000068,9.62437046499997],[12.646157262000031,9.50313180400019],[12.586370193999983,9.41753407800013],[12.612647302000084,9.365041463000182],[12.587568491000127,9.329329563000158],[12.607442681000123,9.196259761000078],[12.589929015000052,9.136251286000174],[12.555671888,9.09940122300003],[12.421014630000116,9.114562468000088],[12.316532084000187,9.241638936000186],[12.263336026000161,9.261128574],[12.215712460000077,9.238799190000066],[12.194932324000092,9.108201822000126],[12.070598481000161,9.063087971000186],[12.05903733000008,9.018243173000144],[12.157478134000144,9.030392476000031],[12.219719032000114,8.991021612000168],[12.227057830000035,8.956796198],[12.356061457000123,8.81873723199999],[12.439270572000169,8.764928108999982],[12.619950747000189,8.818435476000104],[12.74394615000017,8.8845799180001],[12.79040331300007,8.954241008000167],[12.833111645000088,8.954340791000163],[12.878013800000133,9.030106377000095],[12.891868017000093,9.117445753000027],[12.882192051000061,9.187169833000098],[12.90531155900004,9.242455381000184],[12.902877305000061,9.352305559000115],[12.856838810000113,9.363314783000135],[12.85550394900008,9.384331664000115],[13.047328632000074,9.509768498000085],[13.157051250000166,9.523766181000155],[13.082912732000182,9.561587595999981],[13.084824830000116,9.619968642]]]}},{"type":"Feature","properties":{"adm2_pcode":"NG002003","adm2_name":"Ganye","adm1_name":"Adamawa"},"geometry":{"type":"Polygon","coordinates":[[[12.274232150000046,8.445372655000028],[12.26914741800016,8.487166074000072],[12.291535109000051,8.58208460800006],[12.24982434300017,8.63815453300009],[12.158615582000095,8.651801692000106],[12.12300799000019,8.518426826000052],[12.057159182000078,8.47184908100013],[12.013234915000112,8.471354311000027],[11.996047735,8.475779147000026],[11.981667843000025,8.507601747000137],[12.016749730000072,8.57642482],[12.00665101800007,8.612798793000024],[11.948432603000128,8.657828673999973],[11.89106841400013,8.649628330000041],[11.85213951999998,8.623884339000085],[11.780157931000076,8.51423270500004],[11.651231971000072,8.426352480000048],[11.813866764000181,8.303262708000148],[12.039508373999979,8.21406160800018],[12.09378596200014,8.221321505000049],[12.134459016000108,8.247542009000028],[12.212350416999982,8.234902497000178],[12.252991034000047,8.253887192000036],[12.22588009000009,8.378256748000183],[12.240629573000035,8.434905107000077],[12.274232150000046,8.445372655000028]]]}},{"type":"Feature","properties":{"adm2_pcode":"NG002004","adm2_name":"Gombi","adm1_name":"Adamawa"},"geometry":{"type":"Polygon","coordinates":[[[12.729828457999986,10.313686075000021],[12.606018059000064,10.467631624999967],[12.564589415000057,10.452709212000116],[12.559620639000173,10.376506910000103],[12.507370815000115,10.342087602000106],[12.443598322000128,10.317062107000083],[12.295408791000114,10.308249737000153],[12.24897157800001,10.220250332000091],[12.174425166999981,10.175802156000032],[12.173281996000185,10.140116722000073],[12.210914205,10.078971846000115],[12.233513695000113,9.978627072999984],[12.270493613000042,9.96913717800004],[12.378873818000159,10.028161381000075],[12.465043029000185,10.016679175000036],[12.656445766000047,10.03497260600011],[12.741787596000052,10.104802818999985],[12.780605108000032,10.110618005000106],[12.772869433999972,10.300921324000171],[12.729828457999986,10.313686075000021]]]}},{"type":"Feature","properties":{"adm2_pcode":"NG002005","adm2_name":"Girei","adm1_name":"Adamawa"},"geometry":{"type":"Polygon","coordinates":[[[12.691948331999981,9.61159219600006],[12.549804904999974,9.590253579000148],[12.444688286000087,9.604920396000125],[12.340226654000105,9.573059020000017],[12.291356370000074,9.584058100999982],[12.27975578400003,9.61709672700016],[12.24928857100008,9.566990466000107],[12.296456109000076,9.482822081999984],[12.292505027000175,9.459261484000137],[12.401218537000034,9.326113847000158],[12.464028725999981,9.283475070000122],[12.503028358999984,9.2314896580001],[12.57084234500013,9.227822912000136],[12.606457514000056,9.242490442000133],[12.587568491000127,9.329329563000158],[12.612647302000084,9.365041463000182],[12.586370193999983,9.41753407800013],[12.646157262000031,9.50313180400019],[12.691948331999981,9.61159219600006]]]}},{"type":"Feature","properties":{"adm2_pcode":"NG002006","adm2_name":"Guyuk","adm1_name":"Adamawa"},"geometry":{"type":"Polygon","coordinates":[[[11.999241816000051,10.024606748000053],[11.843390308000153,10.0445900470001],[11.854986282000027,9.92710473],[11.836149890000058,9.858498680000025],[11.857850102000157,9.795519728000102],[11.774005977000172,9.708401097000035],[11.815261092000071,9.692539750000151],[11.834049231000051,9.643819534000102],[11.946012909999979,9.64976649700003],[11.958228269000074,9.723711650000041],[12.00375557700005,9.799074209000139],[11.99858550200014,9.888858839000022],[11.976682838000102,9.926598548000072],[11.999241816000051,10.024606748000053]]]}},{"type":"Feature","properties":{"adm2_pcode":"NG002007","adm2_name":"Hong","adm1_name":"Adamawa"},"geometry":{"type":"Polygon","coordinates":[[[13.240211133,10.497366474999978],[13.196705049000116,10.414173473000119],[13.052586610000105,10.459819264000089],[12.95855763200018,10.5481493260001],[12.875340318000099,10.573511331000077],[12.760800859000028,10.58292699499998],[12.72832454700017,10.568127360000176],[12.652495455000121,10.439009523000038],[12.612637035000034,10.44858059500001],[12.729828457999986,10.313686075000021],[12.772869433999972,10.300921324000171],[12.775197878000085,10.125832813000102],[12.797708219000185,10.056562184000143],[12.84834048100015,9.98274433500012],[12.898060275000148,9.962116325000068],[13.056936096000072,10.026335960000097],[13.109096430000022,10.129874913000037],[13.1292728090001,10.241735013000039],[13.219724879000125,10.222928760000173],[13.216719953000052,10.405900211000016],[13.240211133,10.497366474999978]]]}},{"type":"Feature","properties":{"adm2_pcode":"NG002008","adm2_name":"Jada","adm1_name":"Adamawa"},"geometry":{"type":"Polygon","coordinates":[[[12.821638017000055,8.947347821000108],[12.79040331300007,8.954241008000167],[12.752060756000105,8.89028428100005],[12.62312259200013,8.819772657000158],[12.446212360000061,8.763776517999986],[12.378004902000043,8.798140344000046],[12.227057830000035,8.956796198],[12.18264763400009,8.903506254000035],[12.05751543499997,8.822322046000124],[11.89106841400013,8.649628330000041],[11.948432603000128,8.657828673999973],[11.998989614000152,8.624001072000112],[12.016749730000072,8.57642482],[11.981667843000025,8.507601747000137],[11.996047735,8.475779147000026],[12.013234915000112,8.471354311000027],[12.057159182000078,8.47184908100013],[12.12300799000019,8.518426826000052],[12.158615582000095,8.651801692000106],[12.236947386999987,8.643409416000111],[12.291535109000051,8.58208460800006],[12.26914741800016,8.487166074000072],[12.274232150000046,8.445372655000028],[12.31236030600013,8.467419504000134],[12.386660175000031,8.450588181000114],[12.433420871000123,8.515938837000022],[12.47192098700009,8.615893243000073],[12.585140892000084,8.596214295000038],[12.645750105000161,8.64277354700016],[12.677057567000077,8.642773707000174],[12.712441655000191,8.689415060999977],[12.722412506000126,8.74833573300009],[12.790290825,8.75883097600007],[12.808708896999974,8.789677384000072],[12.78840691,8.85235872300018],[12.801589419000152,8.885493102],[12.790306463000093,8.91719415199998],[12.821638017000055,8.947347821000108]]]}},{"type":"Feature","properties":{"adm2_pcode":"NG002009","adm2_name":"Lamurde","adm1_name":"Adamawa"},"geometry":{"type":"Polygon","coordinates":[[[11.946012909999979,9.64976649700003],[11.834049231000051,9.643819534000102],[11.815261092000071,9.692539750000151],[11.774005977000172,9.708401097000035],[11.61511705300012,9.615296416000149],[11.468048048000071,9.598470415000179],[11.42959874799999,9.549625590000062],[11.497427261000041,9.440506904000017],[11.543547907000118,9.40036135300005],[11.740719025000033,9.490297495999982],[11.83103253000013,9.506193022000161],[11.946728419000124,9.486632297000028],[11.962990933000128,9.511756790999982],[11.970144246000189,9.60203453500003],[11.946012909999979,9.64976649700003]]]}},{"type":"Feature","properties":{"adm2_pcode":"NG002010","adm2_name":"Madagali","adm1_name":"Adamawa"},"geometry":{"type":"Polygon","coordinates":[[[13.692224932000101,10.94558355800001],[13.577307328000074,10.948335811000106],[13.502311979000012,10.88832037100002],[13.450349273000143,10.872410664000029],[13.380606548000173,10.89908095900006],[13.345744236000087,10.930559373000108],[13.322958946000085,10.75898647300005],[13.335378778000063,10.72469744100016],[13.42303482400007,10.71107632800016],[13.542435154000088,10.645870904000162],[13.588342266999973,10.69303798600015],[13.61093123,10.774358845000052],[13.671599468000124,10.854387969000186],[13.692224932000101,10.94558355800001]]]}},{"type":"Feature","properties":{"adm2_pcode":"NG002011","adm2_name":"Maiha","adm1_name":"Adamawa"},"geometry":{"type":"Polygon","coordinates":[[[13.282841502000053,10.061382546000175],[13.206632062000153,10.126526895000154],[13.18775359099999,10.120812544000103],[13.173006608000094,10.176877200000149],[13.124587362000113,10.230792768000185],[13.109096430000022,10.129874913000037],[13.064935245000129,10.052210757000068],[13.042725095000094,9.957379426000102],[13.05866990200019,9.845361688000025],[13.092070234000062,9.77446645700013],[13.082912732000182,9.561587595999981],[13.157051250000166,9.523766181000155],[13.22013749000007,9.542462120000096],[13.235149045000014,9.568817189000185],[13.264841252000167,9.751300785000069],[13.297201112000153,9.796671175000085],[13.288660518000142,9.817874802000063],[13.23745913200014,9.84498239100003],[13.225412529000039,9.88757812],[13.269946132000143,9.928122089000055],[13.282792600999983,9.962494372000037],[13.247355403000142,10.013646117000064],[13.282841502000053,10.061382546000175]]]}},{"type":"Feature","properties":{"adm2_pcode":"NG002012","adm2_name":"Mayo-Belwa","adm1_name":"Adamawa"},"geometry":{"type":"Polygon","coordinates":[[[12.114909357000045,9.24030717900007],[12.016573792000088,9.273862695],[11.954314948,9.242560820000108],[11.913963079000041,9.178695429000072],[11.741894758000058,9.186152866999976],[11.683629174000032,9.23406103800005],[11.700067774,9.210051502],[11.694935874000123,9.106829565000055],[11.706756539000025,9.074490775000015],[11.791758598000058,9.019927208000126],[11.85649393400007,9.002615994000053],[11.898961989000156,8.925860625000041],[11.899802061,8.857208037000134],[11.861358647000145,8.803520306000053],[11.780635127000153,8.617206631000045],[11.79640406700014,8.546234050000123],[11.845178744000123,8.617035790000045],[11.915902160000144,8.669526],[12.05751543499997,8.822322046000124],[12.18264763400009,8.903506254000035],[12.22554148100005,8.948904281000125],[12.229971530000057,8.982723847000045],[12.157478134000144,9.030392476000031],[12.05903733000008,9.018243173000144],[12.070598481000161,9.063087971000186],[12.194932324000092,9.108201822000126],[12.215712460000077,9.238799190000066],[12.113821949000112,9.171013707000043],[12.066883278000148,9.188547591000088],[12.114909357000045,9.24030717900007]]]}},{"type":"Feature","properties":{"adm2_pcode":"NG002013","adm2_name":"Michika","adm1_name":"Adamawa"},"geometry":{"type":"Polygon","coordinates":[[[13.542458164000038,10.645924597999965],[13.42303482400007,10.71107632800016],[13.349271702000124,10.715725149000093],[13.322945272000027,10.756104108000045],[13.237200809000171,10.58453548500006],[13.241672054,10.50216100700004],[13.349293574000114,10.505554701000165],[13.419703046000109,10.438019446000055],[13.475311487000113,10.40966379800011],[13.521256590000178,10.415479075000178],[13.524617824000075,10.455089968000095],[13.555170678000081,10.508790283],[13.530686149000076,10.584610788000134],[13.542458164000038,10.645924597999965]]]}},{"type":"Feature","properties":{"adm2_pcode":"NG002014","adm2_name":"Mubi North","adm1_name":"Adamawa"},"geometry":{"type":"Polygon","coordinates":[[[13.521256590000178,10.415479075000178],[13.475311487000113,10.40966379800011],[13.419703046000109,10.438019446000055],[13.349293574000114,10.505554701000165],[13.241672054,10.50216100700004],[13.216719953000052,10.405900211000016],[13.222119634000137,10.28169500600012],[13.264844767,10.263384955999982],[13.351874117000023,10.263134943000182],[13.444350847000123,10.232027631000108],[13.469702374000121,10.209332962000076],[13.48585642900008,10.218170332000113],[13.509388233000038,10.309670495000148],[13.521256590000178,10.415479075000178]]]}},{"type":"Feature","properties":{"adm2_pcode":"NG002015","adm2_name":"Mubi South","adm1_name":"Adamawa"},"geometry":{"type":"Polygon","coordinates":[[[13.469702374000121,10.209332962000076],[13.444350847000123,10.232027631000108],[13.351874117000023,10.263134943000182],[13.264844767,10.263384955999982],[13.222119634000137,10.28169500600012],[13.219724879000125,10.222928760000173],[13.19401904200015,10.218986399000016],[13.143836804000102,10.246652110000184],[13.124587362000113,10.230792768000185],[13.173006608000094,10.176877200000149],[13.18775359099999,10.120812544000103],[13.206632062000153,10.126526895000154],[13.282841502000053,10.061382546000175],[13.328522490000125,10.110729777000131],[13.428256552000107,10.123521714000105],[13.469702374000121,10.209332962000076]]]}},{"type":"Feature","properties":{"adm2_pcode":"NG002016","adm2_name":"Numan","adm1_name":"Adamawa"},"geometry":{"type":"Polygon","coordinates":[[[11.670535408000035,9.25310979],[11.802951048000125,9.336855747000072],[11.855121796000049,9.412451568000051],[11.899143365000043,9.429544493000094],[12.03805268200017,9.438527934000092],[12.07094071900002,9.646490965000055],[12.048517090000189,9.632692691000045],[11.958058183,9.642012540000167],[11.970144246000189,9.60203453500003],[11.962990933000128,9.511756790999982],[11.938615712000114,9.482071089000158],[11.856469071000049,9.50388891200015],[11.78008858100003,9.498251798000183],[11.675183186000027,9.469705739],[11.53452853300007,9.403206569000133],[11.557318930000065,9.380875672000116],[11.596256451000102,9.379207480000105],[11.670535408000035,9.25310979]]]}},{"type":"Feature","properties":{"adm2_pcode":"NG002017","adm2_name":"Shelleng","adm1_name":"Adamawa"},"geometry":{"type":"Polygon","coordinates":[[[12.233513695000113,9.978627072999984],[12.171585972000173,10.17208849800005],[12.109047634000092,10.114513518000138],[12.090157810000164,10.05156028500005],[12.013650779000045,10.052877716000069],[11.976698014000135,9.933455684000023],[11.99858550200014,9.888858839000022],[12.00375557700005,9.799074209000139],[11.958228269000074,9.723711650000041],[11.946012909999979,9.64976649700003],[12.048517090000189,9.632692691000045],[12.07094071900002,9.646490965000055],[12.251540998000166,9.665712441999972],[12.142065442000103,9.804270872000131],[12.212106651000113,9.871122097000125],[12.233513695000113,9.978627072999984]]]}},{"type":"Feature","properties":{"adm2_pcode":"NG002018","adm2_name":"Song","adm1_name":"Adamawa"},"geometry":{"type":"Polygon","coordinates":[[[13.056936096000072,10.026335960000097],[12.891113464000057,9.960981333000177],[12.840258987000084,9.991896396000016],[12.780605108000032,10.110618005000106],[12.741787596000052,10.104802818999985],[12.656445766000047,10.03497260600011],[12.465043029000185,10.016679175000036],[12.378873818000159,10.028161381000075],[12.270493613000042,9.96913717800004],[12.233565102,9.979172215000176],[12.212106651000113,9.871122097000125],[12.142065442000103,9.804270872000131],[12.25846754100013,9.65770506500013],[12.291356370000074,9.584058100999982],[12.316827450000119,9.575381989000107],[12.459973504,9.606495827],[12.549804904999974,9.590253579000148],[12.691948331999981,9.61159219600006],[12.83634660100006,9.678013288000102],[12.914317469000025,9.690066676000129],[12.954837083000086,9.729392108000013],[13.084824830000116,9.619968642],[13.092070234000062,9.77446645700013],[13.05866990200019,9.845361688000025],[13.042725095000094,9.957379426000102],[13.056936096000072,10.026335960000097]]]}},{"type":"Feature","properties":{"adm2_pcode":"NG002019","adm2_name":"Toungo","adm1_name":"Adamawa"},"geometry":{"type":"Polygon","coordinates":[[[12.252991034000047,8.253887192000036],[12.212350416999982,8.234902497000178],[12.134459016000108,8.247542009000028],[12.074810994000075,8.21633902700006],[12.00428380600016,8.221206377000101],[11.813866764000181,8.303262708000148],[11.651231971000072,8.426352480000048],[11.522986140000114,8.215049875000147],[11.346257031,8.041541181000127],[11.354289814000026,8.026648619000184],[11.341521140000111,8.01866827400005],[11.411566558000175,7.898370870000065],[11.48981375500017,7.799793747000024],[11.514193791000139,7.815756257000032],[11.544662305000145,7.896922236000137],[11.57826787800002,7.905998684000053],[11.63600043700012,7.876118058999964],[11.687712471000111,7.795908385000075],[11.74765862300012,7.744284256000185],[11.771598905000133,7.665281681000181],[11.77193523600016,7.487935567000079],[11.853993262000074,7.378666047000024],[11.956153820999987,7.492998565000164],[12.039566729000114,7.522837178000145],[12.019222239999976,7.651686554000037],[12.041601369000091,7.729674434000174],[12.097209931,7.838178663000065],[12.154852786000163,7.889040002000058],[12.220633428000099,7.988050498000177],[12.206271048000133,8.090322532000187],[12.257253126000137,8.171830236000062],[12.252991034000047,8.253887192000036]]]}},{"type":"Feature","properties":{"adm2_pcode":"NG002020","adm2_name":"Yola North","adm1_name":"Adamawa"},"geometry":{"type":"Polygon","coordinates":[[[12.482119040000043,9.249651234],[12.460681636000174,9.286523066000086],[12.417569464000167,9.307285188000037],[12.402262809000149,9.263072559000022],[12.419976029000054,9.22383486300015],[12.465783902999988,9.218611475000102],[12.482119040000043,9.249651234]]]}},{"type":"Feature","properties":{"adm2_pcode":"NG002021","adm2_name":"Yola South","adm1_name":"Adamawa"},"geometry":{"type":"Polygon","coordinates":[[[12.292505027000175,9.459261484000137],[12.112050276,9.33250504300014],[12.113636594000184,9.23338952100005],[12.066883278000148,9.188547591000088],[12.113821949000112,9.171013707000043],[12.263336026000161,9.261128574],[12.316532084000187,9.241638936000186],[12.421014630000116,9.114562468000088],[12.555671888,9.09940122300003],[12.592696797000087,9.143803199],[12.606457514000056,9.242490442000133],[12.548545940000167,9.22602698300011],[12.503028358999984,9.2314896580001],[12.482058767000126,9.249704301000065],[12.465783902999988,9.218611475000102],[12.419976029000054,9.22383486300015],[12.402430742999968,9.281023872],[12.421616545000063,9.31009864500004],[12.292505027000175,9.459261484000137]]]}},{"type":"Feature","properties":{"adm2_pcode":"NG003001","adm2_name":"Abak","adm1_name":"Akwa Ibom"},"geometry":{"type":"Polygon","coordinates":[[[7.811244428,5.094526523000184],[7.787096937000172,5.120115157000157],[7.755210603000137,5.071847938000019],[7.716461745,5.073864942000114],[7.712862590000043,5.045791482000084],[7.680326088000186,5.048735130000068],[7.702004018000082,5.00216201700016],[7.768097115000046,5.003065788000072],[7.789014819000045,4.95682633600012],[7.78138044200017,4.919661503000043],[7.794308190999971,4.888054845000056],[7.832745271000078,5.00148581100018],[7.811244428,5.094526523000184]]]}},{"type":"Feature","properties":{"adm2_pcode":"NG003002","adm2_name":"Eastern Obolo","adm1_name":"Akwa Ibom"},"geometry":{"type":"Polygon","coordinates":[[[7.81402588900005,4.555246835000105],[7.678607862000149,4.52929114900013],[7.677569576,4.549957267000138],[7.609239256000137,4.528152959000124],[7.623761172000172,4.509223914000074],[7.592803948000096,4.520996129000025],[7.568478177000031,4.507408146000103],[7.597398291000161,4.464844716000187],[7.696644937000144,4.502888223000127],[7.824886114000037,4.522970227000087],[7.81402588900005,4.555246835000105]]]}},{"type":"Feature","properties":{"adm2_pcode":"NG003003","adm2_name":"Eket","adm1_name":"Akwa Ibom"},"geometry":{"type":"Polygon","coordinates":[[[8.022169261000101,4.69251298100005],[7.986157109000089,4.68125583200009],[7.971663002000184,4.697299028000032],[7.946607973000027,4.679781917000071],[7.884892004000051,4.716220866000128],[7.893778618000056,4.687435132000132],[7.880947827000114,4.651548901000183],[7.915458260000094,4.640861992999987],[7.907074758000135,4.618863087000022],[7.928461937000179,4.60172084200002],[7.889473831000146,4.601406091000172],[7.896824106000167,4.554140104000112],[8.00835115500007,4.582744123000111],[7.998692926000047,4.644303316000105],[8.019617529000186,4.660772042000076],[8.022169261000101,4.69251298100005]]]}},{"type":"Feature","properties":{"adm2_pcode":"NG003004","adm2_name":"Esit - Eket","adm1_name":"Akwa Ibom"},"geometry":{"type":"Polygon","coordinates":[[[8.147451511999975,4.66409107800007],[8.067934140000148,4.703270887000031],[8.022169261000101,4.69251298100005],[8.019617529000186,4.660772042000076],[7.998692926000047,4.644303316000105],[8.01004869100018,4.585065843000166],[8.15036501200018,4.601781850000123],[8.147451511999975,4.66409107800007]]]}},{"type":"Feature","properties":{"adm2_pcode":"NG003005","adm2_name":"Essien Udim","adm1_name":"Akwa Ibom"},"geometry":{"type":"Polygon","coordinates":[[[7.764188617000116,5.149259074000042],[7.735704636000094,5.13055990700019],[7.664914359000022,5.157114018000186],[7.650907258000018,5.181818027000077],[7.585023142000011,5.176091186000065],[7.530807087000085,5.150259029000097],[7.546906724,5.088057081000102],[7.616105050000158,5.048792824000088],[7.62613304600012,5.020594145000075],[7.6939339380001,5.05480269100002],[7.712862590000043,5.045791482000084],[7.716461745,5.073864942000114],[7.755210603000137,5.071847938000019],[7.787096937000172,5.120115157000157],[7.764188617000116,5.149259074000042]]]}},{"type":"Feature","properties":{"adm2_pcode":"NG003006","adm2_name":"Etim Ekpo","adm1_name":"Akwa Ibom"},"geometry":{"type":"Polygon","coordinates":[[[7.680966636000051,5.041913339000075],[7.655724129000077,5.043342094000081],[7.62613304600012,5.020594145000075],[7.617847719000167,5.046498746000168],[7.53218483600017,4.954040981000105],[7.491546117000041,4.946785956000156],[7.477131710000151,4.908759560000135],[7.491219,4.864252123000028],[7.574135903000126,4.944568177000065],[7.633581086000163,4.963517182000032],[7.660419170000125,4.938580804000026],[7.695875089000026,4.946206922000044],[7.770640975,4.992987117000041],[7.762612097000044,5.005569016000038],[7.702004018000082,5.00216201700016],[7.680966636000051,5.041913339000075]]]}},{"type":"Feature","properties":{"adm2_pcode":"NG003007","adm2_name":"Etinan","adm1_name":"Akwa Ibom"},"geometry":{"type":"Polygon","coordinates":[[[7.882976732000031,4.793542861000162],[7.86788065200011,4.812467071000071],[7.875191258000143,4.884668828000088],[7.845496200000014,4.98773815900006],[7.827045802000043,4.940262753000184],[7.832189929000151,4.884321227000044],[7.807025180000153,4.877768988000128],[7.820080033000011,4.833435053000187],[7.800488839000138,4.785373187000062],[7.810078222000186,4.722420376000059],[7.844796570000028,4.703961409000158],[7.884353166000039,4.72115315800005],[7.882976732000031,4.793542861000162]]]}},{"type":"Feature","properties":{"adm2_pcode":"NG003008","adm2_name":"Ibeno","adm1_name":"Akwa Ibom"},"geometry":{"type":"Polygon","coordinates":[[[8.24842045600019,4.565990160000069],[8.218002106000085,4.604061165000132],[8.162387809000109,4.603610966000076],[7.987682780000114,4.585462095000082],[7.896824106000167,4.554140104000112],[7.81402588900005,4.555246835000105],[7.824886114000037,4.522970227000087],[8.166639282000062,4.54610298800003],[8.27985106000017,4.533409119000169],[8.29752919900011,4.5716876890001],[8.276936660000104,4.558941821000133],[8.22924209100006,4.566596031000188],[8.24842045600019,4.565990160000069]]]}},{"type":"Feature","properties":{"adm2_pcode":"NG003009","adm2_name":"Ibesikpo Asutan","adm1_name":"Akwa Ibom"},"geometry":{"type":"Polygon","coordinates":[[[7.993620744000111,4.968735255000013],[7.957248227000036,4.993834944000128],[7.882638178000093,5.000734775000183],[7.914888341000108,4.932047174000161],[7.947037138000098,4.790965420000134],[7.961070992999964,4.835728014000097],[8.021723571,4.852922580000097],[7.993620744000111,4.968735255000013]]]}},{"type":"Feature","properties":{"adm2_pcode":"NG003010","adm2_name":"Ibiono Ibom","adm1_name":"Akwa Ibom"},"geometry":{"type":"Polygon","coordinates":[[[7.880370181000103,5.366795550000177],[7.837852178000105,5.353009218000068],[7.805801785000085,5.289264216000163],[7.843459922000136,5.250321843999984],[7.834258020999982,5.137704860999975],[7.850689755000133,5.09974622600015],[7.847675819000131,5.031122788000175],[7.914464053000188,5.08698700400015],[7.927192390000016,5.133261240000138],[7.963508248000096,5.171646096000131],[7.954127866000078,5.192347977000168],[7.969827719000136,5.220265383000083],[7.912880998,5.303979913000148],[7.862885050000102,5.315118816000108],[7.840874420999967,5.337450964000084],[7.901671694000186,5.33563287100003],[7.880370181000103,5.366795550000177]]]}},{"type":"Feature","properties":{"adm2_pcode":"NG003011","adm2_name":"Ika","adm1_name":"Akwa Ibom"},"geometry":{"type":"Polygon","coordinates":[[[7.617847719000167,5.046498746000168],[7.546906724,5.088057081000102],[7.518901964000122,5.053178801000172],[7.528949023,5.038576639000041],[7.509670261000053,5.034508663000111],[7.506365534999986,5.01327805],[7.471143247000157,4.995911145000036],[7.462582020000127,4.973333267000157],[7.491546117000041,4.946785956000156],[7.520780811000066,4.947599865000086],[7.617847719000167,5.046498746000168]]]}},{"type":"Feature","properties":{"adm2_pcode":"NG003012","adm2_name":"Ikono","adm1_name":"Akwa Ibom"},"geometry":{"type":"Polygon","coordinates":[[[7.807320319000155,5.294784402000175],[7.771202609000113,5.290318573999969],[7.763119729000152,5.317865125000026],[7.742873505000034,5.323310608000043],[7.68597797700005,5.287718789999985],[7.679185346000111,5.298054147000073],[7.67837204000017,5.273700568000095],[7.688136527000097,5.259782750000113],[7.703355785000099,5.26996798000016],[7.751563854000096,5.208025022000129],[7.751432134000083,5.16358420600011],[7.806795522000129,5.094912788999977],[7.82075934,5.09871834400019],[7.845483700000045,5.031360376000123],[7.850689755000133,5.09974622600015],[7.834258020999982,5.137704860999975],[7.844072710000034,5.246286792000092],[7.807320319000155,5.294784402000175]]]}},{"type":"Feature","properties":{"adm2_pcode":"NG003013","adm2_name":"Ikot Abasi","adm1_name":"Akwa Ibom"},"geometry":{"type":"Polygon","coordinates":[[[7.680856257000073,4.543918005000137],[7.717278449999981,4.580992416000186],[7.703162980000059,4.649781417000099],[7.712406086999977,4.705593116999978],[7.683699297000146,4.709401125000113],[7.631369334000112,4.666845802000068],[7.583254054,4.661839944000121],[7.549431574000039,4.660990245000107],[7.525622435000116,4.690816869000059],[7.519696512000166,4.631034365000062],[7.545081370000162,4.579576994000149],[7.523956079000072,4.550619614000141],[7.552378161000036,4.514445286000068],[7.595886137000093,4.521008027000107],[7.615874758000075,4.506283272000076],[7.627155775000119,4.513868790000117],[7.605833072000053,4.524662013000125],[7.624053905000153,4.537507042000016],[7.680856257000073,4.543918005000137]]]}},{"type":"Feature","properties":{"adm2_pcode":"NG003014","adm2_name":"Ikot Ekpene","adm1_name":"Akwa Ibom"},"geometry":{"type":"Polygon","coordinates":[[[7.764188617000116,5.149259074000042],[7.746741827000051,5.173934945000099],[7.751563854000096,5.208025022000129],[7.703355785000099,5.26996798000016],[7.661128949000158,5.249425933000055],[7.656250111000077,5.163392042000055],[7.735704636000094,5.13055990700019],[7.764188617000116,5.149259074000042]]]}},{"type":"Feature","properties":{"adm2_pcode":"NG003015","adm2_name":"Ini","adm1_name":"Akwa Ibom"},"geometry":{"type":"Polygon","coordinates":[[[7.876112163000016,5.368900774999986],[7.863560922999966,5.420166014000017],[7.809012097000164,5.427803955000059],[7.757159108000167,5.510495210000045],[7.710626057000184,5.519352895000111],[7.690116944000067,5.50591276200015],[7.70468022200015,5.482944983000039],[7.700030002000176,5.431541007000021],[7.656886173000089,5.445620954000105],[7.623682737000138,5.382443912000099],[7.677594726000166,5.381216414000164],[7.658549109000035,5.335977016000186],[7.68597797700005,5.287718789999985],[7.750363230000062,5.323837778000154],[7.771202609000113,5.290318573999969],[7.807320319000155,5.294784402000175],[7.837852178000105,5.353009218000068],[7.876112163000016,5.368900774999986]]]}},{"type":"Feature","properties":{"adm2_pcode":"NG003016","adm2_name":"Itu","adm1_name":"Akwa Ibom"},"geometry":{"type":"Polygon","coordinates":[[[8.069683288000078,5.135974906000115],[8.072605081000177,5.18535486900015],[8.034794792000184,5.243249978000165],[8.016752377000103,5.246951104000175],[7.992694983000149,5.206701739000152],[7.969827719000136,5.220265383000083],[7.957459223000114,5.203341060000184],[7.962384081000096,5.169329172000118],[7.871808994000048,5.041048095000065],[7.88885093100015,5.030247859000156],[7.911443297000176,5.044830785999977],[7.940265355000179,5.087194916000101],[8.008607880000056,5.133918735000066],[8.069683288000078,5.135974906000115]]]}},{"type":"Feature","properties":{"adm2_pcode":"NG003017","adm2_name":"Mbo","adm1_name":"Akwa Ibom"},"geometry":{"type":"MultiPolygon","coordinates":[[[[8.218002106000085,4.604061165000132],[8.259376476,4.576562867000064],[8.263658276000115,4.570381624000106],[8.277811779000103,4.583754072999966],[8.252611417000082,4.584390651000092],[8.263588007000067,4.601883869000119],[8.232180554000138,4.606908827000041],[8.264685857000131,4.603674373000104],[8.293800471000168,4.576908121000031],[8.30767420400008,4.592756251000026],[8.303766517000156,4.616822239000101],[8.296486600000094,4.607728462000068],[8.287264607999987,4.605783919000032],[8.284228394000138,4.609217171000068],[8.302522577000104,4.61874582400003],[8.318920148000132,4.613826319000054],[8.318414632000042,4.624624270000027],[8.328399768000054,4.642972641000028],[8.308045419000166,4.675159465999968],[8.295500074000188,4.681049836999989],[8.299921005000158,4.674730293000096],[8.285479296000062,4.66603472200012],[8.290585274000136,4.661505192000163],[8.290178565000133,4.658477795000067],[8.28550159100007,4.655992525000102],[8.276540551999972,4.660238731000106],[8.281795309000188,4.650619499000186],[8.270237242000178,4.646331358],[8.275437347000093,4.661336902000073],[8.298263477000148,4.676790709000045],[8.267952967999975,4.682644405000133],[8.273083898000152,4.666834815000129],[8.259969463000175,4.680564393000168],[8.243210928000053,4.661545294000121],[8.224488307000058,4.658754839000039],[8.226318193000111,4.641150013000015],[8.220633336,4.657920847000128],[8.227920439000172,4.663438820000124],[8.21041307000013,4.670830212000055],[8.151649212000052,4.645656092000081],[8.15036501200018,4.601781850000123],[8.218002106000085,4.604061165000132]]],[[[8.20664108000011,4.673179317000177],[8.212450795000052,4.682802696000181],[8.222806117000118,4.671544576000031],[8.222906801000079,4.687227236000183],[8.225154015000044,4.668522806000112],[8.241827137000087,4.66429379300007],[8.255009745000109,4.681379326000183],[8.282672705000152,4.689552803000083],[8.308033183000077,4.681075117000148],[8.320469176000074,4.661840449000124],[8.323813187999974,4.707244409],[8.31594467900004,4.716032958000028],[8.310440221000079,4.713683102000118],[8.304512242000158,4.71656032900006],[8.296403882,4.708427458000131],[8.284422903000177,4.707852831000082],[8.277686279000022,4.715993382000136],[8.295299731000057,4.709388267000122],[8.29625024500018,4.715580948000138],[8.305745884000089,4.718763833000139],[8.310985398000184,4.716435930000159],[8.303631129000166,4.733638788000121],[8.271328714000049,4.719343207000122],[8.243676402000062,4.732394182000178],[8.19370351800012,4.72452945800012],[8.20664108000011,4.673179317000177]]],[[[8.322363040000084,4.61369559700006],[8.30915261500013,4.609267205000094],[8.315396528000122,4.587543949000064],[8.33976575700018,4.589792747000104],[8.332229744000017,4.636551378000149],[8.322363040000084,4.61369559700006]]],[[[8.294634984000027,4.573058138000079],[8.274243465999973,4.578657147000172],[8.254658236000068,4.563144605000048],[8.276936660000104,4.558941821000133],[8.294634984000027,4.573058138000079]]],[[[8.243936237000128,4.573233798000047],[8.258980922000148,4.568446170000016],[8.25869173000001,4.574773298000082],[8.243936237000128,4.573233798000047]]]]}},{"type":"Feature","properties":{"adm2_pcode":"NG003018","adm2_name":"Mkpat Enin","adm1_name":"Akwa Ibom"},"geometry":{"type":"Polygon","coordinates":[[[7.807025180000153,4.877768988000128],[7.734348000000125,4.805615885000066],[7.731860218000179,4.767505195000126],[7.683663882000133,4.712862969000014],[7.717640606000145,4.698132061000138],[7.703162980000059,4.649781417000099],[7.717278449999981,4.580992416000186],[7.678607862000149,4.52929114900013],[7.810712675000161,4.564408781000054],[7.799973889000171,4.620754338000097],[7.836221203999969,4.651763903000187],[7.793632556000148,4.689200171000039],[7.80880879900019,4.698291756000117],[7.800488839000138,4.785373187000062],[7.820103167000184,4.831126244000018],[7.807025180000153,4.877768988000128]]]}},{"type":"Feature","properties":{"adm2_pcode":"NG003019","adm2_name":"Nsit Atai","adm1_name":"Akwa Ibom"},"geometry":{"type":"Polygon","coordinates":[[[8.089216227000065,4.869660845999988],[8.066597225000123,4.895450120000078],[8.016050121999967,4.904274903000044],[8.00652230500009,4.875478554000154],[8.021723571,4.852922580000097],[7.974884854000095,4.834684863000064],[7.984048812000026,4.793524120000086],[8.05043509300009,4.733140950000177],[8.078824430000054,4.79745641400001],[8.05007926900015,4.826635877],[8.089216227000065,4.869660845999988]]]}},{"type":"Feature","properties":{"adm2_pcode":"NG003020","adm2_name":"Nsit Ibom","adm1_name":"Akwa Ibom"},"geometry":{"type":"Polygon","coordinates":[[[7.914888341000108,4.932047174000161],[7.867031056000144,5.013306121000142],[7.845496200000014,4.98773815900006],[7.875191258000143,4.884668828000088],[7.86788065200011,4.812467071000071],[7.882976732000031,4.793542861000162],[7.909718093000038,4.814536078000117],[7.93916049000012,4.81385947299998],[7.914888341000108,4.932047174000161]]]}},{"type":"Feature","properties":{"adm2_pcode":"NG003021","adm2_name":"Nsit Ubium","adm1_name":"Akwa Ibom"},"geometry":{"type":"Polygon","coordinates":[[[7.974884854000095,4.834684863000064],[7.961070992999964,4.835728014000097],[7.951913856000033,4.79261520600005],[7.921155726000052,4.817513929000029],[7.882976732000031,4.793542861000162],[7.884892004000051,4.716220866000128],[7.946607973000027,4.679781917000071],[7.971663002000184,4.697299028000032],[7.986157109000089,4.68125583200009],[8.067934140000148,4.703270887000031],[7.984048812000026,4.793524120000086],[7.974884854000095,4.834684863000064]]]}},{"type":"Feature","properties":{"adm2_pcode":"NG003022","adm2_name":"Obot Akara","adm1_name":"Akwa Ibom"},"geometry":{"type":"Polygon","coordinates":[[[7.688136527000097,5.259782750000113],[7.658549109000035,5.335977016000186],[7.537848226000108,5.307299158000035],[7.553099265000185,5.272792826000114],[7.530807087000085,5.150259029000097],[7.585023142000011,5.176091186000065],[7.650907258000018,5.181818027000077],[7.659999828000082,5.247684978000109],[7.688136527000097,5.259782750000113]]]}},{"type":"Feature","properties":{"adm2_pcode":"NG003023","adm2_name":"Okobo","adm1_name":"Akwa Ibom"},"geometry":{"type":"Polygon","coordinates":[[[8.240281275000086,4.854086426000151],[8.20735764699998,4.908302289000062],[8.153121180000142,4.93852807899998],[8.05007926900015,4.826635877],[8.078824430000054,4.79745641400001],[8.050848227000188,4.749304748000156],[8.055772974000035,4.715292912999985],[8.092146094999976,4.690193169000167],[8.136821921000035,4.752884834000042],[8.180275844,4.765356061000148],[8.204859726000166,4.832103546000042],[8.240281275000086,4.854086426000151]]]}},{"type":"Feature","properties":{"adm2_pcode":"NG003024","adm2_name":"Onna","adm1_name":"Akwa Ibom"},"geometry":{"type":"Polygon","coordinates":[[[7.884353166000039,4.72115315800005],[7.844796570000028,4.703961409000158],[7.810078222000186,4.722420376000059],[7.808263919000069,4.695402191000028],[7.793632556000148,4.689200171000039],[7.836221203999969,4.651763903000187],[7.799973889000171,4.620754338000097],[7.81402588900005,4.555246835000105],[7.896824106000167,4.554140104000112],[7.889473831000146,4.601406091000172],[7.927343087000168,4.598825927000064],[7.907074758000135,4.618863087000022],[7.915458260000094,4.640861992999987],[7.880947827000114,4.651548901000183],[7.893778618000056,4.687435132000132],[7.884353166000039,4.72115315800005]]]}},{"type":"Feature","properties":{"adm2_pcode":"NG003025","adm2_name":"Oron","adm1_name":"Akwa Ibom"},"geometry":{"type":"Polygon","coordinates":[[[8.266182910000111,4.835324752000133],[8.240281275000086,4.854086426000151],[8.204859726000166,4.832103546000042],[8.191404485000021,4.799498095000104],[8.219716236000181,4.777794800000038],[8.283911232000037,4.779630167000107],[8.252440406000062,4.814089406000107],[8.266182910000111,4.835324752000133]]]}},{"type":"Feature","properties":{"adm2_pcode":"NG003026","adm2_name":"Oruk Anam","adm1_name":"Akwa Ibom"},"geometry":{"type":"Polygon","coordinates":[[[7.794308190999971,4.888054845000056],[7.770640975,4.992987117000041],[7.702796846000126,4.948964311],[7.666231617000108,4.946686566000096],[7.649114745000134,4.838002032000134],[7.633763362000138,4.825908858000162],[7.569030860000055,4.829672481999978],[7.521463563000111,4.788544146000163],[7.523907441000119,4.753246819000083],[7.547098214000073,4.726191008000114],[7.527896955000188,4.693136226000036],[7.549431574000039,4.660990245000107],[7.631369334000112,4.666845802000068],[7.672988037000096,4.690845019999983],[7.794308190999971,4.888054845000056]]]}},{"type":"Feature","properties":{"adm2_pcode":"NG003027","adm2_name":"Udung Uko","adm1_name":"Akwa Ibom"},"geometry":{"type":"Polygon","coordinates":[[[8.303631129000166,4.733638788000121],[8.29797338200018,4.745849111000098],[8.315100457000028,4.724147839000068],[8.31752700700008,4.748227144000168],[8.283911232000037,4.779630167000107],[8.221385057000134,4.777455448000183],[8.21192572000001,4.762191287000121],[8.216232639000168,4.726568453000027],[8.271328714000049,4.719343207000122],[8.303631129000166,4.733638788000121]]]}},{"type":"Feature","properties":{"adm2_pcode":"NG003028","adm2_name":"Ukanafun","adm1_name":"Akwa Ibom"},"geometry":{"type":"Polygon","coordinates":[[[7.660419170000125,4.938580804000026],[7.636448111000163,4.963540065000075],[7.574135903000126,4.944568177000065],[7.495839840000144,4.860826],[7.492273965000038,4.815780181000093],[7.521463563000111,4.788544146000163],[7.579850265000061,4.833440217000089],[7.633763362000138,4.825908858000162],[7.658013457000095,4.86067397],[7.660419170000125,4.938580804000026]]]}},{"type":"Feature","properties":{"adm2_pcode":"NG003029","adm2_name":"Uruan","adm1_name":"Akwa Ibom"},"geometry":{"type":"Polygon","coordinates":[[[8.153121180000142,4.93852807899998],[8.10261624500015,5.023776013000088],[8.09928607,5.107050437999987],[8.069683288000078,5.135974906000115],[8.008607880000056,5.133918735000066],[7.932318390000148,5.079051043000163],[7.99265180500015,5.066264162000039],[8.03452397500007,5.007156840000164],[8.026192758000036,4.979962820000026],[7.993620744000111,4.968735255000013],[8.006238384000142,4.900453110000115],[8.066597225000123,4.895450120000078],[8.089216227000065,4.869660845999988],[8.153121180000142,4.93852807899998]]]}},{"type":"Feature","properties":{"adm2_pcode":"NG003030","adm2_name":"Urue-Offong/Oruko","adm1_name":"Akwa Ibom"},"geometry":{"type":"Polygon","coordinates":[[[8.221385057000134,4.777455448000183],[8.191404485000021,4.799498095000104],[8.180275844,4.765356061000148],[8.136821921000035,4.752884834000042],[8.092146094999976,4.690193169000167],[8.138759337000124,4.673254982000117],[8.151649212000052,4.645656092000081],[8.177161035000154,4.664788030000182],[8.198729916000161,4.657475289000047],[8.20985274100019,4.688102762000142],[8.190059061999989,4.717160567000178],[8.216232639000168,4.726568453000027],[8.221385057000134,4.777455448000183]]]}},{"type":"Feature","properties":{"adm2_pcode":"NG003031","adm2_name":"Uyo","adm1_name":"Akwa Ibom"},"geometry":{"type":"Polygon","coordinates":[[[7.845483700000045,5.031360376000123],[7.817581494000137,5.099304811000138],[7.810229001000096,5.074602133000099],[7.832745271000078,5.00148581100018],[7.80128025800019,4.878877208000176],[7.832189929000151,4.884321227000044],[7.827596972000151,4.94257595800002],[7.867031056000144,5.013306121000142],[7.957248227000036,4.993834944000128],[7.993620744000111,4.968735255000013],[8.034632613000156,4.996191947],[7.99496228400011,5.064550889000145],[7.932318390000148,5.079051043000163],[7.88885093100015,5.030247859000156],[7.879811473000018,5.041342788000065],[7.845483700000045,5.031360376000123]]]}},{"type":"Feature","properties":{"adm2_pcode":"NG004001","adm2_name":"Aguata","adm1_name":"Anambra"},"geometry":{"type":"Polygon","coordinates":[[[7.152884608000136,5.971838083000023],[7.127601827000149,6.034204684000031],[7.053476811000053,6.037328632000083],[7.041630842000018,6.056310677000113],[7.005535272000088,6.039420716000166],[6.983746336000081,6.008068978000097],[7.039214484000127,5.98143429400011],[7.052193468000041,5.960506344000123],[7.042377769000097,5.939825060000089],[7.056444716000044,5.930613533000098],[7.103229117000069,5.932549293000022],[7.17342977800007,5.906905658000028],[7.199427520000143,5.914527191000104],[7.132640710999965,5.959168820000116],[7.152884608000136,5.971838083000023]]]}},{"type":"Feature","properties":{"adm2_pcode":"NG004002","adm2_name":"Anambra East","adm1_name":"Anambra"},"geometry":{"type":"Polygon","coordinates":[[[6.981354696000039,6.416490493000083],[6.965441092,6.439839354000128],[6.951060182000106,6.43548167400013],[6.92273435900006,6.400182655000094],[6.887435543000095,6.39321046200007],[6.840588549000131,6.3478884270001],[6.792216224000015,6.249836506000122],[6.781200423000087,6.189338142000054],[6.836642782000069,6.203628893000086],[6.858806867000112,6.255504623999968],[6.909443017000058,6.28339199300018],[6.930373613000086,6.292990596000095],[6.959427840000046,6.275431248000075],[6.973772060999977,6.32868721400007],[6.962390992000053,6.384058869000057],[6.981354696000039,6.416490493000083]]]}},{"type":"Feature","properties":{"adm2_pcode":"NG004003","adm2_name":"Anambra West","adm1_name":"Anambra"},"geometry":{"type":"Polygon","coordinates":[[[6.94169098499998,6.619383461999973],[6.923387972000057,6.801977957000076],[6.91205726600009,6.800670509000099],[6.806379261000131,6.703054547000079],[6.808122609000122,6.580162482000048],[6.664701088000072,6.532356273000062],[6.731006011000147,6.239092778000099],[6.762889290000032,6.185385698000061],[6.783282843000109,6.192312710000181],[6.80223953300009,6.275983847000077],[6.86019896900001,6.359654909000028],[6.86085265100013,6.417178650000096],[6.900726923000093,6.557937606000053],[6.94169098499998,6.619383461999973]]]}},{"type":"Feature","properties":{"adm2_pcode":"NG004004","adm2_name":"Anaocha","adm1_name":"Anambra"},"geometry":{"type":"Polygon","coordinates":[[[7.039525034000064,6.158321351000154],[7.016863892,6.160064695000131],[7.003790499000047,6.126509274999989],[6.974891144000139,6.12359474100009],[6.994149778,6.098791481000092],[6.972140721000187,6.063521826000169],[6.984329474000162,6.020681570000079],[7.037329592000106,6.048323022999966],[7.080924642000127,6.112564146000011],[7.039525034000064,6.158321351000154]]]}},{"type":"Feature","properties":{"adm2_pcode":"NG004005","adm2_name":"Awka North","adm1_name":"Anambra"},"geometry":{"type":"Polygon","coordinates":[[[7.027468291000162,6.443563345000143],[6.975246534000064,6.410641744000145],[6.961083514000052,6.374907429000132],[6.973100217000024,6.316472707000116],[7.013159780000137,6.246350319000101],[7.066761434000114,6.269011044000024],[7.147720337000123,6.242456490000052],[7.142588660000172,6.289057341000159],[7.162199144000056,6.304745706000119],[7.127989697000089,6.38667355400014],[7.088769092000121,6.430252163000091],[7.027468291000162,6.443563345000143]]]}},{"type":"Feature","properties":{"adm2_pcode":"NG004006","adm2_name":"Awka South","adm1_name":"Anambra"},"geometry":{"type":"Polygon","coordinates":[[[7.147720337000123,6.242456490000052],[7.066761434000114,6.269011044000024],[7.018863336999971,6.238191193000034],[7.043062454,6.140264202000083],[7.081796042000121,6.115178541000091],[7.114480073000152,6.133045655000103],[7.150868469000045,6.185340344000053],[7.147720337000123,6.242456490000052]]]}},{"type":"Feature","properties":{"adm2_pcode":"NG004007","adm2_name":"Ayamelum","adm1_name":"Anambra"},"geometry":{"type":"Polygon","coordinates":[[[7.049659200000121,6.474356678000049],[7.055431315000135,6.545299889000034],[7.10946837500012,6.593236367000088],[7.132565537000175,6.652067663000025],[7.057693573999984,6.697150668000177],[7.050637780000102,6.682572430999983],[6.99093497400014,6.713077481000141],[6.943869988000074,6.706104761000176],[6.930796236000162,6.690852587000165],[6.945177188000059,6.680829557000038],[6.934718158000123,6.673420776000114],[6.94169098499998,6.619383461999973],[6.900726923000093,6.557937606000053],[6.86085265100013,6.417178650000096],[6.860957173000031,6.361516480000148],[6.951060182000106,6.43548167400013],[6.965441092,6.439839354000128],[6.981354696000039,6.416490493000083],[7.049659200000121,6.474356678000049]]]}},{"type":"Feature","properties":{"adm2_pcode":"NG004008","adm2_name":"Dunukofia","adm1_name":"Anambra"},"geometry":{"type":"MultiPolygon","coordinates":[[[[7.008407840000075,6.255470383999977],[6.987883955000029,6.303873977000023],[6.973100217000024,6.316472707000116],[6.952367678000087,6.244221583000183],[6.970847025000069,6.251106457000162],[6.992066544000124,6.234434647000057],[7.008407840000075,6.255470383999977]]],[[[6.951986023000075,6.161136535000026],[6.944448021000028,6.181627874000185],[6.979543428000113,6.19440811700008],[6.950203545000022,6.216632265000044],[6.908619386000055,6.170329995000031],[6.931032120000111,6.154052973000091],[6.951986023000075,6.161136535000026]]]]}},{"type":"Feature","properties":{"adm2_pcode":"NG004009","adm2_name":"Ekwusigo","adm1_name":"Anambra"},"geometry":{"type":"Polygon","coordinates":[[[6.896720889999983,6.073711830000036],[6.811501479000071,6.033609906000038],[6.78415401500007,6.058090661000108],[6.819016955,5.952194707000103],[6.880967411000142,5.912396369000021],[6.90286547,5.972573393000118],[6.873025213000062,5.983083867000062],[6.87499637500008,6.023616368999967],[6.891101803000026,6.035089881000033],[6.896720889999983,6.073711830000036]]]}},{"type":"Feature","properties":{"adm2_pcode":"NG004010","adm2_name":"Idemili North","adm1_name":"Anambra"},"geometry":{"type":"Polygon","coordinates":[[[6.908619386000055,6.170329995000031],[6.885866065000073,6.157614599000112],[6.835141213000099,6.18228961900013],[6.813315439000064,6.129442189000031],[6.793755294,6.126811659000168],[6.794201144000112,6.102210095000146],[6.934500153000101,6.090774503000034],[6.951705214000185,6.107320408000135],[6.99150104000006,6.09273295800017],[6.951986023000075,6.161136535000026],[6.931032120000111,6.154052973000091],[6.908619386000055,6.170329995000031]]]}},{"type":"Feature","properties":{"adm2_pcode":"NG004011","adm2_name":"Idemili South","adm1_name":"Anambra"},"geometry":{"type":"Polygon","coordinates":[[[6.980727920000049,6.09160192100012],[6.951705214000185,6.107320408000135],[6.934500153000101,6.090774503000034],[6.790690882000092,6.103847978000033],[6.775438182000016,6.080315633000112],[6.811501479000071,6.033609906000038],[6.864338805000045,6.04850333700017],[6.895715231,6.075521957000149],[6.964382775000104,6.017125900000053],[6.984329474000162,6.020681570000079],[6.972006366000187,6.034850095000081],[6.980727920000049,6.09160192100012]]]}},{"type":"Feature","properties":{"adm2_pcode":"NG004012","adm2_name":"Ihiala","adm1_name":"Anambra"},"geometry":{"type":"Polygon","coordinates":[[[6.977666213000134,5.901716137000051],[6.858854379000149,5.918551753000031],[6.859323164000102,5.936957050000103],[6.824954319000085,5.945515165000074],[6.787204868000174,5.865909074000058],[6.794938922000085,5.78973048000006],[6.874352422000186,5.744120125000052],[6.884802207000178,5.745443107000085],[6.886873399000137,5.830421816000182],[6.915580713000054,5.823798144000136],[6.977666213000134,5.901716137000051]]]}},{"type":"Feature","properties":{"adm2_pcode":"NG004013","adm2_name":"Njikoka","adm1_name":"Anambra"},"geometry":{"type":"Polygon","coordinates":[[[7.039525034000064,6.158321351000154],[7.008407840000075,6.255470383999977],[6.996756121000089,6.235467782000171],[6.96682076400009,6.251419959000145],[6.954180102000123,6.236197651000111],[6.95805019800008,6.200332745000026],[6.975449509000043,6.207145117000039],[6.979560073000187,6.191386235000152],[6.942780394000181,6.176624349000178],[6.974891144000139,6.12359474100009],[7.003790499000047,6.126509274999989],[7.016863892,6.160064695000131],[7.039525034000064,6.158321351000154]]]}},{"type":"Feature","properties":{"adm2_pcode":"NG004014","adm2_name":"Nnewi North","adm1_name":"Anambra"},"geometry":{"type":"Polygon","coordinates":[[[6.952607005000118,6.020284772000082],[6.896720889999983,6.073711830000036],[6.873025213000062,5.983083867000062],[6.90208815,5.965179504000048],[6.946644688000163,5.967296279000152],[6.952607005000118,6.020284772000082]]]}},{"type":"Feature","properties":{"adm2_pcode":"NG004015","adm2_name":"Nnewi South","adm1_name":"Anambra"},"geometry":{"type":"Polygon","coordinates":[[[7.056444716000044,5.930613533000098],[7.042377769000097,5.939825060000089],[7.052193468000041,5.960506344000123],[7.039214484000127,5.98143429400011],[6.98417992300017,6.004924736000021],[6.992657582,6.023967687000095],[6.952607005000118,6.020284772000082],[6.946644688000163,5.967296279000152],[6.904431285000157,5.967883051],[6.880967411000142,5.912396369000021],[6.994971712000165,5.896848220999971],[7.056444716000044,5.930613533000098]]]}},{"type":"Feature","properties":{"adm2_pcode":"NG004016","adm2_name":"Ogbaru","adm1_name":"Anambra"},"geometry":{"type":"Polygon","coordinates":[[[6.79512641600013,6.129131797000127],[6.755804127999966,6.123312503000022],[6.709276120000141,6.078023883000014],[6.726493782000091,6.028930117000186],[6.71321303600007,5.956697970000107],[6.660915718000183,5.85652920300015],[6.654868205000128,5.771530105000068],[6.626148363000084,5.72363549500011],[6.648362529999986,5.699899025000093],[6.695837938000068,5.708676653],[6.809638469000106,5.780314477],[6.794938922000085,5.78973048000006],[6.787204868000174,5.865909074000058],[6.824954319000085,5.945515165000074],[6.77631008000003,6.071164070000066],[6.79512641600013,6.129131797000127]]]}},{"type":"Feature","properties":{"adm2_pcode":"NG004017","adm2_name":"Onitsha North","adm1_name":"Anambra"},"geometry":{"type":"Polygon","coordinates":[[[6.835141213000099,6.18228961900013],[6.822939064000082,6.19449180800018],[6.762889290000032,6.185385698000061],[6.764783864000094,6.155804660000172],[6.787918416000025,6.152791893000028],[6.78764069000016,6.129641019000132],[6.813315439000064,6.129442189000031],[6.835141213000099,6.18228961900013]]]}},{"type":"Feature","properties":{"adm2_pcode":"NG004018","adm2_name":"Onitsha South","adm1_name":"Anambra"},"geometry":{"type":"Polygon","coordinates":[[[6.78764069000016,6.129641019000132],[6.787918416000025,6.152791893000028],[6.764783864000094,6.155804660000172],[6.755804127999966,6.123312503000022],[6.78764069000016,6.129641019000132]]]}},{"type":"Feature","properties":{"adm2_pcode":"NG004019","adm2_name":"Orumba North","adm1_name":"Anambra"},"geometry":{"type":"Polygon","coordinates":[[[7.27310662900004,6.057219036],[7.254803285000094,6.104719616000068],[7.220313498000053,6.123130662000165],[7.223957402999986,6.191440122000074],[7.189296337000087,6.239493291000088],[7.150997620000169,6.232611678000126],[7.13975570499997,6.159628853000129],[7.076131021000094,6.109949196],[7.041630842000018,6.056310677000113],[7.053476811000053,6.037328632000083],[7.127601827000149,6.034204684000031],[7.146545872000047,5.988787572000092],[7.177283456000055,6.011775925000165],[7.146797261000131,6.009272109000108],[7.166516069000124,6.036513079000031],[7.195642152000119,6.026976936000153],[7.197868768000149,6.048646133000091],[7.246215730000017,6.034610260000022],[7.24441755700019,6.049395916000037],[7.27310662900004,6.057219036]]]}},{"type":"Feature","properties":{"adm2_pcode":"NG004020","adm2_name":"Orumba South","adm1_name":"Anambra"},"geometry":{"type":"Polygon","coordinates":[[[7.339062708000029,6.04214955100008],[7.27310662900004,6.057219036],[7.24441755700019,6.049395916000037],[7.246215730000017,6.034610260000022],[7.188343175000057,6.047909968],[7.195642152000119,6.026976936000153],[7.166516069000124,6.036513079000031],[7.147600291000174,6.020613186000105],[7.147812945000169,6.007262683000079],[7.177283456000055,6.011775925000165],[7.131962105000127,5.960844351000105],[7.190742876000115,5.923868667000136],[7.257011851000073,5.929621998000187],[7.264029873000027,5.991465022000114],[7.318281539000168,5.998603412000136],[7.339062708000029,6.04214955100008]]]}},{"type":"Feature","properties":{"adm2_pcode":"NG004021","adm2_name":"Oyi","adm1_name":"Anambra"},"geometry":{"type":"Polygon","coordinates":[[[6.959427840000046,6.275431248000075],[6.930373613000086,6.292990596000095],[6.861478080999973,6.257534938000106],[6.822939064000082,6.19449180800018],[6.844728565000025,6.167037050000147],[6.898937971000066,6.158361494000189],[6.963850986000068,6.242673225000146],[6.952367678000087,6.244221583000183],[6.959427840000046,6.275431248000075]]]}},{"type":"Feature","properties":{"adm2_pcode":"NG005001","adm2_name":"Alkaleri","adm1_name":"Bauchi"},"geometry":{"type":"Polygon","coordinates":[[[10.83142897900018,10.198451128000102],[10.766818428000136,10.223183246000076],[10.667651109000076,10.229099745000156],[10.539914647000046,10.213283745000183],[10.498619243000121,10.221638179000081],[10.423510004000036,10.273773004000134],[10.353728621000073,10.282219688000168],[10.273491466999985,10.268552799000133],[10.260321805000103,10.101539403000174],[10.270427464000079,10.05763239800001],[10.240852567000047,10.037270826000167],[10.094303302000185,10.06101688900003],[10.017904380000061,10.05507252700005],[9.988232686000117,10.02549468500007],[9.930717187000027,9.806177424000111],[9.965747627000155,9.773833397000146],[10.094710169000166,9.743586693000054],[10.13039005500002,9.722004853000158],[10.14983294200016,9.681633134000094],[10.255872465000039,9.688255210000023],[10.372870191000061,9.603427939000028],[10.488900150000177,9.55259487700016],[10.512009500000033,9.511150106000173],[10.589106815999969,9.564007755000148],[10.68432626300006,9.542339250000055],[10.770366441000135,9.605033086000049],[10.809247073000165,9.615433692000124],[10.888006442000062,9.615514722000114],[10.973056620000136,9.59165940600019],[10.950101093000171,9.695192600999974],[10.960371567000152,9.774857585000177],[10.92846460300018,9.909826442],[10.82499031000009,9.969960349000019],[10.684512985000083,10.080558801999985],[10.700672160000124,10.11225604700013],[10.806177122000065,10.115284114000076],[10.83142897900018,10.198451128000102]]]}},{"type":"Feature","properties":{"adm2_pcode":"NG005002","adm2_name":"Bauchi","adm1_name":"Bauchi"},"geometry":{"type":"Polygon","coordinates":[[[10.214344479000033,10.478918019000162],[10.057331891000103,10.452038488000085],[9.90397482100019,10.38716202300003],[9.87247726000004,10.407146492000038],[9.818493568000065,10.521885813000154],[9.726827702000094,10.59297398800004],[9.607861823000064,10.58942009599997],[9.651816152000038,10.44640084200006],[9.638490390000072,10.24766141400005],[9.65448756000012,10.201409292999983],[9.633179540000128,10.100270366000075],[9.696414069000184,10.033287121000171],[9.713776436000103,9.978435780000098],[9.794965386000058,9.953300015000025],[9.846804580000082,9.910710082000094],[9.882631113000059,9.918778508000173],[9.955123914000183,9.891207868000151],[9.988232686000117,10.02549468500007],[10.017904380000061,10.05507252700005],[10.260899760000086,10.045081099000072],[10.275752660000137,10.312507844000152],[10.253182010000103,10.427173215000153],[10.214344479000033,10.478918019000162]]]}},{"type":"Feature","properties":{"adm2_pcode":"NG005003","adm2_name":"Bogoro","adm1_name":"Bauchi"},"geometry":{"type":"Polygon","coordinates":[[[9.796740686000021,9.571181239],[9.817542366000055,9.65887650999997],[9.79211507600013,9.705440135],[9.746246032999977,9.700078753000128],[9.661949634000052,9.74389333400012],[9.441794679000111,9.743584776000148],[9.463453802000117,9.667029109000111],[9.438978509000151,9.55663072100009],[9.466444917000047,9.503499130000023],[9.50875007999997,9.539963577000037],[9.550822386000107,9.505151583000043],[9.686898461000112,9.520846252000013],[9.777699340000026,9.55120458500005],[9.796740686000021,9.571181239]]]}},{"type":"Feature","properties":{"adm2_pcode":"NG005004","adm2_name":"Damban","adm1_name":"Bauchi"},"geometry":{"type":"Polygon","coordinates":[[[10.925473657000111,11.434990655000036],[10.917349883000156,11.751611452000077],[10.900754507000158,11.81901385499998],[10.786309996000114,11.757442764000075],[10.746677052,11.757160538],[10.72767713900015,11.777961745000084],[10.58827296600009,11.684941506000087],[10.604363981000176,11.576347210000108],[10.706907099000034,11.525735295000118],[10.717442714000015,11.44590813900004],[10.836827755000115,11.456855598000175],[10.904548506000083,11.451806673000135],[10.925473657000111,11.434990655000036]]]}},{"type":"Feature","properties":{"adm2_pcode":"NG005005","adm2_name":"Darazo","adm1_name":"Bauchi"},"geometry":{"type":"Polygon","coordinates":[[[10.92981746700002,11.443285707000143],[10.774802914000134,11.456215409000038],[10.612399772000117,11.413176211],[10.541657176000115,11.268011566000155],[10.358460587000081,11.208129722000137],[10.36462035400001,11.179420436000044],[10.331159561,11.131810067000117],[10.306558054000106,11.131450617000041],[10.260129899000049,11.094109514000081],[10.228605265999988,11.100789893000126],[10.250789244000032,10.993707761000053],[10.29102283300017,10.918717582000056],[10.3157102240001,10.895562822000045],[10.382340606000184,10.88025542400004],[10.465800282999965,10.875433712000074],[10.544668942000044,10.892867343000034],[10.524390131000075,10.863170620000062],[10.437411396000016,10.856207751000113],[10.421891412000036,10.832210706000126],[10.46055415800015,10.78580031700011],[10.524259685000118,10.761432464000166],[10.537638142000105,10.771365357000036],[10.579859676000126,10.888965492000011],[10.617764429000147,10.858255106000115],[10.642976642000122,10.860515646000124],[10.602949970000168,10.962405332000117],[10.618556238,10.994465733000084],[10.670490206000068,11.01915264500002],[10.761953471000027,11.11707192300014],[10.79363428500011,11.114366714000028],[10.836810570000011,11.07789021700006],[10.866634463000025,11.088556517000086],[10.904365748000089,11.146373816000107],[11.000440380000157,11.236169948999986],[11.022173859000077,11.292345923000028],[10.973469992000048,11.293649468000126],[10.850370417000136,11.357579991000023],[10.909942478000175,11.389167823000093],[10.92981746700002,11.443285707000143]]]}},{"type":"Feature","properties":{"adm2_pcode":"NG005006","adm2_name":"Dass","adm1_name":"Bauchi"},"geometry":{"type":"Polygon","coordinates":[[[9.352772618000131,9.876597113000116],[9.37864825100013,9.867068824],[9.476867644000095,9.89787659500007],[9.584204336000084,9.881352627000126],[9.659469994000062,9.893958030000135],[9.665010837000125,9.913046689000112],[9.632061546000159,9.963124423000181],[9.589379079000082,9.996384969000076],[9.599205261000066,10.075040656000112],[9.496461889000159,10.151302558000111],[9.415660468,10.138043714000105],[9.354913582000165,9.991686941000012],[9.392463722000059,9.915255474000162],[9.352772618000131,9.876597113000116]]]}},{"type":"Feature","properties":{"adm2_pcode":"NG005007","adm2_name":"Gamawa","adm1_name":"Bauchi"},"geometry":{"type":"Polygon","coordinates":[[[10.759832844000186,12.36964935800006],[10.731910849000144,12.352667730000064],[10.688911812000129,12.35875690100005],[10.658315751000032,12.336431553000068],[10.569984464000186,12.328345066000054],[10.52171772800017,12.371630061000076],[10.482576055000152,12.316183066000065],[10.477530253999987,12.271645548000095],[10.422719148000112,12.31641670100015],[10.358041228000104,12.27836076900013],[10.318257351000057,12.224518393000153],[10.322873559000072,12.175009655000053],[10.4050690360001,12.155190947000165],[10.40143517700011,12.038100608000036],[10.436906684,11.914678590000165],[10.462407847000122,11.893491312000037],[10.41862453200008,11.856732347000161],[10.462345998000103,11.79146167800019],[10.471054989000095,11.719444048000014],[10.553358667000055,11.67227090700004],[10.58850922400012,11.678338427000028],[10.72767713900015,11.777961745000084],[10.746677052,11.757160538],[10.786309996000114,11.757442764000075],[10.890842156000076,11.82204705100014],[10.81929820300013,11.860376049000024],[10.828867463000165,11.893291036000164],[10.799755082000047,11.952554271000054],[10.81316127800011,12.019457194999973],[10.800815192000186,12.165042444],[10.775008693000188,12.235996847000024],[10.759832844000186,12.36964935800006]]]}},{"type":"Feature","properties":{"adm2_pcode":"NG005008","adm2_name":"Ganjuwa","adm1_name":"Bauchi"},"geometry":{"type":"Polygon","coordinates":[[[10.228605265999988,11.100789893000126],[10.198887549000062,11.10067583800003],[10.144442600000048,11.026971996000157],[10.154669740000145,10.990360457],[10.194750030000137,10.964360255000088],[10.175080365000042,10.942239513000175],[10.119919604000131,10.954239698000038],[10.103239852000115,10.981670416000156],[10.078559830000131,10.989439826000137],[9.950030527000024,10.963700188000132],[9.865818995999973,10.999396306000051],[9.854277265000064,11.049585979000085],[9.762650815000029,11.042058479000048],[9.620313474000113,11.057458040000142],[9.631550963999985,10.967900181000061],[9.578506661,10.816400768999983],[9.57009083000014,10.736024276000023],[9.616600525000138,10.637020943000039],[9.607861823000064,10.58942009599997],[9.726827702000094,10.59297398800004],[9.818493568000065,10.521885813000154],[9.87247726000004,10.407146492000038],[9.90397482100019,10.38716202300003],[10.057331891000103,10.452038488000085],[10.220881309000163,10.481071382000096],[10.311498525000047,10.610108635000131],[10.467058081000118,10.661132116999966],[10.524259685000118,10.761432464000166],[10.434435915000165,10.804262625000035],[10.423272209000174,10.851778773000092],[10.524390131000075,10.863170620000062],[10.544668942000044,10.892867343000034],[10.437606913000138,10.874638382000171],[10.308102266000105,10.899355672000127],[10.250789244000032,10.993707761000053],[10.228605265999988,11.100789893000126]]]}},{"type":"Feature","properties":{"adm2_pcode":"NG005009","adm2_name":"Giade","adm1_name":"Bauchi"},"geometry":{"type":"Polygon","coordinates":[[[10.314129984999965,11.444480047000184],[10.372777252999981,11.56148575800006],[10.327799520000099,11.594130926],[10.276317829999982,11.61220002400006],[10.208504813,11.601129043000014],[10.178896281000164,11.52260872900007],[10.25328137300005,11.438100165000094],[10.20892106499997,11.440129896000087],[10.127170191000062,11.38483801000001],[10.142108102000122,11.239958588000036],[10.31268101500018,11.204878419000124],[10.319301467000116,11.292877492],[10.302307463000034,11.34095482000015],[10.337316522000037,11.39308454900015],[10.314129984999965,11.444480047000184]]]}},{"type":"Feature","properties":{"adm2_pcode":"NG005010","adm2_name":"Itas/Gadau","adm1_name":"Bauchi"},"geometry":{"type":"Polygon","coordinates":[[[10.455793049000135,11.911405551000144],[10.33516003300008,11.894158857000093],[10.214571918000104,11.9435289810001],[10.19596519200013,11.979742452000153],[10.21076201600016,12.061037553000062],[10.174641704000123,12.063412776000064],[10.065589713000179,11.997909532000165],[9.882012386000099,11.950445418000129],[9.829971612000122,11.890263258000118],[9.723863586,11.856591741000045],[9.688550346000113,11.87266393100009],[9.673584166000069,11.787016883000035],[9.643896907,11.790169637000133],[9.626674541,11.7577197600001],[9.645674474000089,11.732620032000057],[9.695426687000179,11.722955219000028],[9.797625376000042,11.734989415000086],[9.811440700000048,11.721308036999972],[9.803278290000037,11.700612919000093],[9.820613569000045,11.688444509000078],[9.817235839000034,11.750481402],[9.87186434400013,11.732939491000138],[9.981647810000084,11.761216137000133],[10.037520828000083,11.809244966000051],[10.14862662400003,11.757607391000136],[10.232077123000124,11.795470059000138],[10.2581593110001,11.743129951000071],[10.298827981000045,11.766527309000082],[10.36236282800013,11.773831782000059],[10.399145595,11.839128594000101],[10.462394640000184,11.890230781000184],[10.455793049000135,11.911405551000144]]]}},{"type":"Feature","properties":{"adm2_pcode":"NG005011","adm2_name":"Jama'are","adm1_name":"Bauchi"},"geometry":{"type":"Polygon","coordinates":[[[9.981647810000084,11.761216137000133],[9.87186434400013,11.732939491000138],[9.817235839000034,11.750481402],[9.820625062000033,11.576218206000078],[9.888175528999966,11.570492995000052],[9.939457898000171,11.654160120000142],[9.969554422000101,11.66302674900004],[10.059010293000085,11.646306486000128],[10.075237246000029,11.68070236300008],[10.067839270999968,11.726308437],[9.981647810000084,11.761216137000133]]]}},{"type":"Feature","properties":{"adm2_pcode":"NG005012","adm2_name":"Katagum","adm1_name":"Bauchi"},"geometry":{"type":"Polygon","coordinates":[[[10.58850922400012,11.678338427000028],[10.553358667000055,11.67227090700004],[10.476523177000104,11.71153381400012],[10.462345998000103,11.79146167800019],[10.41862453200008,11.856732347000161],[10.36236282800013,11.773831782000059],[10.298827981000045,11.766527309000082],[10.2581593110001,11.743129951000071],[10.232077123000124,11.795470059000138],[10.14862662400003,11.757607391000136],[10.048029672000041,11.810157312000058],[10.004521686000146,11.791918495000061],[9.981647810000084,11.761216137000133],[10.067839270999968,11.726308437],[10.075237246000029,11.68070236300008],[10.175019382000073,11.586491568000099],[10.18209297500016,11.551785115000087],[10.211855626000045,11.603942575000133],[10.276317829999982,11.61220002400006],[10.368981133000148,11.567148713000108],[10.350712571000088,11.51502246300015],[10.414150728000152,11.463413318999983],[10.454383513000039,11.502330633000042],[10.583238782000137,11.507923742000173],[10.606817666999973,11.536237359000097],[10.608569034000027,11.60519127800012],[10.58850922400012,11.678338427000028]]]}},{"type":"Feature","properties":{"adm2_pcode":"NG005013","adm2_name":"Kirfi","adm1_name":"Bauchi"},"geometry":{"type":"Polygon","coordinates":[[[10.835072661000027,10.395102730000076],[10.784911165000096,10.467939076000107],[10.616939717000093,10.508310498000185],[10.577321051000126,10.537614647],[10.542110551000064,10.628996739000115],[10.47868107,10.687846800000159],[10.449311109000064,10.648683487000085],[10.311498525000047,10.610108635000131],[10.214344479000033,10.478918019000162],[10.253182010000103,10.427173215000153],[10.273491466999985,10.268552799000133],[10.353728621000073,10.282219688000168],[10.423510004000036,10.273773004000134],[10.498619243000121,10.221638179000081],[10.539914647000046,10.213283745000183],[10.667651109000076,10.229099745000156],[10.766818428000136,10.223183246000076],[10.83142897900018,10.198451128000102],[10.85715981800007,10.235681753000108],[10.826063403000148,10.293679250000139],[10.835072661000027,10.395102730000076]]]}},{"type":"Feature","properties":{"adm2_pcode":"NG005014","adm2_name":"Misau","adm1_name":"Bauchi"},"geometry":{"type":"Polygon","coordinates":[[[10.717442714000015,11.44590813900004],[10.706907099000034,11.525735295000118],[10.604363981000176,11.576347210000108],[10.606817666999973,11.536237359000097],[10.583238782000137,11.507923742000173],[10.454383513000039,11.502330633000042],[10.414150728000152,11.463413318999983],[10.356260066000175,11.51006181800011],[10.314129984999965,11.444480047000184],[10.337316522000037,11.39308454900015],[10.302307463000034,11.34095482000015],[10.319301467000116,11.292877492],[10.31268101500018,11.204878419000124],[10.431925639000099,11.226093428000183],[10.541657176000115,11.268011566000155],[10.578632260000177,11.327172277000102],[10.599005659000056,11.404760058000079],[10.717442714000015,11.44590813900004]]]}},{"type":"Feature","properties":{"adm2_pcode":"NG005015","adm2_name":"Ningi","adm1_name":"Bauchi"},"geometry":{"type":"Polygon","coordinates":[[[9.624977827000123,11.252455886000064],[9.582263127000147,11.259651355000074],[9.571549538,11.321820121000144],[9.542085683000153,11.339889360000086],[9.44657332800017,11.307920465000052],[9.279035413000088,11.372039635000078],[9.142900641000097,11.331979750000073],[9.032995452000137,11.256320005000134],[8.89621707700013,11.101510207000047],[8.87450479100005,11.08913972400012],[8.827490827000133,11.100429721000182],[8.8059006310001,11.084570215000156],[8.77815506900015,11.01140965500008],[8.78970737600008,10.947680418000175],[8.764617061000024,10.865280327999983],[8.779417296000076,10.808650212000089],[8.7921695390001,10.79137157200006],[8.84941292600007,10.836010157000146],[8.897714756000141,10.850374447000092],[8.987777583000081,10.815823750000106],[9.06500266400002,10.760314032],[9.142264242000124,10.750289058000078],[9.267210908000038,10.808824632000096],[9.428130309000153,10.811394859000075],[9.593780492000178,10.861484732000179],[9.632606108000061,10.976461929000095],[9.597338756000056,11.153721119000068],[9.624977827000123,11.252455886000064]]]}},{"type":"Feature","properties":{"adm2_pcode":"NG005016","adm2_name":"Shira","adm1_name":"Bauchi"},"geometry":{"type":"Polygon","coordinates":[[[10.180312119000064,11.51789657900008],[10.175019382000073,11.586491568000099],[10.12528052500005,11.620691032000082],[10.083946426000182,11.684365383000113],[10.059010293000085,11.646306486000128],[9.97552152999998,11.663011127000175],[9.939457898000171,11.654160120000142],[9.898212792000095,11.576588417000096],[9.861917457000061,11.566317903000083],[9.820625062000033,11.576218206000078],[9.777829857000029,11.525810190000186],[9.800816421000036,11.451591148000148],[9.840469724000116,11.475511828000151],[9.877631657000109,11.453771329000176],[9.879059535000124,11.364690111000186],[9.991488402000016,11.252059831000054],[10.04874966500006,11.263110083000072],[10.142108102000122,11.239958588000036],[10.127170191000062,11.38483801000001],[10.20892106499997,11.440129896000087],[10.25328137300005,11.438100165000094],[10.180312119000064,11.51789657900008]]]}},{"type":"Feature","properties":{"adm2_pcode":"NG005017","adm2_name":"Tafawa-Balewa","adm1_name":"Bauchi"},"geometry":{"type":"Polygon","coordinates":[[[9.642168306000087,10.233016789999965],[9.614622822,10.244106394000028],[9.592297981000172,10.232330386000058],[9.605850139000097,10.181262084000025],[9.496461889000159,10.151302558000111],[9.599205261000066,10.075040656000112],[9.589379079000082,9.996384969000076],[9.632061546000159,9.963124423000181],[9.664984184000161,9.898495224000044],[9.584204336000084,9.881352627000126],[9.476867644000095,9.89787659500007],[9.37864825100013,9.867068824],[9.291556814000046,9.903431671000021],[9.2535544750001,9.808555366000064],[9.150382744000012,9.747989649000033],[9.240032182000107,9.681838764000076],[9.271290658000112,9.716678549000164],[9.294490636000148,9.673307484000134],[9.284580069000185,9.636112064000088],[9.3201487070001,9.618462306000083],[9.319690469000022,9.58198325300009],[9.388731841000094,9.552008779000118],[9.404241471000148,9.508295958000076],[9.463817747000121,9.47544354200005],[9.482795436000117,9.476361201000032],[9.491393452000068,9.519657346000088],[9.466444917000047,9.503499130000023],[9.438978509000151,9.55663072100009],[9.463453802000117,9.667029109000111],[9.444389317,9.747176635000073],[9.661949634000052,9.74389333400012],[9.746246032999977,9.700078753000128],[9.79211507600013,9.705440135],[9.817542366000055,9.65887650999997],[9.796740686000021,9.571181239],[9.85355395300013,9.60674498100002],[9.942104112000095,9.60903922100016],[9.960440135000113,9.622297240000137],[9.93506889300005,9.722157540000069],[9.965747627000155,9.773833397000146],[9.92849061600009,9.817726231000108],[9.955123914000183,9.891207868000151],[9.882631113000059,9.918778508000173],[9.846804580000082,9.910710082000094],[9.794965386000058,9.953300015000025],[9.713776436000103,9.978435780000098],[9.696414069000184,10.033287121000171],[9.633179540000128,10.100270366000075],[9.653420210999968,10.184462377000045],[9.642168306000087,10.233016789999965]]]}},{"type":"Feature","properties":{"adm2_pcode":"NG005018","adm2_name":"Toro","adm1_name":"Bauchi"},"geometry":{"type":"Polygon","coordinates":[[[9.607861823000064,10.58942009599997],[9.616600525000138,10.637020943000039],[9.570167718999983,10.734038065999982],[9.593780492000178,10.861484732000179],[9.428130309000153,10.811394859000075],[9.267210908000038,10.808824632000096],[9.142264242000124,10.750289058000078],[9.06500266400002,10.760314032],[8.934042717000068,10.843002264],[8.877741067000159,10.849475645000155],[8.7921695390001,10.79137157200006],[8.821589297000173,10.769240448000176],[8.854420867999977,10.696880147000172],[8.822385993000182,10.61308024200008],[8.779403662000163,10.56267369000011],[8.769562630000053,10.476285807000181],[8.72906947399997,10.450925770000026],[8.739860431000125,10.428893943000048],[8.796814973000096,10.416778852000164],[8.870192706000068,10.357634539000117],[8.935715652,10.348500203000185],[8.95489228700012,10.308810082000093],[8.930326709000099,10.215049646000182],[8.978166798000018,10.180499753000106],[8.956540173000064,10.023170349000111],[8.997633158999975,10.009549869000068],[9.217510986000093,10.046340182000051],[9.255470521,10.01713004100003],[9.295173747999968,9.896247409000125],[9.352772618000131,9.876597113000116],[9.392463722000059,9.915255474000162],[9.354913582000165,9.991686941000012],[9.408306745000061,10.130776256000104],[9.605850139000097,10.181262084000025],[9.592297981000172,10.232330386000058],[9.614622822,10.244106394000028],[9.642168306000087,10.233016789999965],[9.651816152000038,10.44640084200006],[9.607861823000064,10.58942009599997]]]}},{"type":"Feature","properties":{"adm2_pcode":"NG005019","adm2_name":"Warji","adm1_name":"Bauchi"},"geometry":{"type":"Polygon","coordinates":[[[9.854277265000064,11.049585979000085],[9.857057663000091,11.119170018999966],[9.892939818000116,11.1587498290001],[9.865719898000123,11.186060153000085],[9.82489273900012,11.282280079000088],[9.624977827000123,11.252455886000064],[9.597594403000187,11.177910858000018],[9.620313474000113,11.057458040000142],[9.762650815000029,11.042058479000048],[9.854277265000064,11.049585979000085]]]}},{"type":"Feature","properties":{"adm2_pcode":"NG005020","adm2_name":"Zaki","adm1_name":"Bauchi"},"geometry":{"type":"Polygon","coordinates":[[[10.759832844000186,12.36964935800006],[10.75125057200006,12.461476795000124],[10.61047002500004,12.521450131000108],[10.45102956500017,12.423990478000121],[10.416569777000177,12.471929387000102],[10.344019807000052,12.467600042000072],[10.277520152000022,12.443770374000167],[10.196189766000089,12.340262461000123],[10.200622449000093,12.299791412000047],[10.168490571000177,12.24864855100003],[10.14534425000005,12.148926362000054],[10.164271999000164,12.073347322000131],[10.154469998000138,12.041101912000045],[10.174641704000123,12.063412776000064],[10.21076201600016,12.061037553000062],[10.19596519200013,11.979742452000153],[10.211904127000082,11.945797644000152],[10.33516003300008,11.894158857000093],[10.436906684,11.914678590000165],[10.397052268999971,12.064631415000065],[10.4050690360001,12.155190947000165],[10.318031065000184,12.18018230700011],[10.318257351000057,12.224518393000153],[10.381681005000019,12.297422537000102],[10.422719148000112,12.31641670100015],[10.477530253999987,12.271645548000095],[10.482576055000152,12.316183066000065],[10.52171772800017,12.371630061000076],[10.569984464000186,12.328345066000054],[10.658315751000032,12.336431553000068],[10.688911812000129,12.35875690100005],[10.731910849000144,12.352667730000064],[10.759832844000186,12.36964935800006]]]}},{"type":"Feature","properties":{"adm2_pcode":"NG006001","adm2_name":"Brass","adm1_name":"Bayelsa"},"geometry":{"type":"Polygon","coordinates":[[[6.565899207000029,4.32766546400012],[6.531353018000061,4.33757988900004],[6.505004539000026,4.42172631],[6.451314969000066,4.448598186000083],[6.392006876000153,4.378068935999977],[6.323470107000162,4.363015171000143],[6.256450175000168,4.379998209],[6.221223829000166,4.431271076000144],[6.150812157000189,4.462718006000102],[6.159706113000141,4.566572191000148],[6.075696939000068,4.48774290200015],[5.994878779000032,4.452925197000127],[5.964485167000078,4.3712129540001],[5.847348323000119,4.401913165000167],[5.967257972000084,4.337902547999988],[5.976465233999988,4.314446924000151],[6.074015140000085,4.290771479999989],[6.083873276000077,4.274044991000096],[6.214182378000089,4.280786999000156],[6.235576144000106,4.30062532900007],[6.420342444000028,4.30607081200003],[6.412562842000114,4.317221653000104],[6.431480884000052,4.329317577000154],[6.463130475000128,4.3154063180001],[6.565899207000029,4.32766546400012]]]}},{"type":"Feature","properties":{"adm2_pcode":"NG006002","adm2_name":"Ekeremor","adm1_name":"Bayelsa"},"geometry":{"type":"Polygon","coordinates":[[[5.974926594000067,5.137524633000169],[5.933200709000062,5.164695254000037],[5.91450797900012,5.10814997600005],[5.880772718000117,5.109508978],[5.867738782000117,5.068109542000172],[5.79133648300018,5.085837352000055],[5.779018868000037,5.058013916999982],[5.73058613000012,5.054452857000058],[5.710287135000044,5.023826131000135],[5.666662267000049,5.028277832000128],[5.656670524000162,5.011776454000142],[5.58459816800007,5.055248279000125],[5.533127232000027,5.062899586000015],[5.502870472000154,5.092460618000075],[5.470508622000182,5.093212600000072],[5.469812470000136,5.123188525999979],[5.436465232000046,5.141396493000059],[5.380234769000026,5.126704234999977],[5.447226638000132,4.978389731],[5.463919744000179,4.890750412000045],[5.531040661000134,4.760333986000035],[5.569565662000116,4.722613831],[5.597630160000108,4.744769594000047],[5.610184707000144,4.730368119000161],[5.644756776000122,4.737917948000188],[5.648652107000089,4.77455898400018],[5.689576243999966,4.778741845000127],[5.696592426000166,4.810498198000175],[5.755305339000017,4.79609726800004],[5.77155253400008,4.814560406000169],[5.797201061000123,4.805858131000036],[5.992608017000123,4.89302111100011],[5.980174890000171,4.938313959000027],[5.992317186000093,5.048230155000169],[5.959865181000055,5.10084816300008],[5.974926594000067,5.137524633000169]]]}},{"type":"Feature","properties":{"adm2_pcode":"NG006003","adm2_name":"Kolokuma/Opokuma","adm1_name":"Bayelsa"},"geometry":{"type":"Polygon","coordinates":[[[6.147355203000131,4.940584213000136],[6.248580064000123,5.0097828050001],[6.273586348000038,5.056044145999977],[6.358265955000036,5.093811988000141],[6.39954992100013,5.145593168000119],[6.388543212000116,5.193649789000062],[6.254354841000179,5.170927017000054],[6.16509163000012,5.050091117000136],[6.142127612000081,4.998303526000029],[6.147355203000131,4.940584213000136]]]}},{"type":"Feature","properties":{"adm2_pcode":"NG006004","adm2_name":"Nembe","adm1_name":"Bayelsa"},"geometry":{"type":"Polygon","coordinates":[[[6.598032991000139,4.729859005000151],[6.568485950000081,4.737030097000172],[6.558354700999985,4.758495523000022],[6.527311746,4.753003140000089],[6.461059938000176,4.713280215000111],[6.386468772000057,4.619802027000105],[6.338386171000082,4.620650754000053],[6.292901963000133,4.662345903000187],[6.201821801000108,4.642115124000043],[6.159706113000141,4.566572191000148],[6.150812157000189,4.462718006000102],[6.221223829000166,4.431271076000144],[6.256450175000168,4.379998209],[6.30377912900002,4.363362795000114],[6.407699114000025,4.38429689700007],[6.437795566000091,4.445908637000059],[6.464225611000188,4.446093683000072],[6.51606754300002,4.406234091000101],[6.531353018000061,4.33757988900004],[6.594865323000022,4.330317508000178],[6.589958547000094,4.357706607000182],[6.560587202000079,4.376380177000158],[6.547496962000025,4.427616445000183],[6.599307121000038,4.534383826000067],[6.602881768000088,4.561578905000033],[6.561014770000099,4.651872605000108],[6.598032991000139,4.729859005000151]]]}},{"type":"Feature","properties":{"adm2_pcode":"NG006005","adm2_name":"Ogbia","adm1_name":"Bayelsa"},"geometry":{"type":"Polygon","coordinates":[[[6.44040200000012,4.954815865000114],[6.421666074000143,4.981634116000123],[6.290919416000122,4.879194016000099],[6.269922806000125,4.843130030000054],[6.238035997000111,4.851940786000057],[6.208103193000056,4.781408785000167],[6.201821801000108,4.642115124000043],[6.292901963000133,4.662345903000187],[6.338386171000082,4.620650754000053],[6.386468772000057,4.619802027000105],[6.450611096000159,4.693482888000119],[6.459428911000145,4.72399709400014],[6.422863830000097,4.777152034000096],[6.398606663000066,4.851465241000028],[6.44040200000012,4.954815865000114]]]}},{"type":"Feature","properties":{"adm2_pcode":"NG006006","adm2_name":"Sagbama","adm1_name":"Bayelsa"},"geometry":{"type":"Polygon","coordinates":[[[6.486998911000057,5.240703148000136],[6.563160091000043,5.32021287200007],[6.569632174000049,5.372142817],[6.485476966000022,5.379205287000104],[6.502585989000124,5.338941155000043],[6.493532108000181,5.326040677000037],[6.450234820000105,5.32758668300005],[6.408876887000019,5.304768491000175],[6.338832400000172,5.319910929],[6.306432293000171,5.302983798000014],[6.283542045000161,5.27499053400004],[6.290449986000169,5.23407741699998],[6.202086897000015,5.231778071000178],[6.200734075000184,5.169549966000091],[6.165906323000115,5.161139961000117],[6.143735923000179,5.134776126000077],[6.085792668000067,5.150802572000032],[6.069569589000082,5.14134406300019],[6.06226784100005,5.103009731999975],[6.027214582000056,5.095670679000023],[5.974926594000067,5.137524633000169],[5.959865181000055,5.10084816300008],[5.992317186000093,5.048230155000169],[5.980811077000112,4.923432849000164],[6.003293387000156,4.876577393000048],[5.98929417800008,4.81408309800014],[6.072821204999968,4.822366266000131],[6.089931011999965,4.977269137],[6.054629795000096,5.048988813000051],[6.074997025000073,5.06024601200005],[6.116054242000132,4.997791827000071],[6.142127612000081,4.998303526000029],[6.254354841000179,5.170927017000054],[6.400932718999968,5.19482515500016],[6.486998911000057,5.240703148000136]]]}},{"type":"Feature","properties":{"adm2_pcode":"NG006007","adm2_name":"Southern Ijaw","adm1_name":"Bayelsa"},"geometry":{"type":"Polygon","coordinates":[[[6.142127612000081,4.998303526000029],[6.116054242000132,4.997791827000071],[6.074997025000073,5.06024601200005],[6.054629795000096,5.048988813000051],[6.089931011999965,4.977269137],[6.072821204999968,4.822366266000131],[5.98929417800008,4.81408309800014],[6.003293387000156,4.876577393000048],[5.992608017000123,4.89302111100011],[5.797201061000123,4.805858131000036],[5.77155253400008,4.814560406000169],[5.755305339000017,4.79609726800004],[5.696592426000166,4.810498198000175],[5.689576243999966,4.778741845000127],[5.648652107000089,4.77455898400018],[5.644756776000122,4.737917948000188],[5.625324784000099,4.743661874000054],[5.620523989000162,4.728891380999983],[5.597630160000108,4.744769594000047],[5.562679642000035,4.723166016000107],[5.545994655000186,4.742945200000122],[5.572967810000023,4.686188132000154],[5.687979603000144,4.537386872000013],[5.847348323000119,4.401913165000167],[5.964485167000078,4.3712129540001],[5.994878779000032,4.452925197000127],[6.056220049000046,4.475076202000139],[6.138486860000114,4.538215165999986],[6.193117138000105,4.617640030000189],[6.208103193000056,4.781408785000167],[6.238035997000111,4.851940786000057],[6.215581178000036,4.875305427000114],[6.152651612000057,4.882116150000115],[6.142127612000081,4.998303526000029]]]}},{"type":"Feature","properties":{"adm2_pcode":"NG006008","adm2_name":"Yenegoa","adm1_name":"Bayelsa"},"geometry":{"type":"Polygon","coordinates":[[[6.544492122000065,5.186294112000098],[6.552762079,5.226540549999982],[6.566636039000059,5.236972756],[6.530881853000096,5.284537818000047],[6.486998911000057,5.240703148000136],[6.388543212000116,5.193649789000062],[6.395730129000128,5.137296197000126],[6.358265955000036,5.093811988000141],[6.273586348000038,5.056044145999977],[6.248580064000123,5.0097828050001],[6.147355203000131,4.940584213000136],[6.152651612000057,4.882116150000115],[6.215581178000036,4.875305427000114],[6.269922806000125,4.843130030000054],[6.290919416000122,4.879194016000099],[6.418285799000159,4.972400225000058],[6.411561096000185,5.004581920000078],[6.477923943000064,5.137354643000151],[6.479132362000144,5.176393121000103],[6.544492122000065,5.186294112000098]]]}},{"type":"Feature","properties":{"adm2_pcode":"NG007001","adm2_name":"Ado","adm1_name":"Benue"},"geometry":{"type":"Polygon","coordinates":[[[8.10217592600003,6.988883857000133],[8.049489758000107,7.029321625000023],[8.001924943,7.028891756000064],[8.009010035000017,6.95078508000006],[7.982906015000083,6.968071598000051],[7.908082841000123,6.937479829000097],[7.929129650000107,6.877676020000024],[7.888145937000047,6.853458990000036],[7.886458993000076,6.794072624000137],[7.903395841000076,6.781468502000166],[7.855342136000047,6.742868395000187],[7.804926667000132,6.64046035500013],[7.831766561999984,6.638468859],[7.85583371700011,6.58079919700009],[7.932356556000116,6.531763086000069],[7.962545383000133,6.544017185000143],[8.000555802000179,6.712849513000094],[8.021813562999967,6.723549319000085],[8.050866117000055,6.709307249000119],[8.127608169000098,6.711577808000129],[8.163930276000087,6.765031425000075],[8.220243542000105,6.778783424000039],[8.229325312000128,6.800125554000033],[8.241306642999973,6.791225955000073],[8.243808848000185,6.80814077000008],[8.162188464000053,6.824179750000042],[8.123112493000122,6.881862663000163],[8.126326173000109,6.923961616999975],[8.168641374000174,6.933823838000023],[8.191918895000128,6.969385056000021],[8.10217592600003,6.988883857000133]]]}},{"type":"Feature","properties":{"adm2_pcode":"NG007002","adm2_name":"Agatu","adm1_name":"Benue"},"geometry":{"type":"Polygon","coordinates":[[[8.06291611600011,7.92698881300015],[7.879907328000058,7.985363015000132],[7.676837731000148,8.014471178000065],[7.665040940999972,7.94016767100004],[7.697174054000129,7.935943639000129],[7.663638097999979,7.905889040000034],[7.74469063600003,7.768656650000025],[7.782130920999975,7.788511630000073],[7.872744345000058,7.799778141000161],[8.06378508500012,7.732092121999983],[8.10571392300011,7.80698461500009],[8.180357876000073,7.852580487000068],[8.101983316000087,7.867123959000082],[8.143574721000107,7.903624949000061],[8.092413127000043,7.904586951000056],[8.06291611600011,7.92698881300015]]]}},{"type":"Feature","properties":{"adm2_pcode":"NG007003","adm2_name":"Apa","adm1_name":"Benue"},"geometry":{"type":"Polygon","coordinates":[[[8.065361624000104,7.73262059000001],[7.872744345000058,7.799778141000161],[7.782130920999975,7.788511630000073],[7.74469063600003,7.768656650000025],[7.754673863000164,7.647728332999975],[7.739914636000094,7.537955869000086],[7.779246116000138,7.482761255000071],[7.818340744000068,7.496992166000098],[7.835838245,7.465323497000043],[8.07634913600009,7.642488472000139],[8.065361624000104,7.73262059000001]]]}},{"type":"Feature","properties":{"adm2_pcode":"NG007004","adm2_name":"Buruku","adm1_name":"Benue"},"geometry":{"type":"Polygon","coordinates":[[[9.043637488000115,7.601304508000169],[9.005311285000062,7.582366938000177],[8.961255897000171,7.68729248600016],[8.935525047000112,7.513074031000144],[8.995484502000124,7.506281963],[9.102958361,7.455485390000035],[9.184449489000087,7.364326058000074],[9.189869224000063,7.336116979999986],[9.153971985999988,7.259108961000038],[9.084909235000168,7.239046638000161],[9.067750803000138,7.159649466000133],[9.129532922000124,7.099578457000177],[9.224714747000121,7.07784589900001],[9.303216708000036,7.092803030000084],[9.315567970000075,7.132516320999969],[9.261474890000102,7.163580417000048],[9.259357820000048,7.241691869000078],[9.30291044500018,7.35231395500017],[9.380104448999987,7.378278590000036],[9.363862767000171,7.441216546000021],[9.305207159000133,7.499851908000096],[9.165155562000052,7.501927504000037],[9.091986529999986,7.592235663000054],[9.043637488000115,7.601304508000169]]]}},{"type":"Feature","properties":{"adm2_pcode":"NG007005","adm2_name":"Gboko","adm1_name":"Benue"},"geometry":{"type":"Polygon","coordinates":[[[8.937168797000083,7.513230573000101],[8.90617957000012,7.464166614000135],[8.879002789000083,7.456564657000058],[8.867031275000045,7.491275907000102],[8.778925051000101,7.553069521],[8.748401289000185,7.662618715000121],[8.75345920899997,7.611533191000149],[8.638746061000177,7.49013808300009],[8.610111391000089,7.429648041000178],[8.601893933000156,7.347883629000023],[8.641852192000044,7.235775079000121],[8.723645335000185,7.15048702100006],[8.769582794000087,7.152740896000125],[8.810655136000094,7.200371424000082],[8.85392814300019,7.199663019000184],[8.869883824000055,7.248925323000151],[8.903200268000148,7.274920492999968],[8.984228218999988,7.266418796999972],[9.068886627000154,7.208213061000095],[9.091660292000029,7.244833185000118],[9.153971985999988,7.259108961000038],[9.183333010000183,7.305744365000066],[9.184449489000087,7.364326058000074],[9.102958361,7.455485390000035],[8.995484502000124,7.506281963],[8.937168797000083,7.513230573000101]]]}},{"type":"Feature","properties":{"adm2_pcode":"NG007006","adm2_name":"Guma","adm1_name":"Benue"},"geometry":{"type":"Polygon","coordinates":[[[9.056972797000071,8.07764538400005],[9.025375094000026,8.062576341000124],[8.910846894000088,8.056263920000163],[8.780536437000023,8.07520205000003],[8.621654845000023,8.120214861000022],[8.588485535000075,8.156070427000031],[8.503682833000084,8.158167761000186],[8.426578783000025,8.112175978000039],[8.371117610000113,8.046343825000122],[8.36451063800007,7.920345803000089],[8.397721471000182,7.879961409000032],[8.404662231000145,7.836760382000023],[8.494796768000128,7.885736024000039],[8.55806232100008,7.879223370000147],[8.60690717100016,7.853172919000087],[8.659937992000096,7.783859686000142],[8.66053963500002,7.703127727000037],[8.744454363000102,7.692774425000152],[8.780566866000129,7.733998485000086],[8.822346609000135,7.710395020000135],[8.925805782000054,7.713486697000064],[8.962023848,7.686524840000061],[8.995391063999989,7.594992279000053],[9.017935818000012,7.57875959100005],[9.044088236000107,7.613478800000109],[9.023120709000125,7.802857357],[9.080836440000098,7.875001281000152],[9.183191536000038,7.895743016000097],[9.130944984000053,7.930758902999969],[9.056972797000071,8.07764538400005]]]}},{"type":"Feature","properties":{"adm2_pcode":"NG007007","adm2_name":"Gwer East","adm1_name":"Benue"},"geometry":{"type":"Polygon","coordinates":[[[8.744454363000102,7.692774425000152],[8.66053963500002,7.703127727000037],[8.619931938000036,7.633604654000123],[8.573413736000077,7.597784976000071],[8.537593980000054,7.587551157000064],[8.459531222000123,7.601462115000118],[8.410769165999966,7.586293549000061],[8.346702672999982,7.530858030000161],[8.305522145000111,7.457012782000106],[8.239275287000112,7.423251036000181],[8.226308316000086,7.386338797],[8.13474166900005,7.374030206999976],[8.172887816000127,7.293087828000125],[8.249178044000132,7.209819438000068],[8.283601563000047,7.134924518000048],[8.398539672000084,7.087240078999969],[8.438525218000052,7.046871261000092],[8.466581352999981,7.102499443000113],[8.487520226000072,7.275021563],[8.583922714000096,7.381494205000081],[8.651094534000038,7.510368557000106],[8.75345920899997,7.611533191000149],[8.744454363000102,7.692774425000152]]]}},{"type":"Feature","properties":{"adm2_pcode":"NG007008","adm2_name":"Gwer West","adm1_name":"Benue"},"geometry":{"type":"Polygon","coordinates":[[[8.372159140000122,7.770002370000043],[8.183121598000128,7.85317268200015],[8.124174581999966,7.823301636000053],[8.07752490900009,7.765691348000189],[8.063687141,7.730945524000163],[8.080531931000053,7.635542768000107],[8.064945357000056,7.579066658000158],[8.13474166900005,7.374030206999976],[8.226308316000086,7.386338797],[8.239275287000112,7.423251036000181],[8.305522145000111,7.457012782000106],[8.346702672999982,7.530858030000161],[8.410769165999966,7.586293549000061],[8.465117859000031,7.605903748],[8.38015559500019,7.681709137000155],[8.372159140000122,7.770002370000043]]]}},{"type":"Feature","properties":{"adm2_pcode":"NG007009","adm2_name":"Katsina-Ala","adm1_name":"Benue"},"geometry":{"type":"Polygon","coordinates":[[[9.92511324600008,7.510420315000147],[9.905759961000058,7.647485288000041],[9.855010703,7.588206672000183],[9.807473658999982,7.470884615000102],[9.7933236020001,7.463321443000098],[9.764030854000055,7.492674573000158],[9.726280770000187,7.500007533000087],[9.706319139000072,7.448311398000101],[9.631431065000129,7.40077429500019],[9.602975046000154,7.408355993999976],[9.587829896000073,7.45394441600007],[9.525967993000052,7.527807883000094],[9.475927990000173,7.511603402000048],[9.467197492000082,7.486663346000114],[9.37824444500012,7.483942067999976],[9.35041054300018,7.460824011000057],[9.380104448999987,7.378278590000036],[9.30291044500018,7.35231395500017],[9.259357820000048,7.241691869000078],[9.270018975000141,7.148647952999966],[9.406139886000062,7.072968628000183],[9.424814002000119,7.101144255000065],[9.510124362,7.0830387580001],[9.571705142000098,7.102342851000117],[9.663236032999976,7.070860482000171],[9.771835582000108,7.06956290800008],[9.819707278000124,7.10851457900003],[9.83521446400016,7.217160752000154],[9.824958578000121,7.254598087000034],[9.868047900000022,7.340563988000042],[9.90704621700013,7.49684279600018],[9.92511324600008,7.510420315000147]]]}},{"type":"Feature","properties":{"adm2_pcode":"NG007010","adm2_name":"Konshisha","adm1_name":"Benue"},"geometry":{"type":"Polygon","coordinates":[[[8.796349739000107,7.085472687000106],[8.742229631000043,7.159243595000021],[8.73250699600004,7.146396867000078],[8.712459489000139,7.160274044000118],[8.634861277000084,7.249057759000095],[8.601893933000156,7.347883629000023],[8.610827486000062,7.420341569000016],[8.487520226000072,7.275021563],[8.466581352999981,7.102499443000113],[8.438525218000052,7.046871261000092],[8.561457762000089,6.923984555000118],[8.599207979000141,6.913497911000036],[8.608955381000158,6.859628773000111],[8.664740447000156,6.867979042000059],[8.70374181800014,6.896412812999984],[8.759608411000045,6.891436038000052],[8.848406591000014,6.865565763000177],[8.942987463000122,6.810498690000145],[8.965885086000128,6.876061810000067],[8.926379381000174,6.968026572000042],[8.87744357300005,7.034439683000016],[8.796349739000107,7.085472687000106]]]}},{"type":"Feature","properties":{"adm2_pcode":"NG007011","adm2_name":"Kwande","adm1_name":"Benue"},"geometry":{"type":"Polygon","coordinates":[[[9.731563404000099,7.066891503000136],[9.646951757000181,7.074143955000181],[9.571705142000098,7.102342851000117],[9.510124362,7.0830387580001],[9.424814002000119,7.101144255000065],[9.391687069,7.052682925000113],[9.404925917000071,6.944235765000087],[9.386529631000144,6.912559824000084],[9.296370375000151,6.887620970000057],[9.206760177000092,6.929075674000103],[9.212912520000145,6.884342601000185],[9.172813720000022,6.799285105000024],[9.182799552000063,6.745897690000106],[9.16819703300007,6.686731710000174],[9.30026416200019,6.720088840000017],[9.471092270999975,6.524884154000063],[9.467555305000076,6.450861068000052],[9.54336152400009,6.443444649000071],[9.586208153000086,6.474756220000074],[9.60252294500009,6.538202142000102],[9.64602954500009,6.738594157000023],[9.645699592000028,6.894820233000019],[9.731563404000099,7.066891503000136]]]}},{"type":"Feature","properties":{"adm2_pcode":"NG007012","adm2_name":"Logo","adm1_name":"Benue"},"geometry":{"type":"Polygon","coordinates":[[[9.397112453000034,7.844736357000102],[9.130218667000065,7.788012874],[9.115717033000124,7.808447318000049],[9.17217054800011,7.886630903000139],[9.080836440000098,7.875001281000152],[9.019965452000065,7.781664725000155],[9.043637488000115,7.601304508000169],[9.091986529999986,7.592235663000054],[9.181634968000026,7.496654073000116],[9.305207159000133,7.499851908000096],[9.35041054300018,7.460824011000057],[9.385652318000098,7.485672993000151],[9.470461542000123,7.488828731000126],[9.475927990000173,7.511603402000048],[9.499804494000045,7.521867011999973],[9.462502120000067,7.642886746000045],[9.439686247000054,7.664611542999978],[9.44298911300018,7.697152847000041],[9.41042208600004,7.759026210000115],[9.397112453000034,7.844736357000102]]]}},{"type":"Feature","properties":{"adm2_pcode":"NG007013","adm2_name":"Makurdi","adm1_name":"Benue"},"geometry":{"type":"Polygon","coordinates":[[[8.66053963500002,7.703127727000037],[8.665520645000072,7.764322149000122],[8.64737809900015,7.809910368000146],[8.585973491000061,7.867593672000169],[8.538059514,7.884805674000177],[8.474329171000136,7.882014219000041],[8.428275349000103,7.856429224000124],[8.392920342000025,7.820144546000108],[8.41199371600004,7.768508810000071],[8.369661431000168,7.762926635000156],[8.387788376000117,7.670873423000103],[8.464022078000085,7.611326571000063],[8.457043280000107,7.602706260000161],[8.500379542000019,7.589877103000106],[8.537593980000054,7.587551157000064],[8.597138654000048,7.614066652000076],[8.66053963500002,7.703127727000037]]]}},{"type":"Feature","properties":{"adm2_pcode":"NG007014","adm2_name":"Obi","adm1_name":"Benue"},"geometry":{"type":"Polygon","coordinates":[[[8.40548152100007,7.014905913000121],[8.398539672000084,7.087240078999969],[8.312909365999985,7.116316691000065],[8.274763219000079,7.1465539350001],[8.248110472000121,7.121518044000084],[8.206247288000043,7.11399592000015],[8.19445011300013,7.045623412000168],[8.102643752,7.017231991000187],[8.10217592600003,6.988883857000133],[8.232642351000038,6.957830493000131],[8.265339188999974,6.894974859000058],[8.366405565999969,6.951640555000097],[8.40548152100007,7.014905913000121]]]}},{"type":"Feature","properties":{"adm2_pcode":"NG007015","adm2_name":"Ogbadibo","adm1_name":"Benue"},"geometry":{"type":"Polygon","coordinates":[[[7.776001764000114,6.875904981000133],[7.726272055000095,6.934361888000126],[7.726467789000139,6.957591705000084],[7.772363472000166,6.970745597000075],[7.740647527000078,7.009629704000076],[7.758169534000103,7.120564790000117],[7.686420105000025,7.191008738000107],[7.618469633000132,7.15890237900004],[7.58499684200018,7.106700961000115],[7.58300540100015,7.060043625000048],[7.530513945,7.032278044000122],[7.57135737100009,6.939806919999967],[7.620197679000114,6.919325270000172],[7.67455295000002,6.855517443999986],[7.776001764000114,6.875904981000133]]]}},{"type":"Feature","properties":{"adm2_pcode":"NG007016","adm2_name":"Ohimini","adm1_name":"Benue"},"geometry":{"type":"Polygon","coordinates":[[[8.001581263,7.130193962000135],[8.09985375000008,7.187955431000148],[8.111947748000148,7.212145354000086],[8.101248922000082,7.276340940000182],[8.035236759000043,7.298012934000099],[7.968823434000058,7.342311462000055],[7.851439912000103,7.34413272300003],[7.832842491000122,7.382044139000129],[7.795406941000124,7.389567554999985],[7.774711988000149,7.30119262300002],[7.818734745000086,7.286925277000137],[7.794466659000136,7.227205358000049],[7.962794708000047,7.168716556],[8.001581263,7.130193962000135]]]}},{"type":"Feature","properties":{"adm2_pcode":"NG007017","adm2_name":"Oju","adm1_name":"Benue"},"geometry":{"type":"Polygon","coordinates":[[[8.561457762000089,6.923984555000118],[8.41038612400007,7.064200826],[8.40548152100007,7.014905913000121],[8.366405565999969,6.951640555000097],[8.272933133000038,6.897159613000156],[8.259911784999986,6.894963941000015],[8.24352423900018,6.945919703000129],[8.214203192000184,6.967505208000091],[8.191918895000128,6.969385056000021],[8.168641374000174,6.933823838000023],[8.118806731,6.912803664000023],[8.132880955000132,6.858603358999972],[8.162188464000053,6.824179750000042],[8.243808848000185,6.80814077000008],[8.266106468000146,6.741548065000188],[8.251575534000096,6.735644733000072],[8.28563208200012,6.710215518000041],[8.29451479700009,6.678708960000165],[8.36110587900015,6.693262097],[8.419765186,6.757152000000133],[8.46874525600009,6.746481030000041],[8.578411013000107,6.765244002000145],[8.640314032000163,6.805000908000181],[8.637045116000024,6.825689844000124],[8.601857378000034,6.85004296],[8.599207979000141,6.913497911000036],[8.561457762000089,6.923984555000118]]]}},{"type":"Feature","properties":{"adm2_pcode":"NG007018","adm2_name":"Okpokwu","adm1_name":"Benue"},"geometry":{"type":"Polygon","coordinates":[[[8.001581263,7.130193962000135],[7.962794708000047,7.168716556],[7.794466659000136,7.227205358000049],[7.78337634899998,7.206027538000171],[7.685693931000174,7.193865201000108],[7.758169534000103,7.120564790000117],[7.740647527000078,7.009629704000076],[7.772363472000166,6.970745597000075],[7.726467789000139,6.957591705000084],[7.726272055000095,6.934361888000126],[7.776001764000114,6.875904981000133],[7.826759985000081,6.891683581000052],[7.882596942000021,6.858291682000015],[7.914709132000098,6.867907049000053],[7.929129650000107,6.877676020000024],[7.908134143000098,6.920279626000081],[7.922154271000181,6.951624798000125],[7.982906015000083,6.968071598000051],[8.009010035000017,6.95078508000006],[8.001924943,7.028891756000064],[8.049489758000107,7.029321625000023],[7.983906946,7.115039351000064],[8.001581263,7.130193962000135]]]}},{"type":"Feature","properties":{"adm2_pcode":"NG007019","adm2_name":"Oturkpo","adm1_name":"Benue"},"geometry":{"type":"Polygon","coordinates":[[[8.181261320000033,7.280993093000063],[8.064945357000056,7.579066658000158],[8.07634913600009,7.642488472000139],[7.836921355000129,7.466675646000112],[7.793993636000152,7.415134370000033],[7.795406941000124,7.389567554999985],[7.832842491000122,7.382044139000129],[7.851439912000103,7.34413272300003],[7.968823434000058,7.342311462000055],[8.035236759000043,7.298012934000099],[8.101248922000082,7.276340940000182],[8.111947748000148,7.212145354000086],[8.09985375000008,7.187955431000148],[7.983906946,7.115039351000064],[8.073048527000083,7.001486519000025],[8.10217592600003,6.988883857000133],[8.102643752,7.017231991000187],[8.19445011300013,7.045623412000168],[8.206247288000043,7.11399592000015],[8.248110472000121,7.121518044000084],[8.274763219000079,7.1465539350001],[8.249178044000132,7.209819438000068],[8.181261320000033,7.280993093000063]]]}},{"type":"Feature","properties":{"adm2_pcode":"NG007020","adm2_name":"Tarka","adm1_name":"Benue"},"geometry":{"type":"Polygon","coordinates":[[[8.961255897000171,7.68729248600016],[8.925805782000054,7.713486697000064],[8.822346609000135,7.710395020000135],[8.780566866000129,7.733998485000086],[8.746482774000128,7.705612170000165],[8.74397145,7.661353436000127],[8.759282480000138,7.657201881000105],[8.778925051000101,7.553069521],[8.867031275000045,7.491275907000102],[8.879002789000083,7.456564657000058],[8.90617957000012,7.464166614000135],[8.937168797000083,7.513230573000101],[8.961255897000171,7.68729248600016]]]}},{"type":"Feature","properties":{"adm2_pcode":"NG007021","adm2_name":"Ukum","adm1_name":"Benue"},"geometry":{"type":"Polygon","coordinates":[[[9.905215989,7.647486630000174],[9.57004166300004,7.898756596],[9.458993965000104,7.880469763000178],[9.397112453000034,7.844736357000102],[9.41042208600004,7.759026210000115],[9.44298911300018,7.697152847000041],[9.439686247000054,7.664611542999978],[9.462502120000067,7.642886746000045],[9.499804494000045,7.521867011999973],[9.531402222,7.525630508000177],[9.619265413,7.399650046000147],[9.706319139000072,7.448311398000101],[9.726280770000187,7.500007533000087],[9.764030854000055,7.492674573000158],[9.7933236020001,7.463321443000098],[9.817277549000096,7.479541729000175],[9.855010703,7.588206672000183],[9.905215989,7.647486630000174]]]}},{"type":"Feature","properties":{"adm2_pcode":"NG007022","adm2_name":"Ushongo","adm1_name":"Benue"},"geometry":{"type":"Polygon","coordinates":[[[9.069430695000051,7.209214386000099],[8.984228218999988,7.266418796999972],[8.920357433000163,7.280639595000139],[8.869883824000055,7.248925323000151],[8.85392814300019,7.199663019000184],[8.810655136000094,7.200371424000082],[8.75004177000011,7.139162124000165],[8.796349739000107,7.085472687000106],[8.881219125000143,7.028775628000062],[8.933877020000125,7.035587045999989],[8.975890530000186,7.014522725],[9.014294318000168,7.032873518000031],[9.03767078300018,7.027867219000143],[9.046016485000052,7.002843282000072],[9.10612990900006,7.024517446000175],[9.139521179000099,7.014496973],[9.177881273000025,6.926066152000146],[9.204932460000123,6.930218865000086],[9.259655782000038,6.895989859],[9.333093911000049,6.890925806000155],[9.401567339000053,6.925889360000042],[9.391687069,7.052682925000113],[9.406139886000062,7.072968628000183],[9.315567970000075,7.132516320999969],[9.303216708000036,7.092803030000084],[9.224714747000121,7.07784589900001],[9.129532922000124,7.099578457000177],[9.067750803000138,7.159649466000133],[9.069430695000051,7.209214386000099]]]}},{"type":"Feature","properties":{"adm2_pcode":"NG007023","adm2_name":"Vandeikya","adm1_name":"Benue"},"geometry":{"type":"Polygon","coordinates":[[[9.206760177000092,6.929075674000103],[9.177881273000025,6.926066152000146],[9.14619590000018,7.004485338000052],[9.117817345000049,7.02117754700015],[9.046016485000052,7.002843282000072],[9.03767078300018,7.027867219000143],[9.014294318000168,7.032873518000031],[8.975890530000186,7.014522725],[8.933877020000125,7.035587045999989],[8.881219125000143,7.028775628000062],[8.926379381000174,6.968026572000042],[8.965885086000128,6.876061810000067],[8.942987463000122,6.810498690000145],[9.007475096000121,6.761751663000098],[8.96920770100013,6.69366702800005],[8.992015986000183,6.692361018000156],[9.035036194000043,6.647288664000143],[9.070367554000029,6.642453196000076],[9.16819703300007,6.686731710000174],[9.182799552000063,6.745897690000106],[9.172813720000022,6.799285105000024],[9.212912520000145,6.884342601000185],[9.206760177000092,6.929075674000103]]]}},{"type":"Feature","properties":{"adm2_pcode":"NG008001","adm2_name":"Abadam","adm1_name":"Borno"},"geometry":{"type":"Polygon","coordinates":[[[13.834766740000134,13.423358661000123],[13.631642854000063,13.711722340000051],[13.354505733000167,13.714055015000042],[13.274415116000057,13.648469166000154],[13.249189275000163,13.613784057999965],[13.26369352000006,13.590449962000037],[13.237837458000172,13.585405394000077],[13.242251794000026,13.56585525100013],[13.213873593000073,13.550088824000113],[13.198738608000042,13.509728117000122],[13.18549461400005,13.531170038000084],[13.145133609000027,13.51603531600017],[13.149548468000035,13.545044274000134],[13.124953780000055,13.539368869000157],[13.126845003000085,13.519188083000131],[13.105403528000181,13.534953924000149],[13.09153023000016,13.514142934000063],[13.068196119000106,13.52990929400005],[13.081285660000049,13.545779552000056],[13.063958334000063,13.547429471000044],[13.046079878000114,13.524600574999965],[12.970715719000111,13.514973678000047],[12.924782617000119,13.48334163100003],[12.877749352000137,13.496820192000143],[12.878298940000093,13.470691007000084],[12.850244602000032,13.470140702000151],[12.862621809000188,13.439058978000048],[12.841442634000089,13.4434604220001],[12.816098130000057,13.425141215],[12.833740961000103,13.404403966000075],[12.81619595300009,13.390970524000068],[12.992890721000094,13.257970138000076],[13.097020299000121,13.135020187000066],[13.12013976500009,13.081760170000052],[13.165169740000067,13.07468028000011],[13.219490083000096,13.082720059000167],[13.268799876000173,13.118170057000157],[13.311280235000027,13.165759863000119],[13.335329622000074,13.241769637000175],[13.385990711000034,13.304860137000105],[13.507146010000042,13.311386006000134],[13.834766740000134,13.423358661000123]]]}},{"type":"Feature","properties":{"adm2_pcode":"NG008002","adm2_name":"Askira/Uba","adm1_name":"Borno"},"geometry":{"type":"Polygon","coordinates":[[[13.33622418400006,10.854561029000081],[13.163592114999972,10.861004243000139],[13.000813748999974,10.835611897000035],[13.011530026000173,10.818209797000122],[13.002102819000072,10.722120953000115],[12.963623983000048,10.686563257000046],[12.934577522999973,10.703013901000134],[12.79596661000005,10.719152076000057],[12.585730032000129,10.71718008200014],[12.545950204000178,10.724879939000118],[12.52298993800008,10.76830006200015],[12.48241083300013,10.756719678000138],[12.392780065000125,10.656609635000052],[12.543751743000087,10.58577830500019],[12.6127790970001,10.448620111000082],[12.639759443000116,10.437894635000134],[12.73181841800016,10.572695791000058],[12.760800859000028,10.58292699499998],[12.875340318000099,10.573511331000077],[12.95855763200018,10.5481493260001],[13.052586610000105,10.459819264000089],[13.20527168600006,10.414923161],[13.242563701000165,10.50508722000012],[13.236433615000124,10.581991176000088],[13.311245585000165,10.71346112800012],[13.33622418400006,10.854561029000081]]]}},{"type":"Feature","properties":{"adm2_pcode":"NG008003","adm2_name":"Bama","adm1_name":"Borno"},"geometry":{"type":"Polygon","coordinates":[[[14.583021014000167,11.751125407000075],[14.434519545000057,11.786789866],[14.305929623000111,11.849769407999986],[14.155919506000089,11.802829475000124],[14.105100057000186,11.800919463000184],[14.051979617000029,11.744790271000113],[14.050310588000059,11.719699886000058],[14.008859152000127,11.702299821000054],[13.938276834000078,11.703338552000105],[13.79964845,11.741570832000093],[13.74890074100017,11.73629486100009],[13.727410316000089,11.724220195000044],[13.715349857999968,11.667289846000074],[13.663142217000143,11.613738358000148],[13.681118814000115,11.543221635000123],[13.667882755000164,11.51544133200008],[13.529689517000065,11.543480056000078],[13.430590080000115,11.484979702000146],[13.537810813000021,11.452639717000125],[13.597830912,11.407068025],[13.67385958400007,11.389519634000123],[13.790059713000062,11.289270288000182],[13.990561525999965,11.31250556000009],[14.063069847000179,11.286698249000096],[14.101435797000022,11.25152499000012],[14.176321862000123,11.232408594000105],[14.202388111000062,11.272315665],[14.429905279000025,11.415121837000072],[14.45387024400003,11.461821647000079],[14.55434078999997,11.490028216000042],[14.624759571000084,11.536149802000011],[14.647396215000072,11.60201827700007],[14.63963829000005,11.639257147000137],[14.55352194500017,11.717615249000175],[14.583021014000167,11.751125407000075]]]}},{"type":"Feature","properties":{"adm2_pcode":"NG008004","adm2_name":"Bayo","adm1_name":"Borno"},"geometry":{"type":"Polygon","coordinates":[[[11.807660358000021,10.619099549000111],[11.801600224000083,10.649570224000172],[11.822079488999975,10.698690199000168],[11.811199941999973,10.713470483000094],[11.71010990600007,10.632430270999976],[11.640150340000048,10.609040031],[11.65020094200014,10.529296667000096],[11.63548014800017,10.394550546000062],[11.533864883000092,10.311686444000031],[11.565323023000019,10.287399132000075],[11.601275615000077,10.208057048000171],[11.685305940000035,10.181938731000173],[11.789596126000049,10.237636580000128],[11.816820133000022,10.283650562000105],[11.811227870000153,10.382485227000132],[11.773360178000132,10.449099406000073],[11.760160646000088,10.5294799240001],[11.768250206000062,10.57556996300002],[11.807660358000021,10.619099549000111]]]}},{"type":"Feature","properties":{"adm2_pcode":"NG008005","adm2_name":"Biu","adm1_name":"Borno"},"geometry":{"type":"Polygon","coordinates":[[[12.520689573000084,10.765430510000044],[12.507381815000144,10.813323532000027],[12.44292512200002,10.81769918700013],[12.40361041500006,10.894100335000076],[12.366589548000036,10.926509629000066],[12.146030360999987,11.070329935000132],[12.098940078999988,11.051220040000032],[12.028980257000114,11.062069973000064],[11.936550043000125,10.967020163000086],[11.766843131000087,10.920035047000113],[11.681222456,10.875900300000126],[11.734213222000108,10.810748032000106],[11.721130368000104,10.744739313000025],[11.750519671000063,10.722310186000072],[11.768280008999966,10.68033980700011],[11.793880536000131,10.70725992500013],[11.818900041000177,10.707130293000034],[11.801119719000042,10.644840399000088],[11.810179580000124,10.614800719000073],[11.913219344000026,10.562257243000033],[11.97853995500003,10.579222361000063],[12.001649568000175,10.62779045800005],[12.040639633000069,10.652150169000038],[12.10484388500015,10.592919258000109],[12.131107576000147,10.586770281000042],[12.163180537000073,10.603490052999973],[12.213299502000098,10.538410471000134],[12.243720472000064,10.546190022000133],[12.286600403000136,10.594869547000144],[12.337075196000114,10.623415432000058],[12.433905247000041,10.577764779000063],[12.444535682000094,10.62854987999998],[12.392780065000125,10.656609635000052],[12.48241083300013,10.756719678000138],[12.520689573000084,10.765430510000044]]]}},{"type":"Feature","properties":{"adm2_pcode":"NG008006","adm2_name":"Chibok","adm1_name":"Borno"},"geometry":{"type":"Polygon","coordinates":[[[13.08888994,10.842413763000081],[13.087201064999988,10.94018852500011],[12.828282768000122,10.963549805000184],[12.676931216000014,11.016768863000152],[12.556206420000024,10.885089667000045],[12.546526900000117,10.810607714000014],[12.519200229000091,10.781787687000133],[12.545950204000178,10.724879939000118],[12.79596661000005,10.719152076000057],[12.934577522999973,10.703013901000134],[12.962066281000148,10.686272478999967],[13.002102819000072,10.722120953000115],[13.011530026000173,10.818209797000122],[13.000813748999974,10.835611897000035],[13.08888994,10.842413763000081]]]}},{"type":"Feature","properties":{"adm2_pcode":"NG008007","adm2_name":"Damboa","adm1_name":"Borno"},"geometry":{"type":"Polygon","coordinates":[[[12.383429870000043,11.410889475000033],[12.330318818000137,11.492897798000172],[12.316013380000072,11.453166820000149],[12.244626353000115,11.413972051000144],[12.186900368000067,11.301859855000089],[12.10748931300003,11.256079625000098],[12.11465000700008,11.15579048800015],[12.146030360999987,11.070329935000132],[12.398520369000096,10.900759844000163],[12.44962376400008,10.812874676000035],[12.507381815000144,10.813323532000027],[12.519200229000091,10.781787687000133],[12.546526900000117,10.810607714000014],[12.556206420000024,10.885089667000045],[12.676931216000014,11.016768863000152],[12.828282768000122,10.963549805000184],[13.087201064999988,10.94018852500011],[13.08888994,10.842413763000081],[13.163592114999972,10.861004243000139],[13.33622418400006,10.854561029000081],[13.330974623000088,10.930047669000032],[13.307682896000188,10.987489545000187],[13.351287869000032,11.102350873000148],[13.332859447999965,11.282970191000175],[13.214209720000099,11.33883009900012],[13.130570152000018,11.425330224000163],[13.063460576000068,11.430290082],[13.017180931000098,11.327779487999976],[12.950949502000071,11.287199812000097],[12.89250134100007,11.268195691000017],[12.861485396000035,11.282216095000138],[12.823243582000089,11.188355619000106],[12.789355435000061,11.174631192000106],[12.76888373700018,11.222631817000035],[12.696694032999972,11.26318466500004],[12.630334949000144,11.243130113000177],[12.590064276000135,11.249894187999985],[12.509640683000157,11.342070503],[12.383429870000043,11.410889475000033]]]}},{"type":"Feature","properties":{"adm2_pcode":"NG008008","adm2_name":"Dikwa","adm1_name":"Borno"},"geometry":{"type":"Polygon","coordinates":[[[14.32983499400018,12.070459801000027],[14.266203511000128,12.104487154000026],[14.228293435000126,12.039813640000034],[14.183453180000072,12.030279043000121],[14.160670694000089,12.000108845000113],[14.137406286000044,11.996196711999971],[14.110097176000181,12.0101228420001],[14.048121305,12.12698879200002],[14.006500313000117,12.16396591900002],[13.970792288000098,12.15927455600007],[13.953420920000042,12.112744552000095],[13.887063130000115,12.122565145000067],[13.835599869000077,12.064410287999976],[13.833939,12.005089818000044],[13.858181657000102,11.942363765000152],[13.801193898000179,11.793209742000045],[13.73167003600014,11.7295237350001],[13.79964845,11.741570832000093],[13.938276834000078,11.703338552000105],[14.008859152000127,11.702299821000054],[14.050310588000059,11.719699886000058],[14.051979617000029,11.744790271000113],[14.105100057000186,11.800919463000184],[14.301719894000087,11.845120342000087],[14.32983499400018,12.070459801000027]]]}},{"type":"Feature","properties":{"adm2_pcode":"NG008009","adm2_name":"Gubio","adm1_name":"Borno"},"geometry":{"type":"Polygon","coordinates":[[[13.030612974000064,12.850206113000127],[12.996710569000129,12.800323332000119],[12.922760059000097,12.812879559000123],[12.928059320000045,12.902729955000154],[12.910580227000082,12.957690136000167],[12.850610157000176,13.05064022800019],[12.672600180000131,12.814160334000121],[12.477544796000132,12.717757619],[12.490464609000185,12.662413491999985],[12.469037915000115,12.617531870000107],[12.431328510000128,12.602698705000023],[12.431518914000037,12.586362436000059],[12.488880476000134,12.503860593000127],[12.588139172000183,12.48419399300002],[12.651058714000044,12.429309906000071],[12.809038912000062,12.400962302000096],[12.883850553000173,12.363102471000047],[12.887527949000173,12.397163297000077],[12.914859079000053,12.430057856000133],[12.919557633000181,12.507746428000189],[12.952629845000104,12.535837468000125],[12.959244725000133,12.61160866400013],[13.034338371000047,12.646353482999984],[13.035113469000066,12.715550011000119],[13.01254551600016,12.766986176000103],[13.033112823000067,12.795204291000118],[13.030612974000064,12.850206113000127]]]}},{"type":"Feature","properties":{"adm2_pcode":"NG008010","adm2_name":"Guzamala","adm1_name":"Borno"},"geometry":{"type":"Polygon","coordinates":[[[13.57010026600011,12.667590023000116],[13.487399844000151,12.849459827000032],[13.345620571999973,12.96506956900015],[13.339285907000146,13.114008667000121],[13.317843946000153,13.137968791000162],[13.289822200000117,13.141702625],[13.224019973000054,13.084819645000152],[13.165169740000067,13.07468028000011],[12.955029871000079,13.113409757000113],[12.892139913,13.088789974000122],[12.850610157000176,13.05064022800019],[12.910580227000082,12.957690136000167],[12.928059320000045,12.902729955000154],[12.922760059000097,12.812879559000123],[12.996710569000129,12.800323332000119],[13.029758584000092,12.849916581000173],[13.078057446000116,12.864773913000079],[13.14066937500013,12.83990941900015],[13.143975273000137,12.786412042000165],[13.19643062800003,12.75943015700011],[13.22169969600003,12.704305562000116],[13.218613157,12.634455398000114],[13.341107875000091,12.619854585000041],[13.33779042600014,12.526512388000185],[13.404406271000028,12.575977272000046],[13.477510996000149,12.582380394000097],[13.523923312000022,12.60656229400007],[13.524329035999983,12.638869936000106],[13.559766289000095,12.645417978000125],[13.57010026600011,12.667590023000116]]]}},{"type":"Feature","properties":{"adm2_pcode":"NG008011","adm2_name":"Gwoza","adm1_name":"Borno"},"geometry":{"type":"Polygon","coordinates":[[[13.430590080000115,11.484979702000146],[13.356839728000125,11.303980043000024],[13.331669908000151,11.279709584000102],[13.351287869000032,11.102350873000148],[13.307682896000188,10.987489545000187],[13.335214485000051,10.895173400000147],[13.350379268999973,10.931692221000048],[13.380606548000173,10.89908095900006],[13.450349273000143,10.872410664000029],[13.502311979000012,10.88832037100002],[13.577307328000074,10.948335811000106],[13.692224932000101,10.94558355800001],[13.767069406000019,11.003850007000096],[13.79035315200008,11.005842409000081],[13.82527061400009,11.069177773000035],[13.885871919000067,11.12416581499997],[13.879958070000043,11.142298778999987],[13.91006631100015,11.169949769000084],[13.973744863000093,11.301289330000031],[13.90060078100015,11.307129982000106],[13.790059713000062,11.289270288000182],[13.67385958400007,11.389519634000123],[13.597830912,11.407068025],[13.537810813000021,11.452639717000125],[13.430590080000115,11.484979702000146]]]}},{"type":"Feature","properties":{"adm2_pcode":"NG008012","adm2_name":"Hawul","adm1_name":"Borno"},"geometry":{"type":"Polygon","coordinates":[[[12.444535682000094,10.62854987999998],[12.433905247000041,10.577764779000063],[12.337075196000114,10.623415432000058],[12.286600403000136,10.594869547000144],[12.243720472000064,10.546190022000133],[12.213299502000098,10.538410471000134],[12.163180537000073,10.603490052999973],[12.108480449000126,10.59160008400005],[12.044369419000134,10.652079409000066],[12.023320261000038,10.645939566000152],[11.972397467,10.57011006099998],[12.037494171000048,10.417630640000084],[12.018451001000017,10.371620005000182],[11.996312500000158,10.359222841000076],[12.008458829000176,10.291679260000024],[12.08285874600017,10.266444591000095],[12.188570512000013,10.29271958400011],[12.263949813000067,10.263086569000109],[12.302369611000131,10.311664575000066],[12.443598322000128,10.317062107000083],[12.55496181600006,10.371728219999966],[12.564589415000057,10.452709212000116],[12.606018059000064,10.467631624999967],[12.543751743000087,10.58577830500019],[12.444535682000094,10.62854987999998]]]}},{"type":"Feature","properties":{"adm2_pcode":"NG008013","adm2_name":"Jere","adm1_name":"Borno"},"geometry":{"type":"Polygon","coordinates":[[[13.149491587,12.155835393000189],[13.112900046000107,12.161290171000132],[13.086460369000179,12.130130012000052],[13.069249755999977,11.990630440000075],[13.080860493000102,11.924579765000033],[13.142409936000035,11.902879479000092],[13.183657393000033,11.819457260000036],[13.074630653000156,11.744003819000056],[13.068097069000089,11.76870024100009],[13.097013938000032,11.818005135000021],[13.082053503000054,11.851793687000054],[13.012120799000115,11.714619403000086],[13.032209832000035,11.694199763000029],[13.0717598170001,11.692689736999966],[13.18556038600019,11.73997948400006],[13.214469928000142,11.695709953000119],[13.272210157000131,11.689109650000148],[13.286900285000058,11.725946562],[13.230820115000142,11.7780506900001],[13.225943430000143,11.81836624500005],[13.244037507000087,11.84770819500011],[13.311650714000052,11.838010027000053],[13.328009181000027,11.869010139000125],[13.301869974000056,11.920869658000129],[13.24135036500013,11.971220104000054],[13.258649602000162,12.011670194000033],[13.24244918700009,12.056409639000151],[13.178110180000147,12.103200109000056],[13.149491587,12.155835393000189]]]}},{"type":"Feature","properties":{"adm2_pcode":"NG008014","adm2_name":"Kaga","adm1_name":"Borno"},"geometry":{"type":"Polygon","coordinates":[[[12.567726736000054,11.920230055000047],[12.447858176000182,11.904378506000057],[12.409706322000034,11.922700851],[12.246589900000174,11.924671384000078],[12.248440144000142,11.798830131000102],[12.178245921000098,11.65835150300012],[12.223719519000099,11.632855024000037],[12.274844400000063,11.69402149400014],[12.301113649000115,11.6449094190001],[12.299958763000177,11.608619084000054],[12.348465619000137,11.58307810600013],[12.373544407,11.54975649700009],[12.338264995000088,11.482850141000085],[12.368099886000095,11.427209720000064],[12.509640683000157,11.342070503],[12.567665410000131,11.269226873999969],[12.615798816999984,11.241679001000023],[12.705330181000079,11.273460517999979],[12.692749279999987,11.339613291000092],[12.643092874000104,11.346535352000046],[12.607444137000073,11.36998182300016],[12.667008944000088,11.421511230000021],[12.624078718000021,11.618061784000133],[12.651131792,11.704905820000079],[12.692380343000139,11.762060351000173],[12.656950209000115,11.850150099000132],[12.567726736000054,11.920230055000047]]]}},{"type":"Feature","properties":{"adm2_pcode":"NG008015","adm2_name":"Kala/Balge","adm1_name":"Borno"},"geometry":{"type":"Polygon","coordinates":[[[14.583021014000167,11.751125407000075],[14.61022600900003,11.779845070000022],[14.607383158000061,11.868445131999977],[14.641223160000095,11.905125676000068],[14.658012542000165,11.956012559000044],[14.62318966500004,12.037817271000165],[14.65155562800004,12.061143852999976],[14.640189133999968,12.088783491000015],[14.678040542000133,12.165261447000091],[14.658528773000171,12.194949070000064],[14.624508551000133,12.178449794000187],[14.604025939,12.187716568999974],[14.597826944000019,12.220004927000048],[14.550030436000043,12.23508437200013],[14.560630388999982,12.25487598899997],[14.51434371200014,12.295597840000028],[14.522916230000135,12.317129147000117],[14.487965215000088,12.348353620000182],[14.356685684000126,12.362596962000055],[14.367970344000184,12.231660048000151],[14.318770057000108,12.028690116000178],[14.305929623000111,11.849769407999986],[14.434519545000057,11.786789866],[14.583021014000167,11.751125407000075]]]}},{"type":"Feature","properties":{"adm2_pcode":"NG008016","adm2_name":"Konduga","adm1_name":"Borno"},"geometry":{"type":"Polygon","coordinates":[[[13.149491587,12.155835393000189],[13.123820413000146,12.199680071000046],[13.033490740000161,12.149740139000187],[12.999039179000079,12.059009652999976],[12.955226181000171,12.003000427000075],[12.98262023,11.921680478000042],[12.93854995700002,11.88685986400003],[12.84602902100005,11.866460952000125],[12.742659070000059,11.87129134200012],[12.706255559999988,11.932057925000095],[12.719880230000058,12.014973922000024],[12.64233485200009,11.92513950900019],[12.567726736000054,11.920230055000047],[12.656950209000115,11.850150099000132],[12.692380343000139,11.762060351000173],[12.651131792,11.704905820000079],[12.624078718000021,11.618061784000133],[12.667008944000088,11.421511230000021],[12.607444137000073,11.36998182300016],[12.643092874000104,11.346535352000046],[12.692749279999987,11.339613291000092],[12.705330181000079,11.273460517999979],[12.687750743000038,11.265316159000179],[12.76888373700018,11.222631817000035],[12.77971046100015,11.177915736999978],[12.823243582000089,11.188355619000106],[12.861485396000035,11.282216095000138],[12.89250134100007,11.268195691000017],[12.92380044700019,11.27462010700009],[13.011460163000152,11.32242992300013],[13.072520532000112,11.434479467000187],[13.130570152000018,11.425330224000163],[13.214209720000099,11.33883009900012],[13.332859447999965,11.282970191000175],[13.356839728000125,11.303980043000024],[13.411850023000056,11.464589924999984],[13.447429421000095,11.503580306000117],[13.529689517000065,11.543480056000078],[13.644060058000036,11.513549796000063],[13.667882755000164,11.51544133200008],[13.680150802000128,11.534765080000057],[13.663142217000143,11.613738358000148],[13.715349857999968,11.667289846000074],[13.727410316000089,11.724220195000044],[13.759249714000191,11.763290462000043],[13.663460086000043,11.823439809000092],[13.598955876000048,11.824629181000091],[13.546330248000174,11.79443006300005],[13.443570518000115,11.790990052999973],[13.31521938600008,11.763686825999969],[13.252259900000126,11.785280197000077],[13.255810462000113,11.809083193999982],[13.28920756499997,11.836062152000068],[13.244037507000087,11.84770819500011],[13.223270571000057,11.791680376000159],[13.285820083000033,11.728639488000056],[13.278240509000113,11.691910055000108],[13.214469928000142,11.695709953000119],[13.196600451000165,11.732480126000041],[13.175869673000136,11.74089990900012],[13.0717598170001,11.692689736999966],[13.017120168000133,11.704320231000054],[13.01639983300015,11.740030049000097],[13.05280861500006,11.782298999000147],[13.087849531000188,11.866809960000069],[13.069249755999977,11.990630440000075],[13.074629861000062,12.10122985999999],[13.112900046000107,12.161290171000132],[13.149491587,12.155835393000189]]]}},{"type":"Feature","properties":{"adm2_pcode":"NG008017","adm2_name":"Kukawa","adm1_name":"Borno"},"geometry":{"type":"Polygon","coordinates":[[[14.137200764999989,12.80829995],[14.082819857,13.08249001900009],[13.834766740000134,13.423358661000123],[13.507146010000042,13.311386006000134],[13.385990711000034,13.304860137000105],[13.335329622000074,13.241769637000175],[13.315569653000182,13.174060034000036],[13.289822200000117,13.141702625],[13.317843946000153,13.137968791000162],[13.339285907000146,13.114008667000121],[13.345620571999973,12.96506956900015],[13.487399844000151,12.849459827000032],[13.57010026600011,12.667590023000116],[13.626559677000046,12.705449971000064],[13.739549594000152,12.716568529000028],[13.955640305000088,12.779460113000027],[14.137200764999989,12.80829995]]]}},{"type":"Feature","properties":{"adm2_pcode":"NG008018","adm2_name":"Kwaya Kusar","adm1_name":"Borno"},"geometry":{"type":"Polygon","coordinates":[[[11.97853995500003,10.579222361000063],[11.892113035000136,10.56672242400009],[11.807660358000021,10.619099549000111],[11.768250206000062,10.57556996300002],[11.773360178000132,10.449099406000073],[11.813229237000087,10.373236778000091],[11.80601975500008,10.319179774000077],[11.818010320000042,10.28689968600014],[11.789429487000177,10.243229731000099],[11.863873885000032,10.270996807000188],[11.887467139000137,10.307455344000061],[12.018451001000017,10.371620005000182],[12.037494171000048,10.417630640000084],[11.972320787000058,10.560761675000094],[11.97853995500003,10.579222361000063]]]}},{"type":"Feature","properties":{"adm2_pcode":"NG008019","adm2_name":"Mafa","adm1_name":"Borno"},"geometry":{"type":"Polygon","coordinates":[[[13.466210111000066,12.277319751000164],[13.363533382000071,12.240974649000123],[13.333740122000052,12.254540228000167],[13.28417935200008,12.327989457000058],[13.245296913000175,12.308808216000045],[13.281740415000172,12.12957018100019],[13.265309976000026,12.077810474000103],[13.24244918700009,12.056409639000151],[13.258649602000162,12.011670194000033],[13.24135036500013,11.971220104000054],[13.301869974000056,11.920869658000129],[13.328009181000027,11.869010139000125],[13.311650714000052,11.838010027000053],[13.265027755000062,11.821418860000108],[13.252259900000126,11.785280197000077],[13.31521938600008,11.763686825999969],[13.443570518000115,11.790990052999973],[13.546330248000174,11.79443006300005],[13.598955876000048,11.824629181000091],[13.669019602000162,11.821510468000099],[13.759249714000191,11.763290462000043],[13.787832636000076,11.778873448000127],[13.858181657000102,11.942363765000152],[13.833939,12.005089818000044],[13.835599869000077,12.064410287999976],[13.887063130000115,12.122565145000067],[13.877586989000065,12.157384649000107],[13.760130217000096,12.200639796000132],[13.689860701000157,12.12845980800006],[13.605920344000026,12.131930437000108],[13.500519780000161,12.213749756000084],[13.466210111000066,12.277319751000164]]]}},{"type":"Feature","properties":{"adm2_pcode":"NG008020","adm2_name":"Magumeri","adm1_name":"Borno"},"geometry":{"type":"Polygon","coordinates":[[[12.882754921000128,12.363591915000086],[12.809038912000062,12.400962302000096],[12.651058714000044,12.429309906000071],[12.588139172000183,12.48419399300002],[12.488880476000134,12.503860593000127],[12.43390009899997,12.581310063000103],[12.388899880000167,12.508010041999967],[12.2610992810001,12.422970100999976],[12.305930637000074,12.287249093000128],[12.246589900000174,11.924671384000078],[12.409706322000034,11.922700851],[12.447858176000182,11.904378506000057],[12.64233485200009,11.92513950900019],[12.719880230000058,12.014973922000024],[12.706255559999988,11.932057925000095],[12.742659070000059,11.87129134200012],[12.84602902100005,11.866460952000125],[12.968409207000036,11.903390126000147],[12.981740437000155,11.932990330000052],[12.955226181000171,12.003000427000075],[12.999039179000079,12.059009652999976],[13.042699333000144,12.16120995000017],[13.123820413000146,12.199680071000046],[13.13147258700019,12.301454081000088],[13.124696696000058,12.311707303000048],[13.100233434000131,12.28212197300013],[13.048543718000076,12.28268793500007],[12.912457542000027,12.318748854000091],[12.882754921000128,12.363591915000086]]]}},{"type":"Feature","properties":{"adm2_pcode":"NG008021","adm2_name":"Maiduguri","adm1_name":"Borno"},"geometry":{"type":"Polygon","coordinates":[[[13.080860493000102,11.924579765000033],[13.097013938000032,11.818005135000021],[13.068097069000089,11.76870024100009],[13.074630653000156,11.744003819000056],[13.183657393000033,11.819457260000036],[13.15180790800008,11.892531518],[13.112149663000139,11.919500619000075],[13.080860493000102,11.924579765000033]]]}},{"type":"Feature","properties":{"adm2_pcode":"NG008022","adm2_name":"Marte","adm1_name":"Borno"},"geometry":{"type":"Polygon","coordinates":[[[14.152765266000074,12.704970150000065],[13.790630258000078,12.677820045000146],[13.734370636000108,12.560972517000096],[13.727203312000029,12.475563402000148],[13.709035246000099,12.4441956390001],[13.603301898000097,12.38901342000014],[13.490492791000179,12.3695739530001],[13.466589595000016,12.336779642000181],[13.465009145000181,12.28110000300012],[13.497980123000104,12.217080189],[13.624109887000031,12.126839869000037],[13.698910081000179,12.13265054500016],[13.760130217000096,12.200639796000132],[13.86669170800019,12.16919107100017],[13.893469649000053,12.114770087000068],[13.953420920000042,12.112744552000095],[13.971874586000126,12.147493360000169],[13.965719053000043,12.200080135000121],[14.017288946000065,12.259514241000034],[14.052924096000083,12.347103630000163],[14.0430275330001,12.37772404500015],[14.091862863000074,12.423635236000052],[14.172630857000172,12.590740849000042],[14.152765266000074,12.704970150000065]]]}},{"type":"Feature","properties":{"adm2_pcode":"NG008023","adm2_name":"Mobbar","adm1_name":"Borno"},"geometry":{"type":"Polygon","coordinates":[[[13.12013976500009,13.081760170000052],[13.097020299000121,13.135020187000066],[12.992890721000094,13.257970138000076],[12.81619595300009,13.390970524000068],[12.782792310000161,13.35810615500003],[12.753151651000053,13.3529689020001],[12.740548137000133,13.32302136800007],[12.713819588000035,13.316112374000056],[12.720695196000179,13.305385365000063],[12.692091492000088,13.312261373000013],[12.673937825000053,13.27265439700011],[12.643131701000073,13.299884630000122],[12.626628450000169,13.272104194000178],[12.579044867999983,13.269079492],[12.55112691000005,13.201417115000083],[12.536000330000093,13.210768509],[12.542326251000077,13.193440475000159],[12.564330438000013,13.191789675000166],[12.558553927,13.157408641000131],[12.500242969000112,13.134579889000065],[12.497629553000081,13.084245704000182],[12.480027750000033,13.083420530000126],[12.480027108000172,13.064441633000172],[12.394129994000025,13.077099768000096],[12.405260545000033,12.985931896000125],[12.377654477000078,12.877483832000166],[12.480829979000077,12.718150322000099],[12.672600180000131,12.814160334000121],[12.854499667000141,13.057849785000087],[12.892139913,13.088789974000122],[12.961389361000101,13.113650180000036],[13.12013976500009,13.081760170000052]]]}},{"type":"Feature","properties":{"adm2_pcode":"NG008024","adm2_name":"Monguno","adm1_name":"Borno"},"geometry":{"type":"Polygon","coordinates":[[[14.137200764999989,12.80829995],[13.596460416000127,12.695119729000112],[13.559766289000095,12.645417978000125],[13.524329035999983,12.638869936000106],[13.523923312000022,12.60656229400007],[13.477510996000149,12.582380394000097],[13.404406271000028,12.575977272000046],[13.32190443900015,12.509455980999974],[13.281504827000049,12.328915382000162],[13.333740122000052,12.254540228000167],[13.363533382000071,12.240974649000123],[13.466210111000066,12.277319751000164],[13.4646097480001,12.331360060000122],[13.490492791000179,12.3695739530001],[13.603301898000097,12.38901342000014],[13.690681273000052,12.427327243999969],[13.72016977700008,12.457809075000057],[13.734370636000108,12.560972517000096],[13.790630258000078,12.677820045000146],[14.152765266000074,12.704970150000065],[14.137200764999989,12.80829995]]]}},{"type":"Feature","properties":{"adm2_pcode":"NG008025","adm2_name":"Ngala","adm1_name":"Borno"},"geometry":{"type":"Polygon","coordinates":[[[14.352789736000034,12.357959864000065],[14.329544626000143,12.369858480000119],[14.303352809000103,12.355617548000112],[14.29482940600019,12.367240635000144],[14.292504043000065,12.349159415000145],[14.274422793000042,12.368790408000052],[14.225601837,12.359492159000126],[14.173940911000045,12.40469674000019],[14.198220730000173,12.442151301000024],[14.181399518000148,12.445210348000103],[14.175345660000175,12.46942727600009],[14.197039154000095,12.50978748500006],[14.172630857000172,12.590740849000042],[14.091862863000074,12.423635236000052],[14.0430275330001,12.37772404500015],[14.052924096000083,12.347103630000163],[14.017288946000065,12.259514241000034],[13.965719053000043,12.200080135000121],[13.970792288000098,12.15927455600007],[14.006500313000117,12.16396591900002],[14.031635611000013,12.146587728000043],[14.110097176000181,12.0101228420001],[14.137406286000044,11.996196711999971],[14.160670694000089,12.000108845000113],[14.183453180000072,12.030279043000121],[14.228293435000126,12.039813640000034],[14.266203511000128,12.104487154000026],[14.32983499400018,12.070459801000027],[14.367970344000184,12.231660048000151],[14.352789736000034,12.357959864000065]]]}},{"type":"Feature","properties":{"adm2_pcode":"NG008026","adm2_name":"Nganzai","adm1_name":"Borno"},"geometry":{"type":"Polygon","coordinates":[[[13.33779042600014,12.526512388000185],[13.341107875000091,12.619854585000041],[13.218613157,12.634455398000114],[13.22169969600003,12.704305562000116],[13.19643062800003,12.75943015700011],[13.143975273000137,12.786412042000165],[13.14066937500013,12.83990941900015],[13.060154897000018,12.86222527700005],[13.030612974000064,12.850206113000127],[13.033112823000067,12.795204291000118],[13.01254551600016,12.766986176000103],[13.035113469000066,12.715550011000119],[13.034338371000047,12.646353482999984],[12.959244725000133,12.61160866400013],[12.952629845000104,12.535837468000125],[12.919557633000181,12.507746428000189],[12.914859079000053,12.430057856000133],[12.887527949000173,12.397163297000077],[12.882754921000128,12.363591915000086],[12.912457542000027,12.318748854000091],[13.048543718000076,12.28268793500007],[13.100233434000131,12.28212197300013],[13.129505913000173,12.310296896000125],[13.123480869000105,12.200371051000047],[13.178110180000147,12.103200109000056],[13.24244918700009,12.056409639000151],[13.265309976000026,12.077810474000103],[13.281740415000172,12.12957018100019],[13.245296913000175,12.308808216000045],[13.281545327000174,12.328901364000103],[13.312268522000181,12.428984636000166],[13.30406273300008,12.467949131000125],[13.33779042600014,12.526512388000185]]]}},{"type":"Feature","properties":{"adm2_pcode":"NG008027","adm2_name":"Shani","adm1_name":"Borno"},"geometry":{"type":"Polygon","coordinates":[[[11.996312500000158,10.359222841000076],[11.887467139000137,10.307455344000061],[11.863873885000032,10.270996807000188],[11.755270351000036,10.229751162000127],[11.685305940000035,10.181938731000173],[11.739933779000125,10.164150374000144],[11.838539831000162,10.045049431000109],[11.999241816000051,10.024606748000053],[12.013650779000045,10.052877716000069],[12.090157810000164,10.05156028500005],[12.109047634000092,10.114513518000138],[12.194845216000147,10.194543722000105],[12.24897157800001,10.220250332000091],[12.263949813000067,10.263086569000109],[12.188570512000013,10.29271958400011],[12.08285874600017,10.266444591000095],[12.03631707000011,10.27708872200003],[12.008458829000176,10.291679260000024],[11.996312500000158,10.359222841000076]]]}},{"type":"Feature","properties":{"adm2_pcode":"NG009001","adm2_name":"Abi","adm1_name":"Cross River"},"geometry":{"type":"Polygon","coordinates":[[[8.15328189000013,5.967316194000091],[8.113847668000119,5.938149875000136],[8.104417720000072,5.96120908100005],[8.05192076700007,5.953503700000169],[8.055366613000103,5.997911051000131],[7.98617682400004,5.981722780000155],[7.982346073000087,5.926640938000105],[8.00613322700002,5.903514795000035],[7.933654764000039,5.822497867000095],[7.971960798000111,5.765962090000073],[8.018569091000131,5.808703880000166],[8.049611,5.799735080000062],[8.075255270000184,5.839892787000167],[8.076771910000048,5.890398970000092],[8.103663795000102,5.929257792000101],[8.162343043000135,5.938741517000039],[8.15328189000013,5.967316194000091]]]}},{"type":"Feature","properties":{"adm2_pcode":"NG009002","adm2_name":"Akamkpa","adm1_name":"Cross River"},"geometry":{"type":"Polygon","coordinates":[[[8.510871603000112,5.744301815000142],[8.43183323200003,5.803709058000095],[8.242922764000014,5.675253837000014],[8.157054077000055,5.662320201000171],[8.252224751000085,5.438054838000085],[8.215143123000075,5.40404634000015],[8.217737814999964,5.36191515500002],[8.187520005000124,5.308332929000073],[8.139691338999967,5.282824935000178],[8.174083461000066,5.250800072000118],[8.275663381000129,5.205540941000038],[8.29568484900011,5.21144690400007],[8.357110746999979,5.167734156000108],[8.388131999000052,5.124197944],[8.42815882900004,5.10829016200006],[8.43743782600012,5.0761490000001],[8.466049000000112,5.060188794000112],[8.493724621000183,4.99939583600019],[8.521459227000037,4.979654662000144],[8.692381685000157,4.993413896000106],[8.685059580000143,5.000569861000031],[8.724808764000045,5.043180920000054],[8.72671712400006,5.074344647000089],[8.801238855000179,5.153684139000177],[8.807432065000114,5.297389931000055],[8.895080463000056,5.602390713000091],[8.826324705000104,5.69063904799998],[8.510871603000112,5.744301815000142]]]}},{"type":"Feature","properties":{"adm2_pcode":"NG009003","adm2_name":"Akpabuyo","adm1_name":"Cross River"},"geometry":{"type":"Polygon","coordinates":[[[8.693478758000026,4.995327000000145],[8.521459227000037,4.979654662000144],[8.493724621000183,4.99939583600019],[8.466049000000112,5.060188794000112],[8.43743782600012,5.0761490000001],[8.42815882900004,5.10829016200006],[8.407590067000115,5.11279296500004],[8.411161445,5.080625970000142],[8.38294410300017,5.010381237000047],[8.425300502000084,4.984138949000169],[8.403680117000079,4.969097107000096],[8.395831155000053,4.9380268970001],[8.355756521000046,4.939916175000121],[8.346395756000106,4.899129388],[8.411525439000116,4.839308149000146],[8.399016498000094,4.772597789000145],[8.414981834,4.77854344400015],[8.428347456000097,4.776092077999976],[8.433593532000032,4.770599393],[8.429283926000153,4.789988523000034],[8.437411318000102,4.789866000000131],[8.44116402800006,4.773364076000064],[8.432080284000051,4.769358146000059],[8.411266494000074,4.776885476000075],[8.385423922000086,4.751661296000066],[8.391230427999972,4.740941972000087],[8.42362591900013,4.727245784],[8.446885030000033,4.736368163000122],[8.471174389000055,4.782085399000039],[8.484807215000046,4.784173468],[8.461590768000178,4.752765650000129],[8.483944713000085,4.732032331000028],[8.505122955000047,4.748990575000164],[8.496955760000105,4.770300410000061],[8.50801850300013,4.747482319000085],[8.486155224000129,4.728322055000149],[8.467012553000131,4.727462309999964],[8.455497632000117,4.699652684000114],[8.480859603000113,4.689379662000078],[8.508946246999983,4.694243445000097],[8.499552028000153,4.709497944000077],[8.5005072780001,4.713901982000095],[8.530543337000097,4.708588124000073],[8.520008022000184,4.744476290000136],[8.538497747000122,4.800637743000095],[8.564359472000035,4.81952811400015],[8.592207836000114,4.807330161000152],[8.626895175000186,4.822930855000038],[8.621054087000061,4.842607110000131],[8.63207269000003,4.843814690000045],[8.604671907000125,4.879857941000068],[8.624640548000059,4.907715364000069],[8.652306389000046,4.915665121000131],[8.649444606000145,4.942376619000129],[8.693478758000026,4.995327000000145]]]}},{"type":"Feature","properties":{"adm2_pcode":"NG009005","adm2_name":"Bakassi","adm1_name":"Cross River"},"geometry":{"type":"MultiPolygon","coordinates":[[[[8.57196437400006,4.804545419000135],[8.563952196000116,4.816363323000076],[8.553507049000132,4.803551704000029],[8.560679695000147,4.798473349000062],[8.57196437400006,4.804545419000135]]],[[[8.58904284100015,4.805811395000035],[8.5771770180001,4.816385259000072],[8.570428690000028,4.815273768000054],[8.58904284100015,4.805811395000035]]]]}},{"type":"Feature","properties":{"adm2_pcode":"NG009006","adm2_name":"Bekwara","adm1_name":"Cross River"},"geometry":{"type":"Polygon","coordinates":[[[9.007475096000121,6.761751663000098],[8.929426368000122,6.820408795000048],[8.87528328100018,6.752058216000023],[8.815331327000024,6.713096125000106],[8.853233588000023,6.593431841000097],[8.901734808000015,6.594082453999988],[8.972255480000172,6.643128903000104],[8.992015986000183,6.692361018000156],[8.968091764000064,6.697119162000035],[9.007475096000121,6.761751663000098]]]}},{"type":"Feature","properties":{"adm2_pcode":"NG009007","adm2_name":"Biase","adm1_name":"Cross River"},"geometry":{"type":"Polygon","coordinates":[[[8.049611,5.799735080000062],[8.018569091000131,5.808703880000166],[7.98387363500018,5.770664889999978],[7.951371950000123,5.775062103000096],[7.913855022000121,5.75213664100005],[7.911643710000135,5.725453864000031],[7.886645058000113,5.700051810000048],[7.91769669200005,5.649620060000132],[7.901973512000097,5.597352288000025],[7.907942865999985,5.535781822999979],[7.914861313000188,5.520872066000152],[8.00617788300002,5.522440962000076],[8.019959306000146,5.504114089000097],[8.015227503000062,5.462827730000072],[8.042233636000162,5.423669754],[8.027690891000077,5.311046094000119],[8.107737682000163,5.280379796000091],[8.154509342999972,5.287490817000048],[8.187520005000124,5.308332929000073],[8.217737814999964,5.36191515500002],[8.215143123000075,5.40404634000015],[8.252224751000085,5.438054838000085],[8.157054077000055,5.662320201000171],[8.13103677100014,5.678186921000076],[8.049611,5.799735080000062]]]}},{"type":"Feature","properties":{"adm2_pcode":"NG009008","adm2_name":"Boki","adm1_name":"Cross River"},"geometry":{"type":"Polygon","coordinates":[[[8.973363223000035,6.508643772000141],[8.91117912500016,6.490747568000188],[8.854850528000043,6.503868932000159],[8.835118788000045,6.579843157000028],[8.820875213000079,6.581512441000086],[8.785566269000185,6.545678051000095],[8.765525045000174,6.458559912000055],[8.712542581000093,6.39118728],[8.756176045000075,6.274928102000047],[8.732457319000105,6.153391836000026],[8.805164125999966,6.11155896300005],[8.836767182000017,6.065417799999977],[8.94812690100008,6.004949995000061],[8.989945219000163,5.951848958000028],[9.118664514000045,6.078402044000143],[9.275555445000066,6.157689045000041],[9.332265878000157,6.266367893000051],[9.301830234000079,6.315946063000069],[9.300280582000084,6.414693880000016],[9.269027901000186,6.474185114000079],[9.210428364000109,6.527021717000082],[9.183605134000118,6.493513506000056],[9.119613635000121,6.485556303000067],[9.071352671000113,6.431535705000044],[9.021942929000033,6.44746509700019],[8.973363223000035,6.508643772000141]]]}},{"type":"Feature","properties":{"adm2_pcode":"NG009009","adm2_name":"Calabar South","adm1_name":"Cross River"},"geometry":{"type":"MultiPolygon","coordinates":[[[[8.355756521000046,4.939916175000121],[8.313494636000144,4.969831952999982],[8.262762764000058,4.904217269000071],[8.266182910000111,4.835324752000133],[8.309876210000027,4.837699850000035],[8.342836201000182,4.827653873000031],[8.345474258000081,4.818304548000185],[8.3542545950001,4.834830302000057],[8.366368702000102,4.838593976000084],[8.347680846,4.81693317600002],[8.34134222200015,4.817883455000072],[8.340637366000067,4.825585806999982],[8.336645002000125,4.82406470300009],[8.333932674000096,4.80438755400013],[8.378622842000084,4.775860352],[8.399951094000187,4.786632063000127],[8.408162319000041,4.839255218000119],[8.350528840000152,4.887045368000088],[8.355756521000046,4.939916175000121]]],[[[8.300487296000028,4.792379406000066],[8.277772764000133,4.829564025000025],[8.276670872000125,4.814280112000063],[8.300487296000028,4.792379406000066]]]]}},{"type":"Feature","properties":{"adm2_pcode":"NG009010","adm2_name":"Calabar-Municipal","adm1_name":"Cross River"},"geometry":{"type":"Polygon","coordinates":[[[8.411161445,5.080625970000142],[8.371830912000178,5.099381294000125],[8.344932482,5.084918948999984],[8.33945003000008,5.035469048000039],[8.312116569000068,5.021550205000096],[8.303152143000148,4.984726900000055],[8.344972677000044,4.942544098000042],[8.395831155000053,4.9380268970001],[8.403680117000079,4.969097107000096],[8.424175209000111,4.980686193000111],[8.38294410300017,5.010381237000047],[8.411161445,5.080625970000142]]]}},{"type":"Feature","properties":{"adm2_pcode":"NG009011","adm2_name":"Etung","adm1_name":"Cross River"},"geometry":{"type":"Polygon","coordinates":[[[8.989945219000163,5.951848958000028],[8.925436880000063,6.022326998000153],[8.87888407000014,6.052497898000183],[8.844667407000088,6.053882071000032],[8.789396026000077,5.959645420000129],[8.71467125900017,5.908967912000094],[8.702905519000126,5.860828816000037],[8.63997146100013,5.836003841999968],[8.61295414000017,5.73138379500017],[8.818035810000083,5.693561065000097],[8.813600357000155,5.710813052000105],[8.842214351000166,5.723245118000079],[8.858578797000064,5.775945254000078],[8.844131587000163,5.827710200000183],[8.901973656999985,5.861801688000071],[8.91234768400011,5.903081901000121],[8.989945219000163,5.951848958000028]]]}},{"type":"Feature","properties":{"adm2_pcode":"NG009012","adm2_name":"Ikom","adm1_name":"Cross River"},"geometry":{"type":"Polygon","coordinates":[[[8.857259889000147,6.05953590200005],[8.836767182000017,6.065417799999977],[8.793823398000086,6.120821898000088],[8.732457319000105,6.153391836000026],[8.756176045000075,6.274928102000047],[8.712542581000093,6.39118728],[8.683110710000165,6.363655175000076],[8.60951015300003,6.343676093000113],[8.503385353000112,6.362776822000171],[8.51060323400003,6.322228385000074],[8.493750410000075,6.320030726000084],[8.486950174000185,6.287192343000015],[8.459300885000118,6.269182735000072],[8.477213016000121,6.254736456000046],[8.442882743999974,6.247987752000142],[8.426404847000072,6.20953985],[8.447277270000143,6.177134015999968],[8.445079932000056,6.148572847000025],[8.466500464000148,6.138137269000026],[8.458245963000081,6.100171064000108],[8.543205536000187,6.018071187000032],[8.4845532760001,5.955328895000093],[8.502517553000075,5.916170062000049],[8.46467408300009,5.890024182000161],[8.480934287000082,5.761620968000045],[8.500587737000103,5.746553820000031],[8.61295414000017,5.73138379500017],[8.63997146100013,5.836003841999968],[8.702905519000126,5.860828816000037],[8.718128159,5.913537025999972],[8.789396026000077,5.959645420000129],[8.815874342000086,6.017341180000074],[8.857259889000147,6.05953590200005]]]}},{"type":"Feature","properties":{"adm2_pcode":"NG009013","adm2_name":"Obanliku","adm1_name":"Cross River"},"geometry":{"type":"Polygon","coordinates":[[[9.435461073000056,6.335691042000121],[9.471092270999975,6.524884154000063],[9.361247915000149,6.635857978000104],[9.303669842000033,6.717770035000115],[9.255754711000122,6.718099921000032],[9.175674416000106,6.68879977],[9.187031533000038,6.641849023000077],[9.164351125000167,6.517826439000089],[9.119613635000121,6.485556303000067],[9.183605134000118,6.493513506000056],[9.210428364000109,6.527021717000082],[9.269027901000186,6.474185114000079],[9.30138762700011,6.410093696000104],[9.301830234000079,6.315946063000069],[9.332265878000157,6.266367893000051],[9.348485125000025,6.299551056000041],[9.340755668000043,6.334046815000079],[9.406796368000073,6.316371031000017],[9.435461073000056,6.335691042000121]]]}},{"type":"Feature","properties":{"adm2_pcode":"NG009014","adm2_name":"Obubra","adm1_name":"Cross River"},"geometry":{"type":"Polygon","coordinates":[[[8.473115204000123,6.284353217000103],[8.410900010000148,6.282116387000144],[8.405286027000045,6.237050570000065],[8.367986587000132,6.19837638000007],[8.320520668000029,6.177281531],[8.282233481000048,6.004739753000081],[8.21484273600015,6.012228077999964],[8.172950841000102,5.973770676000186],[8.240141833000052,5.920272844000067],[8.230716771000061,5.880154166000125],[8.271666603000028,5.863799155000038],[8.338215140000045,5.742806980000182],[8.43183323200003,5.803709058000095],[8.481999235000046,5.764761038000188],[8.46467408300009,5.890024182000161],[8.502517553000075,5.916170062000049],[8.4845532760001,5.955328895000093],[8.543205536000187,6.018071187000032],[8.458245963000081,6.100171064000108],[8.466500464000148,6.138137269000026],[8.445079932000056,6.148572847000025],[8.447277270000143,6.177134015999968],[8.426404847000072,6.20953985],[8.442882743999974,6.247987752000142],[8.477213016000121,6.254736456000046],[8.459300885000118,6.269182735000072],[8.473115204000123,6.284353217000103]]]}},{"type":"Feature","properties":{"adm2_pcode":"NG009015","adm2_name":"Obudu","adm1_name":"Cross River"},"geometry":{"type":"Polygon","coordinates":[[[9.16819703300007,6.686731710000174],[9.058959107000135,6.642531786],[9.027076021000028,6.650787928000113],[8.992015986000183,6.692361018000156],[8.971147561000066,6.647728899000072],[8.998120233000122,6.592433789000097],[8.956610107000188,6.50864217000003],[8.973363223000035,6.508643772000141],[9.021942929000033,6.44746509700019],[9.08056537900012,6.433209777],[9.164351125000167,6.517826439000089],[9.187031533000038,6.641849023000077],[9.16819703300007,6.686731710000174]]]}},{"type":"Feature","properties":{"adm2_pcode":"NG009016","adm2_name":"Odukpani","adm1_name":"Cross River"},"geometry":{"type":"Polygon","coordinates":[[[8.139670435000028,5.287423078000018],[8.107737682000163,5.280379796000091],[8.025391325999976,5.314484042000174],[8.042233636000162,5.423669754],[8.015227503000062,5.462827730000072],[8.01075457900015,5.520163004999972],[7.914861313000188,5.520872066000152],[7.987501126000041,5.362585014000103],[7.880370181000103,5.366795550000177],[7.901671694000186,5.33563287100003],[7.840874420999967,5.337450964000084],[7.862885050000102,5.315118816000108],[7.912880998,5.303979913000148],[7.976094038000156,5.20829443700012],[7.992694983000149,5.206701739000152],[8.016752377000103,5.246951104000175],[8.034794792000184,5.243249978000165],[8.072605081000177,5.18535486900015],[8.064817521000123,5.145511089000024],[8.09928607,5.107050437999987],[8.100026138000146,5.033398607000095],[8.128153576000045,4.968999882000162],[8.149249969000039,4.939391588000149],[8.20735764699998,4.908302289000062],[8.230303849000165,4.860188493000067],[8.2717293770001,4.835405829000024],[8.25926522800006,4.892133677],[8.311237341000151,4.964075047999984],[8.301974122000104,4.99276785800015],[8.312116569000068,5.021550205000096],[8.33945003000008,5.035469048000039],[8.33474723900008,5.06870401600014],[8.371830912000178,5.099381294000125],[8.400836104,5.092072990000133],[8.407590067000115,5.11279296500004],[8.29568484900011,5.21144690400007],[8.275663381000129,5.205540941000038],[8.178660233000187,5.248521832999984],[8.139670435000028,5.287423078000018]]]}},{"type":"Feature","properties":{"adm2_pcode":"NG009017","adm2_name":"Ogoja","adm1_name":"Cross River"},"geometry":{"type":"Polygon","coordinates":[[[8.972255480000172,6.643128903000104],[8.901734808000015,6.594082453999988],[8.853233588000023,6.593431841000097],[8.815331327000024,6.713096125000106],[8.778661682000063,6.691534962000048],[8.700911486000052,6.615543832000071],[8.681663160000141,6.572804327000085],[8.57678071800018,6.516290047000155],[8.539570536000156,6.450931137999987],[8.490590799000017,6.461600906000172],[8.472244163000084,6.449099008000132],[8.503385353000112,6.362776822000171],[8.596952398000099,6.342614235000156],[8.695269619000157,6.369492032000153],[8.765525045000174,6.458559912000055],[8.779776352999988,6.534235844000023],[8.820875213000079,6.581512441000086],[8.835118788000045,6.579843157000028],[8.854850528000043,6.503868932000159],[8.91117912500016,6.490747568000188],[8.956610107000188,6.50864217000003],[8.998120233000122,6.592433789000097],[8.972255480000172,6.643128903000104]]]}},{"type":"Feature","properties":{"adm2_pcode":"NG009018","adm2_name":"Yakurr","adm1_name":"Cross River"},"geometry":{"type":"Polygon","coordinates":[[[8.338215140000045,5.742806980000182],[8.271666603000028,5.863799155000038],[8.230716771000061,5.880154166000125],[8.240141833000052,5.920272844000067],[8.172950841000102,5.973770676000186],[8.15328189000013,5.967316194000091],[8.162343043000135,5.938741517000039],[8.103663795000102,5.929257792000101],[8.076771910000048,5.890398970000092],[8.075255270000184,5.839892787000167],[8.049611,5.799735080000062],[8.142499656999973,5.667894857000078],[8.229011164000042,5.668169491000072],[8.338215140000045,5.742806980000182]]]}},{"type":"Feature","properties":{"adm2_pcode":"NG009019","adm2_name":"Yala","adm1_name":"Cross River"},"geometry":{"type":"Polygon","coordinates":[[[8.929426368000122,6.820408795000048],[8.839305614000068,6.869072871000071],[8.70374181800014,6.896412812999984],[8.664740447000156,6.867979042000059],[8.600760435000154,6.855791037000188],[8.641556728000126,6.81877006100018],[8.620740967000074,6.781025798000144],[8.46874525600009,6.746481030000041],[8.419765186,6.757152000000133],[8.36110587900015,6.693262097],[8.29451479700009,6.678708960000165],[8.32241411300015,6.63438164900009],[8.324752039000145,6.589499524000075],[8.374180970999987,6.563543191000122],[8.375088561000155,6.545834101000025],[8.391436468000165,6.550374978000093],[8.390981773000135,6.523129086000154],[8.419135941000093,6.514501626000083],[8.405966547000048,6.484985416000029],[8.438661496000122,6.446841830000039],[8.432304505000047,6.433219012000166],[8.456825385000116,6.428223742000057],[8.445018872000162,6.385538926000038],[8.407329452000113,6.374640895000084],[8.394387251000182,6.296990802000096],[8.410900010000148,6.282116387000144],[8.486950174000185,6.287192343000015],[8.493750410000075,6.320030726000084],[8.51060323400003,6.322228385000074],[8.497990351000169,6.337852894000093],[8.512343949000126,6.345083062000072],[8.472244163000084,6.449099008000132],[8.490590799000017,6.461600906000172],[8.545309347000057,6.455483892000132],[8.57678071800018,6.516290047000155],[8.681663160000141,6.572804327000085],[8.75685786200006,6.674462814000037],[8.87528328100018,6.752058216000023],[8.929426368000122,6.820408795000048]]]}},{"type":"Feature","properties":{"adm2_pcode":"NG010001","adm2_name":"Aniocha North","adm1_name":"Delta"},"geometry":{"type":"Polygon","coordinates":[[[6.575679900000068,6.298266255000044],[6.575504748000128,6.495080046000169],[6.523318880000033,6.487541214000089],[6.43126203900016,6.406817911000019],[6.362289398000144,6.384439003000068],[6.391353251000169,6.309774903000118],[6.369334185000127,6.268725984000071],[6.375341956999989,6.239600143000075],[6.447337995000169,6.259616780000044],[6.51718702200003,6.303886825000063],[6.575679900000068,6.298266255000044]]]}},{"type":"Feature","properties":{"adm2_pcode":"NG010002","adm2_name":"Aniocha South","adm1_name":"Delta"},"geometry":{"type":"Polygon","coordinates":[[[6.575679900000068,6.298266255000044],[6.51718702200003,6.303886825000063],[6.447337995000169,6.259616780000044],[6.375341956999989,6.239600143000075],[6.387179790000062,6.184067898000137],[6.337026243000025,6.15506643700013],[6.347980478000181,6.115139261000024],[6.319196213,6.018606182000156],[6.34583612800003,5.99178219700002],[6.360808797000118,5.989132907000169],[6.383068157000139,6.030232952000063],[6.411818902,5.987476889000106],[6.566829294000172,5.996395113000119],[6.572596071000078,6.076192845000037],[6.637838013000078,6.085751956000081],[6.646623084000112,6.09830708800007],[6.610406944000147,6.137534158000165],[6.606887706000123,6.164550813000062],[6.634452845999988,6.236208962000035],[6.575679900000068,6.298266255000044]]]}},{"type":"Feature","properties":{"adm2_pcode":"NG010003","adm2_name":"Bomadi","adm1_name":"Delta"},"geometry":{"type":"MultiPolygon","coordinates":[[[[5.984343605000049,5.159445288000143],[5.973460099000135,5.157893190000152],[5.965157879000117,5.189723982000032],[5.935315187000072,5.172138203000088],[5.905970036000042,5.19547315900013],[5.877017523,5.189892334000149],[5.882730492000121,5.101841447000027],[5.91450797900012,5.10814997600005],[5.933200709000062,5.164695254000037],[5.980889411000021,5.130557515000135],[5.984343605000049,5.159445288000143]]],[[[5.797555812000041,5.189452139000025],[5.79435249800008,5.207054182000093],[5.847342107000145,5.228270977000079],[5.849632300000167,5.264167249000081],[5.771881078000092,5.222788779000155],[5.76788718500012,5.203339161000088],[5.797555812000041,5.189452139000025]]],[[[5.742336272000159,5.268263768],[5.825238234999972,5.305758026999968],[5.802741919000084,5.318052767000097],[5.809190712000145,5.336875377000183],[5.742336272000159,5.268263768]]],[[[5.845350150000058,5.283931333000055],[5.846553391000043,5.297545460000038],[5.823121903000015,5.286935276000179],[5.845350150000058,5.283931333000055]]]]}},{"type":"Feature","properties":{"adm2_pcode":"NG010004","adm2_name":"Burutu","adm1_name":"Delta"},"geometry":{"type":"Polygon","coordinates":[[[5.707898982000074,5.410940856000025],[5.595732245000022,5.380824155000141],[5.508549329000061,5.411999202],[5.396937440000102,5.415019009000048],[5.324187172999984,5.454954209999983],[5.230341439000142,5.456867651000152],[5.324776061000023,5.406395427000064],[5.355641786000092,5.17959255400001],[5.377580570000077,5.146608356000115],[5.390386946999968,5.134204888000056],[5.441579827000169,5.138941773],[5.469812470000136,5.123188525999979],[5.470508622000182,5.093212600000072],[5.502870472000154,5.092460618000075],[5.550863648000075,5.055596376999972],[5.58459816800007,5.055248279000125],[5.647893368000098,5.011776474000101],[5.666662267000049,5.028277832000128],[5.710287135000044,5.023826131000135],[5.736462249000056,5.056589634000034],[5.779018868000037,5.058013916999982],[5.79133648300018,5.085837352000055],[5.867738782000117,5.068109542000172],[5.881353491000141,5.109508999000127],[5.877017523,5.189892334000149],[5.837276337000048,5.174850949000188],[5.822664396000107,5.19392062300011],[5.786741383000106,5.185741846000099],[5.76788718500012,5.203339161000088],[5.781364025000187,5.231190261000052],[5.849632300000167,5.264167249000081],[5.849763856000038,5.284266886000012],[5.737289005999969,5.260809946000052],[5.74622193200014,5.285489985000083],[5.814880783000092,5.34103918600016],[5.913880771000095,5.34088892300008],[5.913852825999982,5.379071297000053],[5.801221941999984,5.354102099000158],[5.748987194000108,5.325233965999985],[5.73126701700005,5.334102150000149],[5.707898982000074,5.410940856000025]]]}},{"type":"Feature","properties":{"adm2_pcode":"NG010005","adm2_name":"Ethiope East","adm1_name":"Delta"},"geometry":{"type":"MultiPolygon","coordinates":[[[[5.991903766,5.754439853000179],[5.924606723000068,5.748332105000031],[5.906148982000104,5.770370030000095],[5.868166067000061,5.747861844999989],[5.850031812000168,5.696393992000083],[5.899827051999978,5.662134196000125],[5.918333930000017,5.629001165000034],[5.908167032000108,5.612124943000083],[5.97100779100009,5.558703923000166],[6.058454058000052,5.621844747000182],[6.039714393000054,5.700560113000108],[5.991903766,5.754439853000179]]],[[[6.16265490800015,5.74060392399997],[6.120879071000104,5.839725072000022],[6.093735220000156,5.794122185999981],[6.048963980000167,5.768785007000133],[6.078306125000097,5.746143833000133],[6.16265490800015,5.74060392399997]]]]}},{"type":"Feature","properties":{"adm2_pcode":"NG010006","adm2_name":"Ethiope West","adm1_name":"Delta"},"geometry":{"type":"Polygon","coordinates":[[[5.812038802000075,5.983872003000101],[5.668930094000018,6.052030112000011],[5.657451969000078,6.033209770000155],[5.583425882000085,6.011096000000123],[5.563938004000022,5.958229946000074],[5.601522841000076,5.916934073000107],[5.632659939000121,5.947550269000033],[5.681134148000126,5.90649987],[5.727298325000163,5.904111897000064],[5.718697060000181,5.870058011000083],[5.774423190999983,5.85457038200019],[5.768381187000102,5.834632914000053],[5.797203601000149,5.790735223000183],[5.822663651000141,5.771745256000031],[5.843623283000113,5.791719855999986],[5.872178014999974,5.782295216000023],[5.902400943000089,5.81105989200006],[5.921317030000125,5.877292102000069],[5.833310038000036,5.941052909000177],[5.812038802000075,5.983872003000101]]]}},{"type":"Feature","properties":{"adm2_pcode":"NG010007","adm2_name":"Ika North East","adm1_name":"Delta"},"geometry":{"type":"Polygon","coordinates":[[[6.387179790000062,6.184067898000137],[6.369334185000127,6.268725984000071],[6.391353251000169,6.309774903000118],[6.357560244000183,6.384293551000098],[6.281655757000067,6.357406113000138],[6.246644130000163,6.312650205000182],[6.284069994000049,6.272821005000026],[6.259102916000188,6.22892386500007],[6.250970013000028,6.222614776000057],[6.236596590000147,6.259616351000091],[6.193535466000071,6.253940719000184],[6.153229202999967,6.180885826000065],[6.192721711000161,6.169425923],[6.254951964000099,6.090887022000061],[6.342145596000023,6.123459604],[6.337026243000025,6.15506643700013],[6.387179790000062,6.184067898000137]]]}},{"type":"Feature","properties":{"adm2_pcode":"NG010008","adm2_name":"Ika South","adm1_name":"Delta"},"geometry":{"type":"Polygon","coordinates":[[[6.246644130000163,6.312650205000182],[6.212637875000098,6.279160932000138],[6.197598813000127,6.282746299000053],[6.180489892000026,6.321196971000177],[6.126613217000113,6.356115871000156],[6.088016880000055,6.318347043000131],[6.076631948000056,6.278722732000119],[6.112161246000085,6.240878027000122],[6.110836508000091,6.181171346000099],[6.16930387400015,6.082546221000143],[6.256639924000126,6.016697854000142],[6.309712021000109,6.010204716000089],[6.343454039,6.122350474000086],[6.254951964000099,6.090887022000061],[6.192721711000161,6.169425923],[6.153229202999967,6.180885826000065],[6.191433319000168,6.252680909000048],[6.236596590000147,6.259616351000091],[6.250970013000028,6.222614776000057],[6.281415026000104,6.258235925000122],[6.280618206000099,6.284582166000177],[6.246644130000163,6.312650205000182]]]}},{"type":"Feature","properties":{"adm2_pcode":"NG010009","adm2_name":"Isoko North","adm1_name":"Delta"},"geometry":{"type":"MultiPolygon","coordinates":[[[[6.347042042000169,5.4484672480001],[6.421773044000076,5.427919811000038],[6.45441939300008,5.441688271000089],[6.435401960000149,5.456478815000139],[6.381529853000075,5.458771622000029],[6.366274173000079,5.550688917000116],[6.382054916000072,5.609656792000067],[6.325638696000055,5.637938020000092],[6.123868020000032,5.592569796000078],[6.111188945000038,5.537680137000052],[6.077941917000032,5.520759125000097],[6.055731767000168,5.46856405900013],[6.089103934000093,5.39029487900018],[6.193443667000054,5.544604862000028],[6.245963955000093,5.508981227000106],[6.285900945000094,5.550922888000173],[6.33019115999997,5.531179953000105],[6.319096274,5.491723725000043],[6.347042042000169,5.4484672480001]]],[[[6.301863901000161,5.415388160000134],[6.310245390999967,5.435781662000124],[6.298370413000157,5.455490488000123],[6.2546084600001,5.460514451000051],[6.301863901000161,5.415388160000134]]]]}},{"type":"Feature","properties":{"adm2_pcode":"NG010010","adm2_name":"Isoko South","adm1_name":"Delta"},"geometry":{"type":"Polygon","coordinates":[[[6.347042042000169,5.4484672480001],[6.319096274,5.491723725000043],[6.33019115999997,5.531179953000105],[6.285900945000094,5.550922888000173],[6.236444103000053,5.508902094000064],[6.193443667000054,5.544604862000028],[6.089103934000093,5.39029487900018],[6.094473918000176,5.319094143000143],[6.151268099000049,5.239816208000093],[6.290891026000054,5.24034706600014],[6.280473721000135,5.279863016000149],[6.338832400000172,5.319910929],[6.328320494000081,5.376487176000012],[6.347042042000169,5.4484672480001]],[[6.301863901000161,5.415388160000134],[6.265988652000033,5.435987838000131],[6.2546084600001,5.460514451000051],[6.298370413000157,5.455490488000123],[6.310245390999967,5.435781662000124],[6.301863901000161,5.415388160000134]]]}},{"type":"Feature","properties":{"adm2_pcode":"NG010011","adm2_name":"Ndokwa East","adm1_name":"Delta"},"geometry":{"type":"Polygon","coordinates":[[[6.719857347000129,5.992121182000062],[6.632259596999972,6.020664564000072],[6.607642076000161,5.993960889000164],[6.479153280999981,5.985262885000054],[6.442805717000169,5.900355802000036],[6.476984862000108,5.860417864000112],[6.436487303000149,5.791427085],[6.476360722000152,5.703952083000104],[6.417997944000035,5.666446217000157],[6.325638696000055,5.637938020000092],[6.382054916000072,5.609656792000067],[6.366274173000079,5.550688917000116],[6.381529853000075,5.458771622000029],[6.435401960000149,5.456478815000139],[6.45441939300008,5.441688271000089],[6.421773044000076,5.427919811000038],[6.347042042000169,5.4484672480001],[6.328320494000081,5.376487176000012],[6.338832400000172,5.319910929],[6.408876887000019,5.304768491000175],[6.502585989000124,5.338941155000043],[6.47655668900012,5.404050860000154],[6.52453038200008,5.438663960000042],[6.538163688000168,5.475804358000119],[6.530831348999982,5.531958621000058],[6.584760123000081,5.561688428000082],[6.617601505999971,5.631519319000063],[6.60656681,5.680008816999987],[6.654868205000128,5.771530105000068],[6.660915718000183,5.85652920300015],[6.703824931000042,5.926799820000099],[6.719857347000129,5.992121182000062]]]}},{"type":"Feature","properties":{"adm2_pcode":"NG010012","adm2_name":"Ndokwa West","adm1_name":"Delta"},"geometry":{"type":"Polygon","coordinates":[[[6.479153280999981,5.985262885000054],[6.411818902,5.987476889000106],[6.383068157000139,6.030232952000063],[6.360808797000118,5.989132907000169],[6.319196213,6.018606182000156],[6.256639924000126,6.016697854000142],[6.243769715999974,5.967384742999968],[6.32878072799997,5.913917099000059],[6.37702608100011,5.815291354000067],[6.374627522000139,5.801497968000092],[6.296907400000123,5.767223339000054],[6.198636106000038,5.785615372000109],[6.193523291000076,5.743476404000148],[6.166832493000186,5.726475753000102],[6.179989695000074,5.665159290000133],[6.211463101000106,5.621732289000079],[6.353500969000152,5.642331128000137],[6.470458425,5.691389512000114],[6.47414561,5.715707660000078],[6.447799692999979,5.744416411000032],[6.436487303000149,5.791427085],[6.476984862000108,5.860417864000112],[6.442805717000169,5.900355802000036],[6.479153280999981,5.985262885000054]]]}},{"type":"Feature","properties":{"adm2_pcode":"NG010013","adm2_name":"Okpe","adm1_name":"Delta"},"geometry":{"type":"Polygon","coordinates":[[[5.89418519200018,5.798591796000153],[5.867395339000041,5.780888597000114],[5.843623283000113,5.791719855999986],[5.822663651000141,5.771745256000031],[5.774864489000095,5.824809039],[5.718376548000151,5.736452929000166],[5.624161380000089,5.714454858000181],[5.690872048000074,5.650062450000178],[5.675886614999968,5.655276830000105],[5.639744495000059,5.611072360000151],[5.696759164000127,5.572845870000094],[5.776429467000071,5.62782056400016],[5.805309522000186,5.619513676000111],[5.825958889000106,5.57581992300004],[5.858707116000176,5.61355618000016],[5.905779932000144,5.608413710999969],[5.918333930000017,5.629001165000034],[5.899827051999978,5.662134196000125],[5.850031812000168,5.696393992000083],[5.868166067000061,5.747861844999989],[5.906148982000104,5.770370030000095],[5.89418519200018,5.798591796000153]]]}},{"type":"Feature","properties":{"adm2_pcode":"NG010014","adm2_name":"Oshimili North","adm1_name":"Delta"},"geometry":{"type":"Polygon","coordinates":[[[6.725022284000033,6.265763216000039],[6.668921030000149,6.501234142000101],[6.646256812000047,6.488733683000078],[6.575504748000128,6.495080046000169],[6.567333867000059,6.308617727000126],[6.634452845999988,6.236208962000035],[6.606887706000123,6.164550813000062],[6.610406944000147,6.137534158000165],[6.645172548,6.101227226999981],[6.699920580000025,6.119133999000155],[6.714019319000101,6.156132268000079],[6.687437936000151,6.188879942000028],[6.705814921000183,6.26180222500011],[6.725022284000033,6.265763216000039]]]}},{"type":"Feature","properties":{"adm2_pcode":"NG010015","adm2_name":"Oshimili South","adm1_name":"Delta"},"geometry":{"type":"Polygon","coordinates":[[[6.762889290000032,6.185385698000061],[6.725022284000033,6.265763216000039],[6.705814921000183,6.26180222500011],[6.687437936000151,6.188879942000028],[6.714019319000101,6.156132268000079],[6.699920580000025,6.119133999000155],[6.645172548,6.101227226999981],[6.629046857999981,6.074583083999983],[6.572596071000078,6.076192845000037],[6.566829294000172,5.996395113000119],[6.617149729000175,5.99681384400003],[6.632259596999972,6.020664564000072],[6.719857347000129,5.992121182000062],[6.725058084000125,6.046256078000113],[6.709276120000141,6.078023883000014],[6.75532997,6.120709925000142],[6.762889290000032,6.185385698000061]]]}},{"type":"Feature","properties":{"adm2_pcode":"NG010016","adm2_name":"Patani","adm1_name":"Delta"},"geometry":{"type":"Polygon","coordinates":[[[5.980889411000021,5.130557515000135],[6.004523214000187,5.103686771000127],[6.04444300300014,5.095670666000103],[6.085792668000067,5.150802572000032],[6.143735923000179,5.134776126000077],[6.165906323000115,5.161139961000117],[6.200734075000184,5.169549966000091],[6.202086897000015,5.231778071000178],[6.290449986000169,5.23407741699998],[6.292275299000153,5.245395235000103],[6.283542122000085,5.270599379000089],[6.287700740000105,5.283717196],[6.27786036599997,5.272887906000165],[6.283995130000051,5.236015409000117],[6.196905651000122,5.246480992000158],[6.187352204999968,5.230408202000092],[6.161487184000123,5.235740223999983],[5.989916439000183,5.185959809999986],[5.980889411000021,5.130557515000135]]]}},{"type":"Feature","properties":{"adm2_pcode":"NG010017","adm2_name":"Sapele","adm1_name":"Delta"},"geometry":{"type":"Polygon","coordinates":[[[5.774864489000095,5.824809039],[5.774423190999983,5.85457038200019],[5.718697060000181,5.870058011000083],[5.727298325000163,5.904111897000064],[5.681134148000126,5.90649987],[5.642828341000154,5.944968574000029],[5.622174171000097,5.940965656000117],[5.612507870000059,5.91740327600013],[5.583109946000036,5.928568770000084],[5.563938004000022,5.958229946000074],[5.51711166500013,5.936341756],[5.565653936999979,5.87779996900008],[5.549513436999973,5.830330805000187],[5.577988117000189,5.785937345000036],[5.614364010000031,5.781117911000081],[5.624161380000089,5.714454858000181],[5.718376548000151,5.736452929000166],[5.774864489000095,5.824809039]]]}},{"type":"Feature","properties":{"adm2_pcode":"NG010018","adm2_name":"Udu","adm1_name":"Delta"},"geometry":{"type":"Polygon","coordinates":[[[5.835227411000119,5.542902507000122],[5.787628056000017,5.549076956000022],[5.803522649,5.508645132000083],[5.76547507500004,5.522288592999985],[5.777317078000067,5.49620686500009],[5.721176822000189,5.48051708800017],[5.769885893000094,5.461898070000075],[5.744100380000077,5.423145545000068],[5.841103918000101,5.408525027000053],[5.873650151000106,5.430294026000126],[5.890418007000164,5.483138043000054],[5.867250868000099,5.493347143000108],[5.835227411000119,5.542902507000122]]]}},{"type":"Feature","properties":{"adm2_pcode":"NG010019","adm2_name":"Ughelli North","adm1_name":"Delta"},"geometry":{"type":"Polygon","coordinates":[[[6.16265490800015,5.74060392399997],[6.078306125000097,5.746143833000133],[6.048963980000167,5.768785007000133],[6.004464521000045,5.760642039000174],[5.991903766,5.754439853000179],[6.039714393000054,5.700560113000108],[6.054209365000133,5.659257914000023],[6.050336824000055,5.612069088],[5.97100779100009,5.558703923000166],[5.908167032000108,5.612124943000083],[5.858707116000176,5.61355618000016],[5.846122667000145,5.58728473400015],[5.850398153000015,5.556378291000101],[5.927988593000123,5.541010808000181],[5.907109259000094,5.503749908999964],[5.970584981000115,5.502141951000169],[5.954760128000032,5.481143460000112],[5.999262831000067,5.474335199000166],[5.98109204800005,5.431188171000088],[6.028476157999989,5.326867075000052],[6.006836023000176,5.245948795000118],[6.052321319000043,5.209196611000152],[6.161487184000123,5.235740223999983],[6.094473918000176,5.319094143000143],[6.087977002000116,5.404337856000097],[6.055731767000168,5.46856405900013],[6.077941917000032,5.520759125000097],[6.116582967999989,5.548127173000069],[6.115060913000093,5.584867932],[6.211463101000106,5.621732289000079],[6.179989695000074,5.665159290000133],[6.16265490800015,5.74060392399997]]]}},{"type":"Feature","properties":{"adm2_pcode":"NG010020","adm2_name":"Ughelli South","adm1_name":"Delta"},"geometry":{"type":"Polygon","coordinates":[[[5.927988593000123,5.541010808000181],[5.838884780000171,5.563209562000168],[5.819704448000152,5.539459243000181],[5.835227411000119,5.542902507000122],[5.867250868000099,5.493347143000108],[5.890418007000164,5.483138043000054],[5.865529904000141,5.421210705000021],[5.841103918000101,5.408525027000053],[5.741722133000053,5.425782895000168],[5.708522803000108,5.402566918000105],[5.73126701700005,5.334102150000149],[5.748987194000108,5.325233965999985],[5.801221941999984,5.354102099000158],[5.895699106000052,5.365290212000104],[5.911646273000144,5.379584357000056],[5.913880771000095,5.34088892300008],[5.814880783000092,5.34103918600016],[5.802741919000084,5.318052767000097],[5.825238234999972,5.305758026999968],[5.749477797000111,5.27429051200005],[5.738567284000055,5.255221320000032],[5.846553391000043,5.297545460000038],[5.847342107000145,5.228270977000079],[5.79435249800008,5.207054182000093],[5.797555812000041,5.189452139000025],[5.822664396000107,5.19392062300011],[5.841486323000026,5.174602984000046],[5.89644104600012,5.197474011000111],[5.935315187000072,5.172138203000088],[5.965157879000117,5.189723982000032],[5.973460099000135,5.157893190000152],[5.984343605000049,5.159445288000143],[5.989916439000183,5.185959809999986],[6.071164237,5.207942990999982],[6.043224259000169,5.212107696000032],[6.006836023000176,5.245948795000118],[6.028476157999989,5.326867075000052],[5.98109204800005,5.431188171000088],[5.999262831000067,5.474335199000166],[5.954760128000032,5.481143460000112],[5.970584981000115,5.502141951000169],[5.907109259000094,5.503749908999964],[5.927988593000123,5.541010808000181]]]}},{"type":"Feature","properties":{"adm2_pcode":"NG010021","adm2_name":"Ukwuani","adm1_name":"Delta"},"geometry":{"type":"Polygon","coordinates":[[[6.166832493000186,5.726475753000102],[6.193523291000076,5.743476404000148],[6.198636106000038,5.785615372000109],[6.296907400000123,5.767223339000054],[6.374627522000139,5.801497968000092],[6.333525055000052,5.906830814000045],[6.271000811000079,5.96014313500018],[6.243769715999974,5.967384742999968],[6.201405943000168,5.896959830000071],[6.120879071000104,5.839725072000022],[6.166832493000186,5.726475753000102]]]}},{"type":"Feature","properties":{"adm2_pcode":"NG010022","adm2_name":"Uvwie","adm1_name":"Delta"},"geometry":{"type":"Polygon","coordinates":[[[5.846122667000145,5.58728473400015],[5.822749417000125,5.57686207],[5.805309522000186,5.619513676000111],[5.782292505999976,5.628407372000026],[5.696759164000127,5.572845870000094],[5.800041472000032,5.507044639000128],[5.785470438,5.546372003000158],[5.814690513000187,5.53850457600015],[5.838884780000171,5.563209562000168],[5.850398153000015,5.556378291000101],[5.846122667000145,5.58728473400015]]]}},{"type":"Feature","properties":{"adm2_pcode":"NG010023","adm2_name":"Warri North","adm1_name":"Delta"},"geometry":{"type":"Polygon","coordinates":[[[5.270169742000178,6.054295938000109],[5.232940319000079,6.065638498000112],[5.222557171000176,6.148703616000091],[5.18402724300006,6.14736036100004],[5.168694626,6.163574671000106],[5.161456090000058,6.142713541000148],[5.145542100000171,6.141641575000108],[5.135050694000029,6.169817003000048],[4.983859100000188,5.898479872000109],[5.045558501000073,5.793496562000087],[5.084701004000181,5.768706352000095],[5.082264004000137,5.736556040000096],[5.112089756000046,5.689897498000107],[5.242799225000113,5.695664929999964],[5.270772522000129,5.718245036000098],[5.30459105500006,5.707047517000035],[5.343617901000073,5.742821727999967],[5.335487459000092,5.789979011000128],[5.382644703000153,5.824127181999984],[5.493133190000037,5.829592204000107],[5.514682905000086,5.870441010000036],[5.520888814999978,5.851075161999972],[5.564401129000089,5.853517950000139],[5.556734170000141,5.895755849000011],[5.515114850000032,5.926617196999985],[5.557851662000076,5.950551048000079],[5.571273667000128,5.990883831000076],[5.53659667900007,5.98990205400014],[5.512989893000167,6.035280223000143],[5.494328511000106,6.041828168000052],[5.456191102000048,6.022396534000052],[5.442483792000075,6.040644127000064],[5.42590287400003,6.005814490000091],[5.399711179000178,6.02185679300004],[5.327385426000035,6.018349230000183],[5.326950582000109,5.982685583000148],[5.358699279000064,5.969638356000019],[5.275195204000113,5.90918441000008],[5.247795462000056,5.986599919000014],[5.270169742000178,6.054295938000109]]]}},{"type":"Feature","properties":{"adm2_pcode":"NG010024","adm2_name":"Warri South","adm1_name":"Delta"},"geometry":{"type":"Polygon","coordinates":[[[5.552169883000033,5.851335986000095],[5.50111095900013,5.864087097000038],[5.485727710000162,5.8057060000001],[5.525220756000067,5.794246153000074],[5.549189950000141,5.756303732000106],[5.50905071699998,5.760129929000072],[5.532450141000027,5.697217965000164],[5.520405726000092,5.652735298000152],[5.49124474100006,5.634461884000075],[5.581536829000186,5.515242059000173],[5.563335935000055,5.479029164000167],[5.659853114000043,5.490233921000083],[5.702110749000155,5.468395300000111],[5.734690628000124,5.492082827000104],[5.774141034000024,5.493503588000124],[5.775585901999989,5.511172919000103],[5.748147853000035,5.538217053000039],[5.639744495000059,5.611072360000151],[5.675886614999968,5.655276830000105],[5.690872048000074,5.650062450000178],[5.68756504800001,5.66180358500003],[5.629560952000077,5.703541690000122],[5.609756996000044,5.746406090999983],[5.614364010000031,5.781117911000081],[5.577988117000189,5.785937345000036],[5.546598320000101,5.837281752000024],[5.552169883000033,5.851335986000095]]]}},{"type":"Feature","properties":{"adm2_pcode":"NG010025","adm2_name":"Warri South West","adm1_name":"Delta"},"geometry":{"type":"Polygon","coordinates":[[[5.493133190000037,5.829592204000107],[5.382644703000153,5.824127181999984],[5.335487459000092,5.789979011000128],[5.343617901000073,5.742821727999967],[5.30459105500006,5.707047517000035],[5.270772522000129,5.718245036000098],[5.242799225000113,5.695664929999964],[5.112089756000046,5.689897498000107],[5.131488933000128,5.637710158000061],[5.193335909000041,5.579503935000048],[5.165060418000053,5.537672071999964],[5.230341439000142,5.456867651000152],[5.324187172999984,5.454954209999983],[5.396937440000102,5.415019009000048],[5.508549329000061,5.411999202],[5.595732245000022,5.380824155000141],[5.743005823000033,5.426345985000012],[5.768422678000093,5.446368772000028],[5.767182397000056,5.46615454800002],[5.721176822000189,5.48051708800017],[5.702110749000155,5.468395300000111],[5.659853114000043,5.490233921000083],[5.563335935000055,5.479029164000167],[5.581536829000186,5.515242059000173],[5.49124474100006,5.634461884000075],[5.520405726000092,5.652735298000152],[5.532450141000027,5.697217965000164],[5.50905071699998,5.760129929000072],[5.549189950000141,5.756303732000106],[5.525220756000067,5.794246153000074],[5.485727710000162,5.8057060000001],[5.493133190000037,5.829592204000107]]]}},{"type":"Feature","properties":{"adm2_pcode":"NG011001","adm2_name":"Abakaliki","adm1_name":"Ebonyi"},"geometry":{"type":"Polygon","coordinates":[[[8.410900010000148,6.282116387000144],[8.311542633000158,6.320765016000053],[8.276733744000182,6.300877455000091],[8.262974166000163,6.321187964000046],[8.207820758000025,6.311159343000099],[8.143798290000063,6.339105474],[8.112538813000128,6.318573072000049],[8.082442295000021,6.336908779000055],[8.069956506000153,6.329744615000095],[8.07016859700019,6.24610275800012],[8.048473235000131,6.215127040000084],[8.167341055000122,6.178018561000101],[8.224227370000051,6.225452098000176],[8.255891967000082,6.229085620000035],[8.277277582000067,6.209987326000089],[8.325966587000096,6.2296177610001],[8.340923332000102,6.183445545000041],[8.405286027000045,6.237050570000065],[8.410900010000148,6.282116387000144]]]}},{"type":"Feature","properties":{"adm2_pcode":"NG011002","adm2_name":"Afikpo North","adm1_name":"Ebonyi"},"geometry":{"type":"Polygon","coordinates":[[[7.979246886000055,5.97029014400016],[7.926255418000153,5.973769724000078],[7.868016045,5.95181414200016],[7.861963642999967,5.904654970000138],[7.883760733000145,5.788406841000096],[7.91309684700019,5.741081234000035],[7.936557617000176,5.769247018999977],[7.970076360000178,5.768326691000084],[7.933654764000039,5.822497867000095],[8.00613322700002,5.903514795000035],[7.982346073000087,5.926640938000105],[7.979246886000055,5.97029014400016]]]}},{"type":"Feature","properties":{"adm2_pcode":"NG011003","adm2_name":"Afikpo South","adm1_name":"Ebonyi"},"geometry":{"type":"Polygon","coordinates":[[[7.868016045,5.95181414200016],[7.819733340000028,5.968681760000095],[7.810651366000172,5.947339531000011],[7.782951948000175,5.952788892000171],[7.738106993000031,5.91961672400015],[7.742150780000031,5.897863842000106],[7.718016568000166,5.888761505000048],[7.68395493100013,5.822346219000167],[7.786321889000021,5.804915420000043],[7.80393008700014,5.744953138000142],[7.890100026000027,5.684799704],[7.91435824500013,5.73827760000006],[7.883760733000145,5.788406841000096],[7.861963642999967,5.904654970000138],[7.868016045,5.95181414200016]]]}},{"type":"Feature","properties":{"adm2_pcode":"NG011004","adm2_name":"Ebonyi","adm1_name":"Ebonyi"},"geometry":{"type":"Polygon","coordinates":[[[8.24313461800017,6.75387225500009],[8.229325312000128,6.800125554000033],[8.220243542000105,6.778783424000039],[8.163930276000087,6.765031425000075],[8.127608169000098,6.711577808000129],[8.07956576200013,6.713152040000182],[8.098822094000184,6.608090449000031],[8.054154161000156,6.56470706600004],[8.069264482999984,6.479605614000036],[8.033355691,6.383020256000179],[8.035937815000125,6.328538683000147],[8.048921826000026,6.347528958000112],[8.112538813000128,6.318573072000049],[8.154930981000064,6.35007008700012],[8.143770140000015,6.457792823000091],[8.176423331000024,6.594875842000079],[8.17583251100018,6.704062420000071],[8.24313461800017,6.75387225500009]]]}},{"type":"Feature","properties":{"adm2_pcode":"NG011005","adm2_name":"Ezza North","adm1_name":"Ebonyi"},"geometry":{"type":"Polygon","coordinates":[[[8.027935211000056,6.355568927000036],[7.968902740000033,6.375094849000163],[7.930499460000078,6.352584967000041],[7.90987060599997,6.361808323000048],[7.855319344000122,6.328739749000079],[7.89635269200005,6.24760178300005],[7.88231590100014,6.184412508000037],[7.906692165000152,6.18664651600011],[7.964816121000069,6.14532369300008],[7.98287747300003,6.176565391999986],[8.021487144000048,6.165504413000065],[8.06216661100018,6.201287980000075],[8.065498254000033,6.214377998000145],[8.048473235000131,6.215127040000084],[8.072127153000054,6.254432340999983],[8.071862908000128,6.336545124000111],[8.048921826000026,6.347528958000112],[8.035937815000125,6.328538683000147],[8.027935211000056,6.355568927000036]]]}},{"type":"Feature","properties":{"adm2_pcode":"NG011006","adm2_name":"Ezza South","adm1_name":"Ebonyi"},"geometry":{"type":"Polygon","coordinates":[[[8.121980811000071,6.184223148000171],[8.06571353600009,6.207639645000086],[8.021487144000048,6.165504413000065],[7.988989956000125,6.179290484999967],[7.97753073500013,6.153043757000091],[7.953917411000134,6.145323762000032],[7.946198102000153,6.167120487000034],[7.88231590100014,6.184412508000037],[7.87899236200002,6.167574462000061],[7.911512939999966,6.142201811000064],[7.903967278000039,6.071999821000077],[7.922037819000138,6.062554017000082],[7.921474859999989,6.04370067300016],[7.974619384,6.080543822000095],[7.998776146000182,6.074664596],[7.98350218700017,6.065369222000072],[8.000754984000139,6.052230806000125],[8.033878355000127,6.056943612000168],[8.060483720000093,6.085531505],[8.053817492000064,6.106272272000069],[8.120458315000064,6.160602434000111],[8.121980811000071,6.184223148000171]]]}},{"type":"Feature","properties":{"adm2_pcode":"NG011007","adm2_name":"Ikwo","adm1_name":"Ebonyi"},"geometry":{"type":"Polygon","coordinates":[[[8.330331127000079,6.189924881000024],[8.325966587000096,6.2296177610001],[8.277277582000067,6.209987326000089],[8.255891967000082,6.229085620000035],[8.205243570000107,6.216293964000045],[8.174050326000042,6.179755128000124],[8.121980811000071,6.184223148000171],[8.104677452999965,6.139158010000017],[8.053817492000064,6.106272272000069],[8.056157246000055,6.075213655000027],[8.016707421000092,6.028729345000102],[8.018341295000084,6.009705847000077],[8.058150526000134,5.992368396000074],[8.05192076700007,5.953503700000169],[8.104417720000072,5.96120908100005],[8.113847668000119,5.938149875000136],[8.21484273600015,6.012228077999964],[8.282233481000048,6.004739753000081],[8.30200268600015,6.10813622500001],[8.315412110000125,6.117651583000054],[8.307915551000065,6.144355893000125],[8.330331127000079,6.189924881000024]]]}},{"type":"Feature","properties":{"adm2_pcode":"NG011008","adm2_name":"Ishielu","adm1_name":"Ebonyi"},"geometry":{"type":"Polygon","coordinates":[[[7.871888456000079,6.566683864000026],[7.831766561999984,6.638468859],[7.808286619000171,6.634216994000042],[7.788824179000073,6.585210684000117],[7.737040899000078,6.63407800400006],[7.698944704000041,6.630749262000165],[7.730731110000022,6.559910672000058],[7.751392596000187,6.385539050000034],[7.708934688999989,6.277919336000082],[7.725004742000124,6.242600913],[7.777727298000059,6.26109915800015],[7.821455256000036,6.206934321000176],[7.856276808000132,6.212198160000071],[7.878137653000124,6.183724203],[7.89635269200005,6.24760178300005],[7.855319344000122,6.328739749000079],[7.90987060599997,6.361808323000048],[7.931212762000143,6.353298728000027],[7.938235687000088,6.42390985500009],[7.872963441000081,6.441450368000176],[7.822411775000035,6.507274998000071],[7.871888456000079,6.566683864000026]]]}},{"type":"Feature","properties":{"adm2_pcode":"NG011009","adm2_name":"Ivo","adm1_name":"Ebonyi"},"geometry":{"type":"Polygon","coordinates":[[[7.691889462,5.924640162000117],[7.573160677000033,5.9691357210001],[7.547191706000149,5.994943128000159],[7.539571793,5.907232320000048],[7.498110586999985,5.900822522000112],[7.526187758000106,5.879896027000143],[7.535199275000082,5.836743299000148],[7.566697621000174,5.843938843000103],[7.68395493100013,5.822346219000167],[7.718016568000166,5.888761505000048],[7.742537937000179,5.90024355800017],[7.736634104000132,5.924634916],[7.691889462,5.924640162000117]]]}},{"type":"Feature","properties":{"adm2_pcode":"NG011010","adm2_name":"Izzi","adm1_name":"Ebonyi"},"geometry":{"type":"Polygon","coordinates":[[[8.32241411300015,6.63438164900009],[8.28563208200012,6.710215518000041],[8.251575534000096,6.735644733000072],[8.266106468000146,6.741548065000188],[8.249448575000088,6.768473266000171],[8.17583251100018,6.704062420000071],[8.176423331000024,6.594875842000079],[8.143770140000015,6.457792823000091],[8.154930981000064,6.35007008700012],[8.143798290000063,6.339105474],[8.207820758000025,6.311159343000099],[8.262974166000163,6.321187964000046],[8.276733744000182,6.300877455000091],[8.311542633000158,6.320765016000053],[8.410900010000148,6.282116387000144],[8.391663293000022,6.306527098000117],[8.39915561099997,6.353752603000032],[8.407329452000113,6.374640895000084],[8.445018872000162,6.385538926000038],[8.456825385000116,6.428223742000057],[8.432304505000047,6.433219012000166],[8.438661496000122,6.446841830000039],[8.405966547000048,6.484985416000029],[8.419135941000093,6.514501626000083],[8.390981773000135,6.523129086000154],[8.391436468000165,6.550374978000093],[8.375088561000155,6.545834101000025],[8.374180970999987,6.563543191000122],[8.324752039000145,6.589499524000075],[8.32241411300015,6.63438164900009]]]}},{"type":"Feature","properties":{"adm2_pcode":"NG011011","adm2_name":"Ohaozara","adm1_name":"Ebonyi"},"geometry":{"type":"Polygon","coordinates":[[[7.926255418000153,5.973769724000078],[7.908148134000101,6.003138097999965],[7.892198975000042,5.984371346000103],[7.889140253999983,6.079897834000121],[7.825385280000148,6.05905322600006],[7.71379929699998,6.083923282000114],[7.668315227,6.060618839000028],[7.675786089000155,6.01000458700014],[7.71120510500009,5.97095253700013],[7.714838197000176,5.945977187000096],[7.691889462,5.924640162000117],[7.720286586000043,5.931900433000123],[7.738106993000031,5.91961672400015],[7.789309093999975,5.955512952000106],[7.810651366000172,5.947339531000011],[7.819733340000028,5.968681760000095],[7.868016045,5.95181414200016],[7.926255418000153,5.973769724000078]]]}},{"type":"Feature","properties":{"adm2_pcode":"NG011012","adm2_name":"Ohaukwu","adm1_name":"Ebonyi"},"geometry":{"type":"Polygon","coordinates":[[[8.07956576200013,6.713152040000182],[8.021813562999967,6.723549319000085],[8.000555802000179,6.712849513000094],[7.982244041000172,6.663843863000068],[7.987458250000032,6.613183484],[7.965421513000024,6.591428029000042],[7.971551573999989,6.570586693999985],[7.949376722000068,6.532210755000108],[7.871888456000079,6.566683864000026],[7.824509497000065,6.516505165000183],[7.872963441000081,6.441450368000176],[7.938235687000088,6.42390985500009],[7.93344962600014,6.361926110000127],[7.984341862000122,6.373732460000156],[8.0115872,6.352390329000116],[8.034809797000094,6.369271841000113],[8.069264482999984,6.479605614000036],[8.054154161000156,6.56470706600004],[8.098822094000184,6.608090449000031],[8.07956576200013,6.713152040000182]]]}},{"type":"Feature","properties":{"adm2_pcode":"NG011013","adm2_name":"Onicha","adm1_name":"Ebonyi"},"geometry":{"type":"Polygon","coordinates":[[[7.88231590100014,6.184412508000037],[7.856276808000132,6.212198160000071],[7.821455256000036,6.206934321000176],[7.777727298000059,6.26109915800015],[7.725004742000124,6.242600913],[7.738502653000069,6.17030548200006],[7.71379929699998,6.083923282000114],[7.825385280000148,6.05905322600006],[7.889140253999983,6.079897834000121],[7.892198975000042,5.984371346000103],[7.908148134000101,6.003138097999965],[7.926255418000153,5.973769724000078],[7.979246886000055,5.97029014400016],[8.031781857,6.000487445000147],[8.015953142000114,6.014852797000174],[8.033646145999967,6.057712611999989],[8.000754984000139,6.052230806000125],[7.98350218700017,6.065369222000072],[7.998776146000182,6.074664596],[7.972641792000161,6.080141937000121],[7.921474859999989,6.04370067300016],[7.922037819000138,6.062554017000082],[7.903967278000039,6.071999821000077],[7.911512939999966,6.142201811000064],[7.87899236200002,6.167574462000061],[7.88231590100014,6.184412508000037]]]}},{"type":"Feature","properties":{"adm2_pcode":"NG012001","adm2_name":"Akoko-Edo","adm1_name":"Edo"},"geometry":{"type":"Polygon","coordinates":[[[6.133570740000152,7.552076860000057],[6.118761111000026,7.591416899000137],[6.048503768000103,7.580123926000056],[6.012996292000139,7.53340568699997],[5.954218805000096,7.51523297000017],[5.948134961000108,7.487301713000079],[5.987259918000177,7.44792701700004],[5.968483950000063,7.414854125000033],[5.986694959999966,7.355247853000094],[5.955708134000133,7.338435823000111],[5.97933839600006,7.316370081000116],[5.90837355900004,7.276502256000015],[5.991885280000076,7.225522947000059],[6.066176810000115,7.246549986000161],[6.100776168000095,7.202536073000033],[6.157686114000057,7.174900289000163],[6.184488648000126,7.112796784000068],[6.260333996000043,7.216054813000028],[6.268043965,7.358391858000061],[6.295241929000099,7.360497037000073],[6.340693095,7.325822747000075],[6.381350127000132,7.373322022000082],[6.432164054999987,7.402327147000051],[6.422244922000061,7.416828051000095],[6.378143891000036,7.397520968000038],[6.357437035000032,7.411069481000084],[6.290988948000177,7.499076974000104],[6.226923948000092,7.471036838000146],[6.182785168,7.429427153],[6.15947300400012,7.447688146000075],[6.112411976000033,7.448655029000065],[6.110102173000143,7.494140966000089],[6.166984003000096,7.544972838000035],[6.133570740000152,7.552076860000057]]]}},{"type":"Feature","properties":{"adm2_pcode":"NG012002","adm2_name":"Egor","adm1_name":"Edo"},"geometry":{"type":"Polygon","coordinates":[[[5.644552795000038,6.374224009000045],[5.639980540000181,6.409803078000039],[5.579060476,6.401867791000086],[5.529321247000155,6.338062084],[5.561962221999977,6.305998455000122],[5.644552795000038,6.374224009000045]]]}},{"type":"Feature","properties":{"adm2_pcode":"NG012003","adm2_name":"Esan Central","adm1_name":"Edo"},"geometry":{"type":"Polygon","coordinates":[[[6.400554736000061,6.813662587000181],[6.303278091000095,6.828472238000131],[6.271655064000129,6.792143777000149],[6.250658026000053,6.83628688500005],[6.209094953999966,6.788781248000021],[6.210125088000154,6.749990829000126],[6.170341144000133,6.713586925000016],[6.191454880000094,6.632493096000019],[6.136295776000168,6.583011218000024],[6.182557224000163,6.578829727000027],[6.224122948000115,6.625411863000068],[6.26416057400013,6.636358843000039],[6.242995925000173,6.74048392200018],[6.37616543900009,6.763380854],[6.400554736000061,6.813662587000181]]]}},{"type":"Feature","properties":{"adm2_pcode":"NG012004","adm2_name":"Esan North East","adm1_name":"Edo"},"geometry":{"type":"Polygon","coordinates":[[[6.530869945000177,6.793375991000175],[6.521652185999983,6.882270765000158],[6.483428972000183,6.925326903000155],[6.400554736000061,6.813662587000181],[6.38656682200002,6.76954706600003],[6.242995925000173,6.74048392200018],[6.26416057400013,6.636358843000039],[6.340740344000096,6.656952572000023],[6.383458014000155,6.709137862000034],[6.429689812,6.714194741000028],[6.431306823000114,6.776103968000029],[6.530869945000177,6.793375991000175]]]}},{"type":"Feature","properties":{"adm2_pcode":"NG012005","adm2_name":"Esan South East","adm1_name":"Edo"},"geometry":{"type":"Polygon","coordinates":[[[6.623610081000038,6.793598074000158],[6.431306823000114,6.776103968000029],[6.435113108000053,6.719788920999974],[6.373497926000141,6.704424862],[6.337339806000102,6.66805492300017],[6.350166737000166,6.626605985000083],[6.334866875000046,6.590433981000047],[6.295929805000185,6.572513222000055],[6.261614787999974,6.526922327000023],[6.29713291000013,6.479221917000189],[6.280960068000127,6.43195473500009],[6.306408912999984,6.413720984000179],[6.281616286000087,6.360329195000077],[6.412736078000023,6.396036993999985],[6.523318880000033,6.487541214000089],[6.608806963000177,6.499518059000138],[6.646256812000047,6.488733683000078],[6.668921030000149,6.501234142000101],[6.660110903000145,6.608610556000031],[6.617936031000056,6.704879296000115],[6.623610081000038,6.793598074000158]]]}},{"type":"Feature","properties":{"adm2_pcode":"NG012006","adm2_name":"Esan West","adm1_name":"Edo"},"geometry":{"type":"Polygon","coordinates":[[[6.250658026000053,6.83628688500005],[6.14187470000013,6.825096239000118],[6.013270976000115,6.773068862000116],[6.091317461000017,6.680294854000124],[6.07292614000005,6.549153877000094],[6.109487878000039,6.462177186000076],[6.223180442000114,6.505522466000173],[6.207902842000124,6.592927084000166],[6.160808977000102,6.574005007000153],[6.13537111800008,6.588543811000136],[6.191454880000094,6.632493096000019],[6.170341144000133,6.713586925000016],[6.210125088000154,6.749990829000126],[6.209094953999966,6.788781248000021],[6.250658026000053,6.83628688500005]]]}},{"type":"Feature","properties":{"adm2_pcode":"NG012007","adm2_name":"Etsako Central","adm1_name":"Edo"},"geometry":{"type":"Polygon","coordinates":[[[6.679260241000065,6.972002420000024],[6.532100332000084,7.019091210999989],[6.528168246000178,7.115128002000063],[6.489751491000106,7.154486459000054],[6.414650889000143,7.166708030999985],[6.420300108999982,7.101172880000036],[6.372381169000164,7.056376975000035],[6.400622784000177,7.015075163000063],[6.366717562000076,6.987840973],[6.363446937000106,6.958228634000079],[6.378200009000068,6.937263988999973],[6.447053897000103,6.957315021999989],[6.477001551000114,6.935863472000051],[6.521652185999983,6.882270765000158],[6.530869945000177,6.793375991000175],[6.623610081000038,6.793598074000158],[6.61079013900013,6.822104903000081],[6.679260241000065,6.972002420000024]]]}},{"type":"Feature","properties":{"adm2_pcode":"NG012008","adm2_name":"Etsako East","adm1_name":"Edo"},"geometry":{"type":"Polygon","coordinates":[[[6.511441099000024,7.267024911000078],[6.46686988,7.365318657000046],[6.435657907000063,7.359745113000031],[6.422241230000111,7.388999996000052],[6.432164054999987,7.402327147000051],[6.381350127000132,7.373322022000082],[6.340693095,7.325822747000075],[6.295241929000099,7.360497037000073],[6.270755895000036,7.361188915000128],[6.256732967000119,7.207706820000055],[6.496380335000026,7.151321600000131],[6.535466055000143,7.101339803000087],[6.532100332000084,7.019091210999989],[6.679260241000065,6.972002420000024],[6.677258902000119,7.034075751000103],[6.71576887100008,7.120723195000153],[6.693304919000184,7.216998109000087],[6.637670056000104,7.29476506400016],[6.511441099000024,7.267024911000078]]]}},{"type":"Feature","properties":{"adm2_pcode":"NG012009","adm2_name":"Etsako West","adm1_name":"Edo"},"geometry":{"type":"Polygon","coordinates":[[[6.414650889000143,7.166708030999985],[6.256732967000119,7.207706820000055],[6.198979842000085,7.118476830000191],[6.180317962000174,7.112758242999973],[6.213683155000069,7.057645837000052],[6.219266876000177,7.012434],[6.214962053000022,6.940337313999976],[6.16736081200014,6.823766200000136],[6.24157195600003,6.841743956000073],[6.271655064000129,6.792143777000149],[6.303278091000095,6.828472238000131],[6.398548156000118,6.811821081000062],[6.424746158000062,6.843479296000169],[6.483216175000109,6.924998244000051],[6.447053897000103,6.957315021999989],[6.378200009000068,6.937263988999973],[6.363446937000106,6.958228634000079],[6.366717562000076,6.987840973],[6.400622784000177,7.015075163000063],[6.372381169000164,7.056376975000035],[6.420300108999982,7.101172880000036],[6.414650889000143,7.166708030999985]]]}},{"type":"Feature","properties":{"adm2_pcode":"NG012010","adm2_name":"Igueben","adm1_name":"Edo"},"geometry":{"type":"Polygon","coordinates":[[[6.281616286000087,6.360329195000077],[6.306408912999984,6.413720984000179],[6.280960068000127,6.43195473500009],[6.29713291000013,6.479221917000189],[6.261614787999974,6.526922327000023],[6.295929805000185,6.572513222000055],[6.334866875000046,6.590433981000047],[6.350166737000166,6.626605985000083],[6.340740344000096,6.656952572000023],[6.224122948000115,6.625411863000068],[6.207019898000055,6.585527892000073],[6.221460647000015,6.502898594000158],[6.109487878000039,6.462177186000076],[6.131688015000066,6.404486190000114],[6.215703136000172,6.421176018000097],[6.281616286000087,6.360329195000077]]]}},{"type":"Feature","properties":{"adm2_pcode":"NG012011","adm2_name":"Ikpoba-Okha","adm1_name":"Edo"},"geometry":{"type":"Polygon","coordinates":[[[5.827546171000165,6.252757140000028],[5.780138986000168,6.304595909999989],[5.720983906000015,6.329961735000097],[5.688168816000086,6.40609304000003],[5.645318896000049,6.418547006000153],[5.627758937000124,6.237318034000168],[5.570724124000037,6.207217211000113],[5.514861163000091,6.093986028000131],[5.462244918000181,6.099954144000094],[5.442483792000075,6.040644127000064],[5.456191102000048,6.022396534000052],[5.494328511000106,6.041828168000052],[5.512989893000167,6.035280223000143],[5.546327602000076,5.98536164300009],[5.593594980000034,6.018116062999979],[5.657451969000078,6.033209770000155],[5.668930094000018,6.052030112000011],[5.764177427000106,5.997814182000184],[5.727054010000074,6.095070801000077],[5.753941020000013,6.195095101000106],[5.784675198000116,6.225871040000186],[5.819116099000041,6.231740029000036],[5.827546171000165,6.252757140000028]]]}},{"type":"Feature","properties":{"adm2_pcode":"NG012012","adm2_name":"Oredo","adm1_name":"Edo"},"geometry":{"type":"Polygon","coordinates":[[[5.462244918000181,6.099954144000094],[5.514861163000091,6.093986028000131],[5.570724124000037,6.207217211000113],[5.621446263000053,6.226171931000124],[5.644552795000038,6.374224009000045],[5.595489072000078,6.345882398000128],[5.515262972000187,6.252881115999969],[5.462244918000181,6.099954144000094]]]}},{"type":"Feature","properties":{"adm2_pcode":"NG012013","adm2_name":"Orhionmwon","adm1_name":"Edo"},"geometry":{"type":"Polygon","coordinates":[[[6.281616286000087,6.360329195000077],[6.224782967000124,6.417566791000127],[6.152238966000027,6.416880192000121],[6.095607019000056,6.354714991000037],[5.985192383000083,6.357432196000104],[5.981210626000063,6.313014644000077],[5.950541897000164,6.251460098],[5.83263305800017,6.258656949000112],[5.819116099000041,6.231740029000036],[5.784675198000116,6.225871040000186],[5.753941020000013,6.195095101000106],[5.727054010000074,6.095070801000077],[5.738945002000037,6.062851],[5.764177427000106,5.997814182000184],[5.812038802000075,5.983872003000101],[5.833310038000036,5.941052909000177],[5.921317030000125,5.877292102000069],[5.89418519200018,5.798591796000153],[5.924606723000068,5.748332105000031],[5.981730981000055,5.748114119000093],[6.093735220000156,5.794122185999981],[6.120879071000104,5.839725072000022],[6.201405943000168,5.896959830000071],[6.229114977999984,5.93602610500011],[6.256639924000126,6.016697854000142],[6.16930387400015,6.082546221000143],[6.110836508000091,6.181171346000099],[6.112161246000085,6.240878027000122],[6.076631948000056,6.278722732000119],[6.088016880000055,6.318347043000131],[6.126613217000113,6.356115871000156],[6.212637875000098,6.279160932000138],[6.281616286000087,6.360329195000077]]]}},{"type":"Feature","properties":{"adm2_pcode":"NG012014","adm2_name":"Ovia North East","adm1_name":"Edo"},"geometry":{"type":"Polygon","coordinates":[[[5.537059795000062,6.884796622000181],[5.459748756000067,6.885983012999986],[5.422928929000079,6.77302320300015],[5.38228790200003,6.720905674000107],[5.374137153,6.662714119000043],[5.49624668000007,6.529837257000167],[5.435166794000054,6.398797175000027],[5.471457119000092,6.322409212000025],[5.45003992900007,6.283144414000049],[5.401256476000071,6.282668582000099],[5.355092417000037,6.24117071500018],[5.368654778000177,6.197713845000067],[5.351235399000132,6.163588936000167],[5.32762902200011,6.142647802000113],[5.282129189000159,6.139030969000089],[5.269134110999971,6.087039940000068],[5.290505919000111,6.065355861000114],[5.268269054000086,6.052536039000074],[5.247795462000056,5.986599919000014],[5.275195204000113,5.90918441000008],[5.358699279000064,5.969638356000019],[5.326950582000109,5.982685583000148],[5.327385426000035,6.018349230000183],[5.399711179000178,6.02185679300004],[5.431141492000052,6.008760888000154],[5.490910900000017,6.211080070000094],[5.561962221999977,6.305998455000122],[5.530038774000104,6.342236604000107],[5.574645074000102,6.400324842000032],[5.639980540000181,6.409803078000039],[5.654238345000067,6.465743997],[5.772705995000024,6.568481925000015],[5.869912013999965,6.798502033000091],[5.797325223000087,6.811672098999964],[5.726479411000071,6.769490791000067],[5.702557533000174,6.736117457000091],[5.667370893000054,6.727611926000066],[5.629253363000146,6.745868255000062],[5.576634821000141,6.704025769000111],[5.543577810000158,6.812798848000057],[5.571213290000173,6.845269804000168],[5.570152219000022,6.869271320000053],[5.537059795000062,6.884796622000181]]]}},{"type":"Feature","properties":{"adm2_pcode":"NG012015","adm2_name":"Ovia South West","adm1_name":"Edo"},"geometry":{"type":"Polygon","coordinates":[[[5.459748756000067,6.885983012999986],[5.254822129000104,6.883221749000143],[5.201615824000044,6.780433539000057],[5.150810691000061,6.745987820000096],[5.115957817000094,6.677466014000174],[5.114416745000142,6.621132486000079],[5.16424996600017,6.554492359000164],[5.153385110000045,6.498033024999984],[5.102981092000107,6.442285655000092],[5.103693390000046,6.402212082000062],[5.029245388999982,6.363562967000121],[5.035301164000032,6.328475905000062],[5.012897062000093,6.30210025000008],[5.073347528000113,6.23953480299997],[5.089201807000165,6.201057462000051],[5.122468124000079,6.205872113000055],[5.142963046000091,6.143306744000085],[5.161456090000058,6.142713541000148],[5.168694626,6.163574671000106],[5.18402724300006,6.14736036100004],[5.222557171000176,6.148703616000091],[5.232940319000079,6.065638498000112],[5.270169742000178,6.054295938000109],[5.290505919000111,6.065355861000114],[5.269134110999971,6.087039940000068],[5.282129189000159,6.139030969000089],[5.32762902200011,6.142647802000113],[5.366989065000098,6.189146922000077],[5.355092417000037,6.24117071500018],[5.401256476000071,6.282668582000099],[5.45003992900007,6.283144414000049],[5.471457119000092,6.322409212000025],[5.435166794000054,6.398797175000027],[5.49624668000007,6.529837257000167],[5.424403061000021,6.596570471000064],[5.372635342000024,6.67120619300016],[5.38678414300017,6.732956752000177],[5.422928929000079,6.77302320300015],[5.459748756000067,6.885983012999986]]]}},{"type":"Feature","properties":{"adm2_pcode":"NG012016","adm2_name":"Owan East","adm1_name":"Edo"},"geometry":{"type":"Polygon","coordinates":[[[6.218263972000102,7.042909260000101],[6.157686114000057,7.174900289000163],[6.100776168000095,7.202536073000033],[6.066176810000115,7.246549986000161],[5.991885280000076,7.225522947000059],[5.90837355900004,7.276502256000015],[5.896522055,7.258053647000111],[5.903480916000149,7.217193074000136],[5.883665047000079,7.19287196300013],[5.893875102000095,7.18287888600014],[5.843033795000167,7.109846978000064],[5.877931360000048,7.088232098999981],[5.937080631000129,7.083174054000096],[5.986056087000122,7.046765795999988],[5.992518076000067,7.025990969000134],[5.969085266000093,6.98050393300008],[5.974460364000038,6.935533233000172],[6.019381002000102,6.847953889000109],[6.044765040000016,6.850041737000026],[6.046033806000025,6.776315171000022],[6.113788026,6.817439907000107],[6.16736081200014,6.823766200000136],[6.214962053000022,6.940337313999976],[6.218263972000102,7.042909260000101]]]}},{"type":"Feature","properties":{"adm2_pcode":"NG012017","adm2_name":"Owan West","adm1_name":"Edo"},"geometry":{"type":"Polygon","coordinates":[[[6.046033806000025,6.776315171000022],[6.044765040000016,6.850041737000026],[6.019381002000102,6.847953889000109],[5.974460364000038,6.935533233000172],[5.969085266000093,6.98050393300008],[5.992518076000067,7.025990969000134],[5.986056087000122,7.046765795999988],[5.937080631000129,7.083174054000096],[5.854840517000071,7.096485851000068],[5.823740972,7.081441065000149],[5.792581188000042,7.021655213000031],[5.785642282000026,6.968341459999976],[5.799811719000104,6.921328581000068],[5.769666641000072,6.839905828000042],[5.778134865000141,6.817791979999981],[5.751592573000153,6.781640027000094],[5.801857953000138,6.811715076000098],[6.046033806000025,6.776315171000022]]]}},{"type":"Feature","properties":{"adm2_pcode":"NG012018","adm2_name":"Uhunmwonde","adm1_name":"Edo"},"geometry":{"type":"Polygon","coordinates":[[[6.013270976000115,6.773068862000116],[5.869912013999965,6.798502033000091],[5.794374881000067,6.598248014000035],[5.640699730000165,6.44529207800008],[5.645318896000049,6.418547006000153],[5.700992005000103,6.391459900000029],[5.720983906000015,6.329961735000097],[5.780138986000168,6.304595909999989],[5.827546171000165,6.252757140000028],[5.950541897000164,6.251460098],[5.981210626000063,6.313014644000077],[5.985192383000083,6.357432196000104],[6.087834068,6.352171313000099],[6.127602568000157,6.381204996000065],[6.125904138000124,6.428638891],[6.07292614000005,6.549153877000094],[6.091317461000017,6.680294854000124],[6.013270976000115,6.773068862000116]]]}},{"type":"Feature","properties":{"adm2_pcode":"NG013001","adm2_name":"Ado Ekiti","adm1_name":"Ekiti"},"geometry":{"type":"Polygon","coordinates":[[[5.378311996000036,7.665960220000102],[5.314308562,7.672710759000097],[5.250305344000026,7.71547311900008],[5.181112374,7.636229897000021],[5.106438580000031,7.622524842000189],[5.121604872000034,7.604257611000151],[5.160093470000163,7.605723432000048],[5.16136611200011,7.550789028000054],[5.36183417500007,7.537303568000027],[5.399282952000021,7.596602499000028],[5.36100612700011,7.624787798],[5.378311996000036,7.665960220000102]]]}},{"type":"Feature","properties":{"adm2_pcode":"NG013002","adm2_name":"Aiyekire (Gbonyin)","adm1_name":"Ekiti"},"geometry":{"type":"Polygon","coordinates":[[[5.554645261000076,7.691915770999969],[5.499149229000182,7.659236564000139],[5.458089257000154,7.657148857000152],[5.416892544000063,7.716513732000124],[5.362398224000117,7.634531072000073],[5.399282952000021,7.596602499000028],[5.36183417500007,7.537303568000027],[5.480965087000186,7.54641584899997],[5.52263394300013,7.512359891000187],[5.609946444000059,7.485031837000179],[5.624411722000048,7.628391951000083],[5.554645261000076,7.691915770999969]]]}},{"type":"Feature","properties":{"adm2_pcode":"NG013003","adm2_name":"Efon","adm1_name":"Ekiti"},"geometry":{"type":"Polygon","coordinates":[[[4.906387404000156,7.562844340000083],[4.98386395600005,7.64888754500015],[4.977161426000066,7.698412402999963],[4.998213295000085,7.757786257000078],[4.950954192999973,7.797793379000041],[4.915257527000165,7.791219668000167],[4.863861503000066,7.622681664000027],[4.906387404000156,7.562844340000083]]]}},{"type":"Feature","properties":{"adm2_pcode":"NG013004","adm2_name":"Ekiti East","adm1_name":"Ekiti"},"geometry":{"type":"Polygon","coordinates":[[[5.738130657000056,7.819180466000091],[5.658838725000066,7.827678318000153],[5.616752087000179,7.755261970000049],[5.554645261000076,7.691915770999969],[5.624411722000048,7.628391951000083],[5.649406726999985,7.636792102000072],[5.68096214100018,7.62374408400018],[5.699404293000043,7.682898142],[5.76760589100013,7.737181237000186],[5.791615414999967,7.782068704000096],[5.738130657000056,7.819180466000091]]]}},{"type":"Feature","properties":{"adm2_pcode":"NG013005","adm2_name":"Ekiti South West","adm1_name":"Ekiti"},"geometry":{"type":"Polygon","coordinates":[[[5.121604872000034,7.604257611000151],[5.099828320000029,7.639666465000175],[5.020360013000072,7.542072111000095],[4.906387404000156,7.562844340000083],[4.947844026000155,7.454688082000132],[4.987108661000036,7.419235366000066],[5.006159324000066,7.413699601000076],[5.048568173000035,7.457332668000106],[5.084746384000027,7.456950544000108],[5.164180400000077,7.544652494],[5.160093470000163,7.605723432000048],[5.121604872000034,7.604257611000151]]]}},{"type":"Feature","properties":{"adm2_pcode":"NG013006","adm2_name":"Ekiti West","adm1_name":"Ekiti"},"geometry":{"type":"Polygon","coordinates":[[[5.113748671999986,7.693432881000092],[5.081923560000064,7.735444303000179],[4.996707914000183,7.792032727],[4.973751607000111,7.864289357000018],[4.941370045000156,7.89760930500006],[4.911100837000163,7.850109557999986],[4.915257527000165,7.791219668000167],[4.969503909000025,7.791384097000162],[4.998213241000087,7.747624933000111],[4.977161426000066,7.698412402999963],[4.981131677000064,7.638937883000096],[4.906387404000156,7.562844340000083],[5.034718094000084,7.547414831000026],[5.101705462000098,7.643003894000174],[5.113748671999986,7.693432881000092]]]}},{"type":"Feature","properties":{"adm2_pcode":"NG013007","adm2_name":"Emure","adm1_name":"Ekiti"},"geometry":{"type":"Polygon","coordinates":[[[5.609946444000059,7.485031837000179],[5.527393160000031,7.51043394300018],[5.446606128000099,7.462983170000086],[5.45047116600017,7.318939185000033],[5.526381832000027,7.340863481000042],[5.609946444000059,7.485031837000179]]]}},{"type":"Feature","properties":{"adm2_pcode":"NG013008","adm2_name":"Ido-Osi","adm1_name":"Ekiti"},"geometry":{"type":"Polygon","coordinates":[[[5.197670861000063,7.912459947000059],[5.129554167000094,7.952351652000175],[5.0941561570001,7.922412309000038],[5.138210413000081,7.86052561300005],[5.139338848000079,7.77208723300015],[5.259766451000132,7.783753524000019],[5.258539057000178,7.90427777400015],[5.197670861000063,7.912459947000059]]]}},{"type":"Feature","properties":{"adm2_pcode":"NG013009","adm2_name":"Ijero","adm1_name":"Ekiti"},"geometry":{"type":"Polygon","coordinates":[[[5.0941561570001,7.922412309000038],[5.033235074000117,7.98228355100008],[4.941370045000156,7.89760930500006],[4.973751607000111,7.864289357000018],[4.996707914000183,7.792032727],[5.081923560000064,7.735444303000179],[5.113748671999986,7.693432881000092],[5.139338848000079,7.77208723300015],[5.13971555400002,7.847730174000105],[5.0941561570001,7.922412309000038]]]}},{"type":"Feature","properties":{"adm2_pcode":"NG013010","adm2_name":"Ikere","adm1_name":"Ekiti"},"geometry":{"type":"Polygon","coordinates":[[[5.313019287000031,7.543030609000027],[5.167201118999969,7.550693992000049],[5.084746384000027,7.456950544000108],[5.217449738000084,7.434260744000028],[5.306253832000039,7.440543755000022],[5.296425437000153,7.500164453000139],[5.313019287000031,7.543030609000027]]]}},{"type":"Feature","properties":{"adm2_pcode":"NG013011","adm2_name":"Ikole","adm1_name":"Ekiti"},"geometry":{"type":"Polygon","coordinates":[[[5.659736125000052,8.069837645000177],[5.576571877000106,8.0712299650001],[5.508718415000033,8.017642983000087],[5.513938033999978,8.111246010000173],[5.364011157000107,8.090466597000102],[5.359209904000124,8.036107902000083],[5.450955784000087,7.97971448200002],[5.387426252000068,7.723801066000021],[5.423292715000173,7.710735794000072],[5.447302461000106,7.662020327000164],[5.499149229000182,7.659236564000139],[5.542645509000181,7.682550313000093],[5.650178086000153,7.809175045000131],[5.658838725000066,7.827678318000153],[5.630506983000146,7.83495986700018],[5.614152494999985,7.865581068999973],[5.598841648000189,7.951876509000044],[5.609628758999975,7.966143526],[5.645469766000133,7.963011655000116],[5.668087576000119,8.00233186100013],[5.63990202500014,8.053830964000156],[5.659736125000052,8.069837645000177]]]}},{"type":"Feature","properties":{"adm2_pcode":"NG013012","adm2_name":"Ilejemeji","adm1_name":"Ekiti"},"geometry":{"type":"Polygon","coordinates":[[[5.282862325000053,8.00847142300006],[5.2444514660001,8.020535576000043],[5.168316725000125,7.932029322],[5.207079374000045,7.909449080000115],[5.258539057000178,7.90427777400015],[5.282862325000053,8.00847142300006]]]}},{"type":"Feature","properties":{"adm2_pcode":"NG013013","adm2_name":"Irepodun/Ifelodun","adm1_name":"Ekiti"},"geometry":{"type":"Polygon","coordinates":[[[5.416892544000063,7.716513732000124],[5.320732612000086,7.745367081000154],[5.265653,7.789870177000125],[5.139338848000079,7.77208723300015],[5.103587137999966,7.626445371000102],[5.181112374,7.636229897000021],[5.250305344000026,7.71547311900008],[5.314308562,7.672710759000097],[5.378311996000036,7.665960220000102],[5.416892544000063,7.716513732000124]]]}},{"type":"Feature","properties":{"adm2_pcode":"NG013014","adm2_name":"Ise/Orun","adm1_name":"Ekiti"},"geometry":{"type":"Polygon","coordinates":[[[5.527393160000031,7.51043394300018],[5.480965087000186,7.54641584899997],[5.313019287000031,7.543030609000027],[5.296425437000153,7.500164453000139],[5.300995844000056,7.457504791000076],[5.346626219000143,7.381421536000062],[5.358230109000147,7.295613214000127],[5.388226154000165,7.283186924000177],[5.454043816000024,7.300614314000029],[5.442430510000122,7.454631744000096],[5.527393160000031,7.51043394300018]]]}},{"type":"Feature","properties":{"adm2_pcode":"NG013015","adm2_name":"Moba","adm1_name":"Ekiti"},"geometry":{"type":"Polygon","coordinates":[[[5.162611575000028,8.049506211000164],[5.117887938000024,8.06261818300004],[5.084393997000063,8.024232004000169],[5.057632825999974,8.039464844],[5.033235074000117,7.98228355100008],[5.0941561570001,7.922412309000038],[5.129554167000094,7.952351652000175],[5.164706863000049,7.938229564000039],[5.221004028000038,7.979447908],[5.2444514660001,8.020535576000043],[5.195789458000093,8.0182104430001],[5.162611575000028,8.049506211000164]]]}},{"type":"Feature","properties":{"adm2_pcode":"NG013016","adm2_name":"Oye","adm1_name":"Ekiti"},"geometry":{"type":"Polygon","coordinates":[[[5.387426252000068,7.723801066000021],[5.450955784000087,7.97971448200002],[5.359209904000124,8.036107902000083],[5.332399277000036,8.009554973000036],[5.282862325000053,8.00847142300006],[5.254497608000179,7.834934596000096],[5.281593846000021,7.77133421100018],[5.387426252000068,7.723801066000021]]]}},{"type":"Feature","properties":{"adm2_pcode":"NG014001","adm2_name":"Aninri","adm1_name":"Enugu"},"geometry":{"type":"Polygon","coordinates":[[[7.675786089000155,6.01000458700014],[7.630359756000075,6.152396732000113],[7.571427006000079,6.155452695000122],[7.531875900000159,6.20906012100005],[7.500654960000134,6.147480042000097],[7.527990849000162,6.098265625000124],[7.52005992200003,6.020018584000127],[7.573160677000033,5.9691357210001],[7.691889462,5.924640162000117],[7.714838197000176,5.945977187000096],[7.71120510500009,5.97095253700013],[7.675786089000155,6.01000458700014]]]}},{"type":"Feature","properties":{"adm2_pcode":"NG014002","adm2_name":"Awgu","adm1_name":"Enugu"},"geometry":{"type":"Polygon","coordinates":[[[7.531875900000159,6.20906012100005],[7.443956637000156,6.338800032000165],[7.371041251000122,6.204072892000113],[7.393972533000124,6.137554209000143],[7.384793164000143,6.037316737000083],[7.415839538000114,6.006217950000064],[7.52005992200003,6.020018584000127],[7.527990849000162,6.098265625000124],[7.500654960000134,6.147480042000097],[7.531875900000159,6.20906012100005]]]}},{"type":"Feature","properties":{"adm2_pcode":"NG014003","adm2_name":"Enugu East","adm1_name":"Enugu"},"geometry":{"type":"Polygon","coordinates":[[[7.653496555000117,6.60159824800013],[7.571949783000036,6.667179052000108],[7.540868670000123,6.62866414400014],[7.459235576000026,6.616877155000168],[7.460135219000108,6.480928373000154],[7.483321403000048,6.478309546000105],[7.466445989000022,6.469628985000156],[7.559340735000035,6.453614593000054],[7.596075124000038,6.465850965000186],[7.630680097000038,6.448190684999986],[7.656552504000103,6.503812909000033],[7.653496555000117,6.60159824800013]]]}},{"type":"Feature","properties":{"adm2_pcode":"NG014004","adm2_name":"Enugu North","adm1_name":"Enugu"},"geometry":{"type":"Polygon","coordinates":[[[7.630680097000038,6.448190684999986],[7.596075124000038,6.465850965000186],[7.559340735000035,6.453614593000054],[7.47149570900001,6.467548812000075],[7.483321403000048,6.478309546000105],[7.472768226000085,6.485041714000033],[7.447448793999968,6.450554876000126],[7.452398084000038,6.423397072000171],[7.469038297999987,6.415453287000048],[7.53213771500009,6.427418270000032],[7.581700372000114,6.397293716000092],[7.581703898,6.426306741000133],[7.618053544000077,6.419317067],[7.630680097000038,6.448190684999986]]]}},{"type":"Feature","properties":{"adm2_pcode":"NG014005","adm2_name":"Enugu South","adm1_name":"Enugu"},"geometry":{"type":"Polygon","coordinates":[[[7.581700372000114,6.397293716000092],[7.53213771500009,6.427418270000032],[7.452398084000038,6.423397072000171],[7.440865405000181,6.410357526000041],[7.514352851000069,6.35888651200014],[7.581700372000114,6.397293716000092]]]}},{"type":"Feature","properties":{"adm2_pcode":"NG014006","adm2_name":"Ezeagu","adm1_name":"Enugu"},"geometry":{"type":"Polygon","coordinates":[[[7.245460927000181,6.275623299000074],[7.378912084000092,6.352333057000124],[7.386333020000166,6.398169911000025],[7.305446308000171,6.472784912000066],[7.165006261000087,6.530442331000131],[7.150443684000152,6.560241093000116],[7.106946095000126,6.489843955000083],[7.036256294000168,6.47383064100012],[7.027468291000162,6.443563345000143],[7.096612877000098,6.422408098000062],[7.184432581000181,6.283795782000084],[7.245460927000181,6.275623299000074]]]}},{"type":"Feature","properties":{"adm2_pcode":"NG014007","adm2_name":"Igbo-Etiti","adm1_name":"Enugu"},"geometry":{"type":"Polygon","coordinates":[[[7.510490057000027,6.72917546900004],[7.468165676000069,6.761748154000088],[7.43253392500003,6.738060325000106],[7.422331724000117,6.76449586800004],[7.405523501,6.762741781000159],[7.361886439000102,6.727322688000129],[7.317359485000111,6.723393381000164],[7.236782257000129,6.677715167000088],[7.383108856000035,6.625052972000105],[7.399782491,6.631699584000103],[7.415920856000128,6.611202400000025],[7.540868670000123,6.62866414400014],[7.538299629999983,6.674191335000046],[7.510490057000027,6.72917546900004]]]}},{"type":"Feature","properties":{"adm2_pcode":"NG014008","adm2_name":"Igbo-Eze North","adm1_name":"Enugu"},"geometry":{"type":"Polygon","coordinates":[[[7.556406735999985,6.978775785000096],[7.526293436000117,7.05754196900017],[7.457075840000186,7.115394197000114],[7.385961808,7.109346229000096],[7.3681673480001,7.071227239000052],[7.370880279000119,7.030717130000141],[7.398701900000049,7.024979347000112],[7.377216423,6.999617224000133],[7.384605682000085,6.979234846000168],[7.436475681000047,6.931166579000148],[7.471789009000133,6.921620848000032],[7.489934712000036,6.920552744000133],[7.556406735999985,6.978775785000096]]]}},{"type":"Feature","properties":{"adm2_pcode":"NG014009","adm2_name":"Igbo-Eze South","adm1_name":"Enugu"},"geometry":{"type":"Polygon","coordinates":[[[7.489934712000036,6.920552744000133],[7.436475681000047,6.931166579000148],[7.384605682000085,6.979234846000168],[7.377216423,6.999617224000133],[7.396162864000075,7.028330613000094],[7.366836927000065,7.039865897000084],[7.328107732000092,7.024461365999969],[7.329821153000182,7.000294778000068],[7.312993958000106,6.999724358000151],[7.323206244000062,6.97504662],[7.302953640000169,6.948648926000089],[7.32783649300012,6.911979646000077],[7.374669543000152,6.903211409000107],[7.394559031000028,6.914422706000039],[7.453173911000022,6.865784662000067],[7.489934712000036,6.920552744000133]]]}},{"type":"Feature","properties":{"adm2_pcode":"NG014010","adm2_name":"Isi-Uzo","adm1_name":"Enugu"},"geometry":{"type":"Polygon","coordinates":[[[7.896659461000127,6.863931555000136],[7.882596942000021,6.858291682000015],[7.826759985000081,6.891683581000052],[7.785234519000085,6.872969762000025],[7.75017734700009,6.87836214500004],[7.654806368000038,6.815504065000141],[7.628042895000135,6.815849059000072],[7.620916670000156,6.837750315000164],[7.611941603000162,6.815696590000186],[7.5897610990001,6.812011587000029],[7.561164153999982,6.738167876000034],[7.550223286000175,6.741066946000103],[7.589508974000125,6.691204146000189],[7.510490057000027,6.72917546900004],[7.543806511000071,6.631067326],[7.574893409000083,6.66677002199998],[7.653496555000117,6.60159824800013],[7.703923711000186,6.607056221999983],[7.70575601600018,6.636198626],[7.737040899000078,6.63407800400006],[7.788824179000073,6.585210684000117],[7.855342136000047,6.742868395000187],[7.903395841000076,6.781468502000166],[7.886458993000076,6.794072624000137],[7.896659461000127,6.863931555000136]]]}},{"type":"Feature","properties":{"adm2_pcode":"NG014011","adm2_name":"Nkanu East","adm1_name":"Enugu"},"geometry":{"type":"Polygon","coordinates":[[[7.738502653000069,6.17030548200006],[7.70802663500001,6.298353257000144],[7.751392596000187,6.385539050000034],[7.730731110000022,6.559910672000058],[7.703923711000186,6.607056221999983],[7.653496555000117,6.60159824800013],[7.656552504000103,6.503812909000033],[7.618824620000112,6.419865370000025],[7.617486500000041,6.317645394000067],[7.588731765000034,6.310246408000182],[7.5638156710001,6.243852776000097],[7.512400502999981,6.231348006000189],[7.549162863000106,6.168985391000149],[7.630359756000075,6.152396732000113],[7.668315227,6.060618839000028],[7.71379929699998,6.083923282000114],[7.726189951000038,6.114899675000061],[7.738502653000069,6.17030548200006]]]}},{"type":"Feature","properties":{"adm2_pcode":"NG014012","adm2_name":"Nkanu West","adm1_name":"Enugu"},"geometry":{"type":"Polygon","coordinates":[[[7.618824620000112,6.419865370000025],[7.581703898,6.426306741000133],[7.581700372000114,6.397293716000092],[7.514352851000069,6.35888651200014],[7.436971823000079,6.40646415599997],[7.435225584000079,6.352769331],[7.512400502999981,6.231348006000189],[7.5638156710001,6.243852776000097],[7.588731765000034,6.310246408000182],[7.617486500000041,6.317645394000067],[7.618824620000112,6.419865370000025]]]}},{"type":"Feature","properties":{"adm2_pcode":"NG014013","adm2_name":"Nsukka","adm1_name":"Enugu"},"geometry":{"type":"Polygon","coordinates":[[[7.312993958000106,6.999724358000151],[7.241288089000079,6.971317371000112],[7.234985702000074,6.910660406000147],[7.209887973000093,6.902819248000128],[7.2902936750001,6.849990864000119],[7.29086186800015,6.773320610000155],[7.332398964000049,6.724825875000022],[7.361886439000102,6.727322688000129],[7.397545529000183,6.760605431000158],[7.422331724000117,6.76449586800004],[7.43253392500003,6.738060325000106],[7.468165676000069,6.761748154000088],[7.589508974000125,6.691204146000189],[7.550223286000175,6.741066946000103],[7.561164153999982,6.738167876000034],[7.5897610990001,6.812011587000029],[7.611941603000162,6.815696590000186],[7.620916670000156,6.837750315000164],[7.563132302000156,6.819432621000146],[7.518062600000178,6.833607795000034],[7.484098030000098,6.82275805200004],[7.480579223,6.836646594000058],[7.431834783000113,6.852379483000163],[7.441708221999988,6.879697393000015],[7.394559031000028,6.914422706000039],[7.374109826000108,6.90324876000011],[7.312993935000179,6.923766028000045],[7.303826847000039,6.960435858000096],[7.323206244000062,6.97504662],[7.312993958000106,6.999724358000151]]]}},{"type":"Feature","properties":{"adm2_pcode":"NG014014","adm2_name":"Oji-River","adm1_name":"Enugu"},"geometry":{"type":"Polygon","coordinates":[[[7.291623738000112,6.275144331000035],[7.184432581000181,6.283795782000084],[7.160283178000157,6.303468697000085],[7.142588660000172,6.289057341000159],[7.150997620000169,6.232611678000126],[7.19953672500003,6.234767014000113],[7.223957402999986,6.191440122000074],[7.220313498000053,6.123130662000165],[7.254803285000094,6.104719616000068],[7.268748767000034,6.060705196000185],[7.384793164000143,6.037316737000083],[7.393972533000124,6.137554209000143],[7.371041251000122,6.204072892000113],[7.322379484000066,6.196051081000121],[7.281415023000022,6.253977119000183],[7.291623738000112,6.275144331000035]]]}},{"type":"Feature","properties":{"adm2_pcode":"NG014015","adm2_name":"Udenu","adm1_name":"Enugu"},"geometry":{"type":"Polygon","coordinates":[[[7.692280065000091,6.851824278000151],[7.620197679000114,6.919325270000172],[7.57765909,6.93271729200012],[7.556406735999985,6.978775785000096],[7.483871811000142,6.916450976000021],[7.47668796500011,6.885772625000186],[7.453173911000022,6.865784662000067],[7.441708221999988,6.879697393000015],[7.430977240000118,6.856158691000019],[7.48620406800012,6.821926087],[7.518062600000178,6.833607795000034],[7.563132302000156,6.819432621000146],[7.607229798000162,6.83921826],[7.639090645000124,6.815503967000154],[7.669211885000152,6.821178822000093],[7.692280065000091,6.851824278000151]]]}},{"type":"Feature","properties":{"adm2_pcode":"NG014016","adm2_name":"Udi","adm1_name":"Enugu"},"geometry":{"type":"Polygon","coordinates":[[[7.459235576000026,6.616877155000168],[7.415920856000128,6.611202400000025],[7.399782491,6.631699584000103],[7.383108856000035,6.625052972000105],[7.29946131600002,6.665770122000026],[7.221320260000027,6.677120176000187],[7.155402064000043,6.603344574000062],[7.150443684000152,6.560241093000116],[7.165006261000087,6.530442331000131],[7.305446308000171,6.472784912000066],[7.386333020000166,6.398169911000025],[7.378912084000092,6.352333057000124],[7.245460927000181,6.275623299000074],[7.291623738000112,6.275144331000035],[7.281415023000022,6.253977119000183],[7.322379484000066,6.196051081000121],[7.376292590000048,6.20827440100004],[7.443956637000156,6.338800032000165],[7.432606099000168,6.38027153500002],[7.460135219000108,6.480928373000154],[7.459235576000026,6.616877155000168]]]}},{"type":"Feature","properties":{"adm2_pcode":"NG014017","adm2_name":"Uzo-Uwani","adm1_name":"Enugu"},"geometry":{"type":"Polygon","coordinates":[[[7.332398964000049,6.724825875000022],[7.29086186800015,6.773320610000155],[7.2902936750001,6.849990864000119],[7.209887973000093,6.902819248000128],[7.156210442000145,6.883088621000127],[7.055377838000084,6.786194716000068],[6.990782392000142,6.785407088999989],[6.986843021000027,6.844488716000171],[6.963210549999985,6.844488679999984],[6.932072656000059,6.767693572000155],[6.931667806000178,6.69869659799997],[6.99093497400014,6.713077481000141],[7.050637780000102,6.682572430999983],[7.057693573999984,6.697150668000177],[7.132565537000175,6.652067663000025],[7.10946837500012,6.593236367000088],[7.055431315000135,6.545299889000034],[7.049659200000121,6.474356678000049],[7.098651819000054,6.483295346000148],[7.123010459000056,6.505970882000156],[7.155402064000043,6.603344574000062],[7.196000707000053,6.662713888000098],[7.332398964000049,6.724825875000022]]]}},{"type":"Feature","properties":{"adm2_pcode":"NG015001","adm2_name":"Abaji","adm1_name":"Federal Capital Territory"},"geometry":{"type":"Polygon","coordinates":[[[7.045871656000088,9.23050092900013],[6.800290570000186,9.225106816000107],[6.778666576000148,8.453830541000116],[6.991440651000119,8.459823651000079],[6.998305777000098,8.492097806000118],[6.984478680000109,8.515231382000024],[6.878946345999964,8.579476757],[6.832731601000035,8.58235847700007],[6.834866404000024,8.599970940000105],[6.80311056100004,8.630926004000173],[6.814852227000017,8.63893230300016],[6.799908258000187,8.673090010000067],[6.827128022000124,8.693370961000085],[6.801509245000034,8.698708455000144],[6.816453422999984,8.73340048100016],[6.792969859000095,8.744073640000124],[6.820189546000108,8.76115337900012],[6.795638631000145,8.777164349999964],[6.823392038000065,8.818794144000094],[6.872226846,8.844947126000022],[6.898378910000076,8.929807523000136],[6.898912555999971,8.968235296000046],[6.866355936000105,9.041354399000113],[6.888771920000067,9.097927805000154],[6.892508123000027,9.1288832030001],[6.877030280000099,9.138490942000033],[6.888772007,9.19826697200017],[7.045871656000088,9.23050092900013]]]}},{"type":"Feature","properties":{"adm2_pcode":"NG015002","adm2_name":"Abuja Municipal","adm1_name":"Federal Capital Territory"},"geometry":{"type":"Polygon","coordinates":[[[7.589055153000118,9.10764661100012],[7.496416267000143,9.136838317000127],[7.390809888000035,9.126006273000087],[7.246386007000183,9.150978858000144],[7.220021742000085,9.11388125000002],[7.242979056000081,9.104175635],[7.212323486000116,9.029773473999967],[7.167693520000114,9.007327947000135],[7.140466898000113,8.962739753],[7.106455821000054,8.953474155000038],[7.100944950000155,8.938285281000105],[7.350006147000158,8.831311952000021],[7.419589697000163,8.816225809000116],[7.397166731000141,8.736990634000108],[7.436989778000054,8.687210892000166],[7.394713044000071,8.63611712400018],[7.477623737999977,8.63133344400012],[7.591669137000054,8.83487518700008],[7.589055153000118,9.10764661100012]]]}},{"type":"Feature","properties":{"adm2_pcode":"NG015003","adm2_name":"Bwari","adm1_name":"Federal Capital Territory"},"geometry":{"type":"Polygon","coordinates":[[[7.729873720000114,9.331881549000059],[7.672389156,9.411277552000115],[7.589875076000055,9.431607240000176],[7.509752670000012,9.361051365000037],[7.417672168000081,9.36703094100011],[7.388168444000144,9.349822979000066],[7.246386007000183,9.150978858000144],[7.390809888000035,9.126006273000087],[7.496416267000143,9.136838317000127],[7.589055153000118,9.10764661100012],[7.667606114000023,9.303650689000165],[7.729873720000114,9.331881549000059]]]}},{"type":"Feature","properties":{"adm2_pcode":"NG015004","adm2_name":"Gwagwalada","adm1_name":"Federal Capital Territory"},"geometry":{"type":"Polygon","coordinates":[[[7.211495433999971,9.10486741800014],[7.045871656000088,9.23050092900013],[6.971651853000083,9.22344298500002],[6.93734016500008,9.19880110000014],[6.892508118000137,9.205205097000032],[6.877563821000081,9.171581552000077],[6.888771920000067,9.097927805000154],[6.866355936000105,9.041354399000113],[6.90211475600006,8.954892242000028],[6.886163983000074,8.917745049000189],[7.095544385000153,8.916612317999977],[7.106455821000054,8.953474155000038],[7.140466898000113,8.962739753],[7.167693520000114,9.007327947000135],[7.212323486000116,9.029773473999967],[7.242979056000081,9.104175635],[7.211495433999971,9.10486741800014]]]}},{"type":"Feature","properties":{"adm2_pcode":"NG015005","adm2_name":"Kuje","adm1_name":"Federal Capital Territory"},"geometry":{"type":"Polygon","coordinates":[[[7.477623737999977,8.63133344400012],[7.394713044000071,8.63611712400018],[7.436989778000054,8.687210892000166],[7.397166731000141,8.736990634000108],[7.419589697000163,8.816225809000116],[7.350006147000158,8.831311952000021],[7.100944950000155,8.938285281000105],[7.095544385000153,8.916612317999977],[7.187119452000161,8.838007732000165],[7.189254310000024,8.808653711000147],[7.126569874000097,8.773434346000101],[7.119148285000051,8.680325261000178],[6.983821712000065,8.535166160000074],[6.97698565900015,8.51999714800013],[6.998305777000098,8.492097806000118],[6.991440651000119,8.459823651000079],[7.116741289,8.46622187800017],[7.355688874000066,8.51244291200004],[7.477623737999977,8.63133344400012]]]}},{"type":"Feature","properties":{"adm2_pcode":"NG015006","adm2_name":"Kwali","adm1_name":"Federal Capital Territory"},"geometry":{"type":"Polygon","coordinates":[[[7.095544385000153,8.916612317999977],[6.886163983000074,8.917745049000189],[6.872226846,8.844947126000022],[6.823392038000065,8.818794144000094],[6.795638631000145,8.777164349999964],[6.820189546000108,8.76115337900012],[6.792969859000095,8.744073640000124],[6.816453422999984,8.73340048100016],[6.801509245000034,8.698708455000144],[6.827128022000124,8.693370961000085],[6.799908258000187,8.673090010000067],[6.814852227000017,8.63893230300016],[6.80311056100004,8.630926004000173],[6.834866404000024,8.599970940000105],[6.832731601000035,8.58235847700007],[6.878946345999964,8.579476757],[6.97698565900015,8.51999714800013],[7.030886919000068,8.594044285999985],[7.080528906999973,8.62815089600008],[7.119148285000051,8.680325261000178],[7.126569874000097,8.773434346000101],[7.1748438730001,8.792642706000095],[7.191389189,8.823063616000013],[7.095544385000153,8.916612317999977]]]}},{"type":"Feature","properties":{"adm2_pcode":"NG016001","adm2_name":"Akko","adm1_name":"Gombe"},"geometry":{"type":"Polygon","coordinates":[[[10.885161294000056,10.398648747000095],[10.835072661000027,10.395102730000076],[10.826063403000148,10.293679250000139],[10.85715981800007,10.235681753000108],[10.819883375000018,10.18114774999998],[10.811818293000101,10.122956056000021],[10.790633170000035,10.109702843000093],[10.700672160000124,10.11225604700013],[10.684512985000083,10.080558801999985],[10.82499031000009,9.969960349000019],[10.92846460300018,9.909826442],[10.950120039000126,9.80540100100012],[10.985714728000119,9.813576245000093],[11.054297636000115,9.871958875000075],[11.083448799999985,9.948941565000155],[11.185454558000174,10.003998500000023],[11.273727848000078,10.00177945500019],[11.313904125000079,10.03019623400013],[11.363269496000157,10.031149215000028],[11.41042432100005,10.01946261],[11.448790053000096,9.966936754000074],[11.471001105000028,9.97985742100019],[11.482192075000171,10.047843166000064],[11.405034596000064,10.078522687000032],[11.3424525800001,10.069221577000121],[11.294135666000045,10.100298091000127],[11.29480382700018,10.138655750000112],[11.314543605999972,10.163826235000045],[11.279157601000179,10.188917852000031],[11.188756945000137,10.339957548000086],[11.164359488,10.31944533],[11.213530260000027,10.282057735000024],[11.152529589999972,10.263447977000169],[11.130017296000176,10.27360920600006],[11.12189234400006,10.307307431000027],[11.018136336000055,10.329545925000048],[10.991689807000057,10.365257218000124],[10.890595616000098,10.376326254000105],[10.885161294000056,10.398648747000095]]]}},{"type":"Feature","properties":{"adm2_pcode":"NG016002","adm2_name":"Balanga","adm1_name":"Gombe"},"geometry":{"type":"Polygon","coordinates":[[[11.828603850000093,10.05387802000007],[11.767431048000162,10.081903487000147],[11.669898207000188,10.086020525000094],[11.61507416100011,10.072568004000175],[11.539426516000049,10.02160475400018],[11.577992289000065,9.848390723000136],[11.566921093000076,9.739664905000097],[11.535072581000179,9.699497780000115],[11.426523191000172,9.68728297000007],[11.382168316000104,9.634052070000166],[11.36931378100013,9.547484024000141],[11.427642005000052,9.548499808000145],[11.484278713000151,9.604154868000023],[11.61511705300012,9.615296416000149],[11.77290226200006,9.706252998000025],[11.850863614000104,9.786381484000174],[11.836197831,9.868795219000162],[11.854986282000027,9.92710473],[11.855346773000065,10.004907562000085],[11.828603850000093,10.05387802000007]]]}},{"type":"Feature","properties":{"adm2_pcode":"NG016003","adm2_name":"Billiri","adm1_name":"Gombe"},"geometry":{"type":"Polygon","coordinates":[[[11.274492421,10.002017186000046],[11.185454558000174,10.003998500000023],[11.083448799999985,9.948941565000155],[11.054297636000115,9.871958875000075],[10.985714728000119,9.813576245000093],[10.950120039000126,9.80540100100012],[10.961153074000038,9.765796402000149],[10.950101093000171,9.695192600999974],[11.093511295999974,9.676146608000181],[11.141995114,9.731857847000015],[11.198594393000121,9.753756118000126],[11.239814706,9.82212080700009],[11.244176199000037,9.917791445000091],[11.274492421,10.002017186000046]]]}},{"type":"Feature","properties":{"adm2_pcode":"NG016004","adm2_name":"Dukku","adm1_name":"Gombe"},"geometry":{"type":"Polygon","coordinates":[[[11.10219954300004,10.90369061399997],[11.120057379000059,10.998006365000094],[11.113420140000017,11.054247496000073],[11.015727039000126,11.107959565000044],[10.949586092000061,11.182710784000164],[10.86067589300012,11.084832406999965],[10.836810570000011,11.07789021700006],[10.79363428500011,11.114366714000028],[10.761953471000027,11.11707192300014],[10.670490206000068,11.01915264500002],[10.618556238,10.994465733000084],[10.602949970000168,10.962405332000117],[10.642976642000122,10.860515646000124],[10.617764429000147,10.858255106000115],[10.593951114000049,10.888786517000085],[10.576300767000077,10.885554290000073],[10.550655184000107,10.79256159099998],[10.47868107,10.687846800000159],[10.51479184599998,10.665335445000153],[10.542110551000064,10.628996739000115],[10.558776173000126,10.56089112899997],[10.616939717000093,10.508310498000185],[10.765764121000188,10.477623174000087],[10.835072661000027,10.395102730000076],[10.885161294000056,10.398648747000095],[10.95884027600016,10.443813986000066],[10.92395610400007,10.586112001000117],[10.931358198000055,10.62050629900017],[10.996145395000099,10.65681167100007],[11.092273482000053,10.662887679000107],[11.10219954300004,10.90369061399997]]]}},{"type":"Feature","properties":{"adm2_pcode":"NG016005","adm2_name":"Funakaye","adm1_name":"Gombe"},"geometry":{"type":"Polygon","coordinates":[[[11.400138878000178,11.089087412000083],[11.375558671000078,11.070484877000183],[11.378531317000181,11.039232415000185],[11.326571740000077,10.999743485000124],[11.321751470000038,10.949770234000027],[11.34597842100004,10.926677159000064],[11.35677618700015,10.831071630000167],[11.340121516000124,10.795302609000146],[11.21698080699997,10.803465798000104],[11.17272822800004,10.826644263000048],[11.09976706600014,10.902066366999975],[11.092273482000053,10.662887679000107],[11.168728839000153,10.66280675500019],[11.186118860000079,10.595014050000088],[11.269286842000156,10.542896388000145],[11.335360155000103,10.540191472000174],[11.383621050000045,10.65000053100016],[11.514748426000097,10.612222664000171],[11.521450924000135,10.639417655000102],[11.51661518200001,10.732112956000037],[11.539074697,10.850962823000089],[11.530362358000104,10.934866683000166],[11.470545482000091,11.021645815000056],[11.400138878000178,11.089087412000083]]]}},{"type":"Feature","properties":{"adm2_pcode":"NG016006","adm2_name":"Gombe","adm1_name":"Gombe"},"geometry":{"type":"Polygon","coordinates":[[[11.164293734000069,10.32076682000013],[11.126645104000033,10.323994578000054],[11.122793970999965,10.286202387000117],[11.137039393000066,10.268017578000126],[11.162740106000172,10.262123837],[11.213530260000027,10.282057735000024],[11.164293734000069,10.32076682000013]]]}},{"type":"Feature","properties":{"adm2_pcode":"NG016007","adm2_name":"Kaltungo","adm1_name":"Gombe"},"geometry":{"type":"Polygon","coordinates":[[[11.538898545000166,10.018859283000097],[11.482192075000171,10.047843166000064],[11.471001105000028,9.97985742100019],[11.448790053000096,9.966936754000074],[11.41042432100005,10.01946261],[11.363269496000157,10.031149215000028],[11.313904125000079,10.03019623400013],[11.274492421,10.002017186000046],[11.26018833400019,9.909824114000173],[11.28559505700008,9.854502458000184],[11.306171904999985,9.693817742000022],[11.379238862000022,9.623203257000057],[11.426523191000172,9.68728297000007],[11.535072581000179,9.699497780000115],[11.566921093000076,9.739664905000097],[11.577992289000065,9.848390723000136],[11.538898545000166,10.018859283000097]]]}},{"type":"Feature","properties":{"adm2_pcode":"NG016008","adm2_name":"Kwami","adm1_name":"Gombe"},"geometry":{"type":"Polygon","coordinates":[[[11.514748426000097,10.612222664000171],[11.383621050000045,10.65000053100016],[11.348217939999984,10.556168952000178],[11.335360155000103,10.540191472000174],[11.300562614000114,10.538115191000031],[11.202248255000143,10.577712736000137],[11.186118860000079,10.595014050000088],[11.179499259000067,10.65125783000019],[11.146666382000149,10.670744763000073],[10.970793688000128,10.648683629000118],[10.923133855000174,10.597693526000114],[10.95884027600016,10.443813986000066],[10.88809131700009,10.406637229000069],[10.881316207000111,10.383618672000068],[10.991689807000057,10.365257218000124],[11.018136336000055,10.329545925000048],[11.12189234400006,10.307307431000027],[11.126645104000033,10.323994578000054],[11.164293734000069,10.32076682000013],[11.182876363000105,10.35348190500008],[11.276510299000165,10.343644046000122],[11.343887501000097,10.391787442],[11.374857411000164,10.387595056000066],[11.414314169000022,10.408974742000169],[11.415342842000143,10.503301924000027],[11.50947794900003,10.51995356700013],[11.514748426000097,10.612222664000171]]]}},{"type":"Feature","properties":{"adm2_pcode":"NG016009","adm2_name":"Nafada","adm1_name":"Gombe"},"geometry":{"type":"Polygon","coordinates":[[[11.400138878000178,11.089087412000083],[11.365189694000037,11.127169651000031],[11.303850029999978,11.24938037100003],[11.23793054700019,11.242699521000077],[11.130319659000065,11.278650385000162],[11.07867993700006,11.312480157000039],[11.00731555100009,11.295865316000118],[11.023275241000078,11.28541953500013],[11.000440380000157,11.236169948999986],[10.949586092000061,11.182710784000164],[11.015727039000126,11.107959565000044],[11.113420140000017,11.054247496000073],[11.120057379000059,10.998006365000094],[11.10219954300004,10.90369061399997],[11.17272822800004,10.826644263000048],[11.21698080699997,10.803465798000104],[11.317038819000118,10.789546914000084],[11.35205482400005,10.80718054000016],[11.34597842100004,10.926677159000064],[11.321751470000038,10.949770234000027],[11.326571740000077,10.999743485000124],[11.378531317000181,11.039232415000185],[11.375558671000078,11.070484877000183],[11.400138878000178,11.089087412000083]]]}},{"type":"Feature","properties":{"adm2_pcode":"NG016010","adm2_name":"Shomgom","adm1_name":"Gombe"},"geometry":{"type":"Polygon","coordinates":[[[11.379238862000022,9.623203257000057],[11.306171904999985,9.693817742000022],[11.259347331000129,9.950597574000142],[11.244176199000037,9.917791445000091],[11.239814706,9.82212080700009],[11.198594393000121,9.753756118000126],[11.141995114,9.731857847000015],[11.093511295999974,9.676146608000181],[10.950101093000171,9.695192600999974],[10.978141059999984,9.574613635000162],[11.020428432000188,9.549492800000053],[11.161347099000068,9.55102245900008],[11.227090087000136,9.569368317000112],[11.278014462000044,9.547348800000123],[11.36931378100013,9.547484024000141],[11.379238862000022,9.623203257000057]]]}},{"type":"Feature","properties":{"adm2_pcode":"NG016011","adm2_name":"Yamaltu/Deba","adm1_name":"Gombe"},"geometry":{"type":"Polygon","coordinates":[[[11.640150340000048,10.609040031],[11.521873745,10.568999122000037],[11.499450147000061,10.511800412000127],[11.415342842000143,10.503301924000027],[11.418939334000186,10.414248180000186],[11.406293744000152,10.404148827000085],[11.374857411000164,10.387595056000066],[11.343887501000097,10.391787442],[11.267120581000086,10.340328858000078],[11.178599471000098,10.350556371000152],[11.279157601000179,10.188917852000031],[11.314543605999972,10.163826235000045],[11.288674596000078,10.111714064000125],[11.319957959000078,10.078637852000043],[11.447351512000182,10.067540932999975],[11.538898545000166,10.018859283000097],[11.61507416100011,10.072568004000175],[11.669898207000188,10.086020525000094],[11.767431048000162,10.081903487000147],[11.828603850000093,10.05387802000007],[11.739933779000125,10.164150374000144],[11.601275615000077,10.208057048000171],[11.565323023000019,10.287399132000075],[11.533394785000098,10.305102735],[11.63548014800017,10.394550546000062],[11.65020094200014,10.529296667000096],[11.640150340000048,10.609040031]]]}},{"type":"Feature","properties":{"adm2_pcode":"NG017001","adm2_name":"Aboh-Mbaise","adm1_name":"Imo"},"geometry":{"type":"Polygon","coordinates":[[[7.321908546000145,5.404929589000119],[7.268315432000179,5.424106729000016],[7.273941162000028,5.504286736000097],[7.306452125000021,5.506468985000083],[7.31073940400006,5.519530328000144],[7.216106194000076,5.510897807000049],[7.158354306999968,5.484988671000053],[7.185142585000108,5.44950009500019],[7.22835057400016,5.442887849000044],[7.222198091000109,5.386959951000108],[7.287005764000128,5.319923348000088],[7.321908546000145,5.404929589000119]]]}},{"type":"Feature","properties":{"adm2_pcode":"NG017002","adm2_name":"Ahiazu-Mbaise","adm1_name":"Imo"},"geometry":{"type":"Polygon","coordinates":[[[7.308937683000124,5.617926096000019],[7.209131610000156,5.607380341000123],[7.230698052000037,5.583514192000109],[7.207010267000044,5.546650936000049],[7.218237182,5.508198014000072],[7.314799761000017,5.52323339600008],[7.324478222000153,5.541629317000115],[7.306332995999981,5.556586714000048],[7.308937683000124,5.617926096000019]]]}},{"type":"Feature","properties":{"adm2_pcode":"NG017003","adm2_name":"Ehime-Mbano","adm1_name":"Imo"},"geometry":{"type":"Polygon","coordinates":[[[7.361155975000031,5.71431162600004],[7.33312280500013,5.72574754599998],[7.302113956000142,5.767579969999986],[7.282661123000082,5.763365366000187],[7.244240361000095,5.723471645000075],[7.248951077000129,5.686681586000134],[7.226279339000087,5.665060106000112],[7.223068733,5.612481092000166],[7.344306533000179,5.626695443000074],[7.343063385,5.693985668000153],[7.361155975000031,5.71431162600004]]]}},{"type":"Feature","properties":{"adm2_pcode":"NG017004","adm2_name":"Ezinihitte","adm1_name":"Imo"},"geometry":{"type":"Polygon","coordinates":[[[7.388032556000098,5.510386898000149],[7.324478222000153,5.541629317000115],[7.306452125000021,5.506468985000083],[7.273941162000028,5.504286736000097],[7.268315432000179,5.424106729000016],[7.321908546000145,5.404929589000119],[7.388032556000098,5.510386898000149]]]}},{"type":"Feature","properties":{"adm2_pcode":"NG017005","adm2_name":"Ideato North","adm1_name":"Imo"},"geometry":{"type":"Polygon","coordinates":[[[7.223056669000073,5.932303912000066],[7.17342977800007,5.906905658000028],[7.103229117000069,5.932549293000022],[7.060201193000069,5.931415964000109],[7.003111977,5.905193280999981],[7.042726574000085,5.88704771099998],[7.056075880000094,5.838800033000155],[7.142058373999987,5.872656698000071],[7.166879436000045,5.865732122000168],[7.174550036000028,5.805006957000103],[7.193272277000062,5.83845052700002],[7.260281434000149,5.875924118000057],[7.25281816800009,5.895695438000075],[7.230059132000122,5.891152984000144],[7.223056669000073,5.932303912000066]]]}},{"type":"Feature","properties":{"adm2_pcode":"NG017006","adm2_name":"Ideato South","adm1_name":"Imo"},"geometry":{"type":"Polygon","coordinates":[[[7.18591472200012,5.792537339000035],[7.17292682700014,5.862069522000183],[7.146417554999971,5.871671669000023],[7.056075880000094,5.838800033000155],[7.109709297000109,5.770588297000131],[7.162068902000101,5.758871036000073],[7.18591472200012,5.792537339000035]]]}},{"type":"Feature","properties":{"adm2_pcode":"NG017007","adm2_name":"Ihitte/Uboma","adm1_name":"Imo"},"geometry":{"type":"Polygon","coordinates":[[[7.381607578000171,5.705608877000031],[7.347206536000044,5.705845819000103],[7.34505487500013,5.627452779],[7.308924933000128,5.61102359500012],[7.348548336000079,5.607673640000144],[7.387291561000154,5.579631310000025],[7.407474463000142,5.593092801000125],[7.422786106000046,5.583626314000128],[7.432285979000142,5.609393174000104],[7.416314024000144,5.661454637000134],[7.381607578000171,5.705608877000031]]]}},{"type":"Feature","properties":{"adm2_pcode":"NG017008","adm2_name":"Ikeduru","adm1_name":"Imo"},"geometry":{"type":"Polygon","coordinates":[[[7.209131610000156,5.607380341000123],[7.173512033000065,5.614635705000182],[7.157625401000075,5.639675203000024],[7.139083277000111,5.634384071000113],[7.088057295999988,5.600643554000044],[7.080239888000165,5.542644911000139],[7.158354306999968,5.484988671000053],[7.216106194000076,5.510897807000049],[7.207010267000044,5.546650936000049],[7.230698052000037,5.583514192000109],[7.209131610000156,5.607380341000123]]]}},{"type":"Feature","properties":{"adm2_pcode":"NG017009","adm2_name":"Isiala Mbano","adm1_name":"Imo"},"geometry":{"type":"Polygon","coordinates":[[[7.265981402000136,5.74417516900013],[7.247726510000177,5.758072902000151],[7.175797370000055,5.735958586000038],[7.144346488000167,5.66104594300009],[7.11271295500012,5.685073440999986],[7.095123184000045,5.659276755000064],[7.122473998000146,5.625685950000104],[7.155247114000019,5.640312879000021],[7.199261357000182,5.603070058000071],[7.223068733,5.612481092000166],[7.226279339000087,5.665060106000112],[7.248951077000129,5.686681586000134],[7.244240361000095,5.723471645000075],[7.265981402000136,5.74417516900013]]]}},{"type":"Feature","properties":{"adm2_pcode":"NG017010","adm2_name":"Isu","adm1_name":"Imo"},"geometry":{"type":"Polygon","coordinates":[[[7.091062035,5.722291956999982],[7.073371353000027,5.732664278000129],[7.029225912000015,5.720518174000063],[7.016506396000125,5.699737925000079],[7.029125241000145,5.680977566000138],[7.020939258000055,5.643225513000175],[7.075644996000108,5.653909982000187],[7.076516372000071,5.714494],[7.091062035,5.722291956999982]]]}},{"type":"Feature","properties":{"adm2_pcode":"NG017011","adm2_name":"Mbaitoli","adm1_name":"Imo"},"geometry":{"type":"Polygon","coordinates":[[[7.122473998000146,5.625685950000104],[7.094963535999966,5.675284175000058],[7.065256963000081,5.650383046000059],[6.947289851000164,5.639714195000067],[6.945995244000073,5.582532750999974],[6.928727888000083,5.559601847000181],[6.996751475999986,5.550467962000027],[7.041849915000114,5.523222196000063],[7.08193443600004,5.540624097000091],[7.088057295999988,5.600643554000044],[7.122473998000146,5.625685950000104]]]}},{"type":"Feature","properties":{"adm2_pcode":"NG017012","adm2_name":"Ngor-Okpala","adm1_name":"Imo"},"geometry":{"type":"Polygon","coordinates":[[[7.291588828000044,5.319604876000028],[7.222198091000109,5.386959951000108],[7.22835057400016,5.442887849000044],[7.174820964000048,5.459472646000108],[7.149643785000137,5.408125826000173],[7.089308694000181,5.397921089000022],[7.030710796000164,5.298152940000023],[6.983238252000149,5.257430065000051],[6.998440399,5.239194343000065],[7.03999226000019,5.249618104000035],[7.093960554000148,5.225473609000062],[7.12101768000008,5.24639095100008],[7.157072414000083,5.234528506000117],[7.166314635000163,5.212044165000066],[7.242135034000057,5.1958670140001],[7.263917422000077,5.215610563999974],[7.291588828000044,5.319604876000028]]]}},{"type":"Feature","properties":{"adm2_pcode":"NG017013","adm2_name":"Njaba","adm1_name":"Imo"},"geometry":{"type":"Polygon","coordinates":[[[7.060325095000053,5.749616839999987],[7.023782315,5.743396887000074],[7.010535037000125,5.76215361300018],[6.973848806000035,5.761112037000146],[6.982280766000144,5.645027764000133],[7.020939258000055,5.643225513000175],[7.029125241000145,5.680977566000138],[7.017431564000105,5.702253360000157],[7.032653613000036,5.723361007000165],[7.073371353000027,5.732664278000129],[7.060325095000053,5.749616839999987]]]}},{"type":"Feature","properties":{"adm2_pcode":"NG017014","adm2_name":"Nkwerre","adm1_name":"Imo"},"geometry":{"type":"Polygon","coordinates":[[[7.16149700700015,5.756278917000088],[7.075937585000077,5.776670426000067],[7.060325095000053,5.749616839999987],[7.091062035,5.722291956999982],[7.10077605400005,5.74476306400004],[7.128155010000171,5.735665606000111],[7.16149700700015,5.756278917000088]]]}},{"type":"Feature","properties":{"adm2_pcode":"NG017015","adm2_name":"Nwangele","adm1_name":"Imo"},"geometry":{"type":"Polygon","coordinates":[[[7.175797370000055,5.735958586000038],[7.16149700700015,5.756278917000088],[7.128155010000171,5.735665606000111],[7.10077605400005,5.74476306400004],[7.076516372000071,5.714494],[7.082337377000044,5.663468386000034],[7.11271295500012,5.685073440999986],[7.144346488000167,5.66104594300009],[7.175797370000055,5.735958586000038]]]}},{"type":"Feature","properties":{"adm2_pcode":"NG017016","adm2_name":"Obowo","adm1_name":"Imo"},"geometry":{"type":"Polygon","coordinates":[[[7.422786106000046,5.583626314000128],[7.407474463000142,5.593092801000125],[7.387291561000154,5.579631310000025],[7.348548336000079,5.607673640000144],[7.308924933000128,5.61102359500012],[7.306332995999981,5.556586714000048],[7.388032556000098,5.510386898000149],[7.422786106000046,5.583626314000128]]]}},{"type":"Feature","properties":{"adm2_pcode":"NG017017","adm2_name":"Oguta","adm1_name":"Imo"},"geometry":{"type":"Polygon","coordinates":[[[6.83610552600004,5.754879957000185],[6.802055333999988,5.778885245000083],[6.669886308000059,5.696277190000046],[6.658436437000148,5.624850225000159],[6.804677016000028,5.607114788999979],[6.89050139,5.528083801000037],[6.934690034000084,5.551291337],[6.943249827000045,5.637589969000146],[6.918299633000117,5.637043965000089],[6.851463361000015,5.702372015000094],[6.83610552600004,5.754879957000185]]]}},{"type":"Feature","properties":{"adm2_pcode":"NG017018","adm2_name":"Ohaji/Egbema","adm1_name":"Imo"},"geometry":{"type":"Polygon","coordinates":[[[6.89050139,5.528083801000037],[6.804677016000028,5.607114788999979],[6.658436437000148,5.624850225000159],[6.639079972000047,5.493445818000168],[6.738135717000091,5.491862714000092],[6.74903490000014,5.438793170000054],[6.777345051000168,5.428852678000055],[6.762082025000097,5.411522816000058],[6.755795060000139,5.323452896000106],[6.818213014000037,5.257966936000173],[6.925146091000101,5.22567935800015],[6.986503087000187,5.234255716000121],[6.998440399,5.239194343000065],[6.971121747999973,5.324395702000118],[6.98138993300006,5.365656855000168],[6.925774597000043,5.41138979700014],[6.911224775000051,5.461566137000034],[6.878492021000113,5.479939452000167],[6.89050139,5.528083801000037]]]}},{"type":"Feature","properties":{"adm2_pcode":"NG017019","adm2_name":"Okigwe","adm1_name":"Imo"},"geometry":{"type":"Polygon","coordinates":[[[7.394222266000099,5.910171455000125],[7.269452607,5.919945513000073],[7.260983947999989,5.938931012000182],[7.223056669000073,5.932303912000066],[7.230059132000122,5.891152984000144],[7.258893850999982,5.88598882500014],[7.256644747000053,5.865835601000128],[7.226127922000103,5.853988017000063],[7.259547654000187,5.802316147000056],[7.33312280500013,5.72574754599998],[7.388898174000133,5.701730898000051],[7.400301015000082,5.712711869000145],[7.394222266000099,5.910171455000125]]]}},{"type":"Feature","properties":{"adm2_pcode":"NG017020","adm2_name":"Orlu","adm1_name":"Imo"},"geometry":{"type":"Polygon","coordinates":[[[7.056075880000094,5.838800033000155],[7.042726574000085,5.88704771099998],[7.015880575000097,5.895269457000097],[7.009654012000169,5.833495474000131],[6.982720308000069,5.807968208000034],[6.973848806000035,5.761112037000146],[7.045564796000122,5.744253035000042],[7.076614777000145,5.760878863000016],[7.075937585000077,5.776670426000067],[7.109709297000109,5.770588297000131],[7.056075880000094,5.838800033000155]]]}},{"type":"Feature","properties":{"adm2_pcode":"NG017021","adm2_name":"Orsu","adm1_name":"Imo"},"geometry":{"type":"Polygon","coordinates":[[[7.015880575000097,5.895269457000097],[6.977666213000134,5.901716137000051],[6.915580713000054,5.823798144000136],[6.951758071000029,5.815931629000033],[6.979285301000175,5.788091577000102],[7.009019730000091,5.831511767],[7.015880575000097,5.895269457000097]]]}},{"type":"Feature","properties":{"adm2_pcode":"NG017022","adm2_name":"Oru East","adm1_name":"Imo"},"geometry":{"type":"Polygon","coordinates":[[[6.979285301000175,5.788091577000102],[6.949209896000127,5.817190967000101],[6.907081442000162,5.819555076000086],[6.929822358000024,5.8100320100001],[6.920859645000178,5.789583417000074],[6.948639685000103,5.767619893000187],[6.921725447000085,5.747223946000076],[6.923392899000021,5.699867786000084],[6.869883637000044,5.685310851000111],[6.923434657000087,5.634999251000011],[6.982280766000144,5.645027764000133],[6.985839615000145,5.699256317000049],[6.965574613000115,5.741822158000048],[6.979285301000175,5.788091577000102]]]}},{"type":"Feature","properties":{"adm2_pcode":"NG017023","adm2_name":"Oru West","adm1_name":"Imo"},"geometry":{"type":"Polygon","coordinates":[[[6.929822358000024,5.8100320100001],[6.886873399000137,5.830421816000182],[6.88355746700006,5.744180636000181],[6.849901296000041,5.763119541000151],[6.834867374999988,5.750420114],[6.869883637000044,5.685310851000111],[6.923392899000021,5.699867786000084],[6.921725447000085,5.747223946000076],[6.948639685000103,5.767619893000187],[6.920859645000178,5.789583417000074],[6.929822358000024,5.8100320100001]]]}},{"type":"Feature","properties":{"adm2_pcode":"NG017024","adm2_name":"Owerri North","adm1_name":"Imo"},"geometry":{"type":"Polygon","coordinates":[[[7.174820964000048,5.459472646000108],[7.08193443600004,5.540624097000091],[7.041849915000114,5.523222196000063],[7.013905981000164,5.534204037],[7.022618099000169,5.506635593],[7.065501211000026,5.487924643000156],[7.04240172700014,5.452205170000127],[7.062204237000117,5.431116129000031],[7.03340375300013,5.380166489999965],[7.035417574,5.323944074000053],[7.089308694000181,5.397921089000022],[7.151672265000116,5.409833930000104],[7.174820964000048,5.459472646000108]]]}},{"type":"Feature","properties":{"adm2_pcode":"NG017025","adm2_name":"Owerri West","adm1_name":"Imo"},"geometry":{"type":"Polygon","coordinates":[[[7.013905981000164,5.534204037],[6.988799282000173,5.551221448000035],[6.901968700000054,5.53908611200012],[6.878798018000168,5.48289590800016],[6.911224775000051,5.461566137000034],[6.931420796000168,5.404462360000082],[6.9802794040001,5.368534593000049],[6.970871375000172,5.327267603000166],[6.982706580000183,5.265475730000105],[7.033043798000108,5.301294282000072],[7.03340375300013,5.380166489999965],[7.062204237000117,5.431116129000031],[7.038976195000032,5.453377218000071],[7.008966394000083,5.438084119000109],[6.972772696000163,5.455268445000172],[7.013905981000164,5.534204037]]]}},{"type":"Feature","properties":{"adm2_pcode":"NG017026","adm2_name":"Owerri-Municipal","adm1_name":"Imo"},"geometry":{"type":"Polygon","coordinates":[[[7.04240172700014,5.452205170000127],[7.064670040000124,5.490226335000159],[7.011721967000085,5.52015491100002],[6.972772696000163,5.455268445000172],[7.008966394000083,5.438084119000109],[7.04240172700014,5.452205170000127]]]}},{"type":"Feature","properties":{"adm2_pcode":"NG017027","adm2_name":"Unuimo","adm1_name":"Imo"},"geometry":{"type":"Polygon","coordinates":[[[7.226127922000103,5.853988017000063],[7.193272277000062,5.83845052700002],[7.178212457000086,5.808308796000176],[7.18591472200012,5.792537339000035],[7.16149700700015,5.756278917000088],[7.175797370000055,5.735958586000038],[7.247726510000177,5.758072902000151],[7.265981402000136,5.74417516900013],[7.292363053000088,5.76736018500003],[7.226127922000103,5.853988017000063]]]}},{"type":"Feature","properties":{"adm2_pcode":"NG018001","adm2_name":"Auyo","adm1_name":"Jigawa"},"geometry":{"type":"Polygon","coordinates":[[[10.059639471000082,12.44058781299998],[9.977877341000124,12.41692371],[9.866867371000126,12.34395768500002],[9.763278146000118,12.31711710899998],[9.734187907000091,12.329913243000021],[9.727733407000187,12.301661694000074],[9.778103968999972,12.277689677000012],[9.841255188000105,12.285360236000088],[9.856342744000187,12.244785738000076],[9.876394557000083,12.235306196000181],[9.953623601000118,12.282729694000068],[9.971521845999973,12.320863872000132],[10.047510206000084,12.381110133],[10.088509504000058,12.379309443000068],[10.168224416999976,12.32658694900016],[10.195654162000153,12.327196580000077],[10.25899506900015,12.422800742000106],[10.124790699000187,12.414288978000172],[10.058039312000119,12.421504997999989],[10.059639471000082,12.44058781299998]]]}},{"type":"Feature","properties":{"adm2_pcode":"NG018002","adm2_name":"Babura","adm1_name":"Jigawa"},"geometry":{"type":"Polygon","coordinates":[[[9.03708456600009,12.81449026000007],[8.977337888000022,12.817230315000018],[8.95690633900017,12.755949766000185],[8.913904722000154,12.705103662000113],[8.8555220450001,12.68221783600012],[8.818405971000061,12.691932421],[8.797137490000011,12.675865351000027],[8.726695166000184,12.687607668],[8.680683516999977,12.663367280000045],[8.680245479000178,12.642255963000082],[8.655131195000024,12.635046859999989],[8.648327773000176,12.592180121000126],[8.719115976000126,12.566590407000092],[8.67852027300006,12.50504035900002],[8.707165548000091,12.453570147],[8.816487439000127,12.413439795000158],[8.863222927000095,12.423219728000106],[8.878180915000087,12.482834195000123],[8.938777513000105,12.570071764999966],[9.028389306000065,12.59868049500011],[9.035599840000145,12.681469141000093],[9.085864470000047,12.751980095000079],[9.03708456600009,12.81449026000007]]]}},{"type":"Feature","properties":{"adm2_pcode":"NG018003","adm2_name":"Biriniwa","adm1_name":"Jigawa"},"geometry":{"type":"Polygon","coordinates":[[[10.25479758800003,13.012141112999984],[10.20519423200011,13.02076905500013],[10.150629108000146,12.9878865],[10.107409399,12.994389399999989],[9.952840487000174,12.949282907999986],[9.87408084700013,12.837280456000144],[9.758126700000048,12.809395792999965],[9.879293529000108,12.630123727000068],[10.00723210100017,12.6441292720001],[10.08714112399997,12.700824534000049],[10.104126528000108,12.695202020000067],[10.10810855700015,12.673695989000123],[10.164819630000125,12.693409945000042],[10.21581005400003,12.744689942000036],[10.249166039000102,12.728179378000164],[10.308468102,12.781313142000158],[10.355966299000102,12.783900946000074],[10.334460375000106,12.85878015500009],[10.272170128000027,12.840940350000096],[10.24746967100009,12.851010519999988],[10.27602828300013,12.86938174700009],[10.281729971000061,12.933170483000083],[10.25479758800003,13.012141112999984]]]}},{"type":"Feature","properties":{"adm2_pcode":"NG018004","adm2_name":"Birni Kudu","adm1_name":"Jigawa"},"geometry":{"type":"Polygon","coordinates":[[[9.640267473000108,11.356820087000017],[9.652013594000039,11.464420400000108],[9.626543308000066,11.59011505400008],[9.664195240000026,11.641880193000077],[9.664443834,11.729390175999981],[9.564118350000115,11.693639701000052],[9.398135976000049,11.554610205000074],[9.342022634999978,11.545869586000094],[9.323641635000058,11.51226038800013],[9.227998828000125,11.476559793000092],[9.192831791000174,11.369050148000042],[9.193549098000062,11.350888068000131],[9.23907476900007,11.369089913000039],[9.313064361000102,11.36930439300005],[9.44657332800017,11.307920465000052],[9.546780745000092,11.33878973800006],[9.571549538,11.321820121000144],[9.582263127000147,11.259651355000074],[9.628618906000042,11.251909021000188],[9.649550552000164,11.253680459],[9.640267473000108,11.356820087000017]]]}},{"type":"Feature","properties":{"adm2_pcode":"NG018005","adm2_name":"Buji","adm1_name":"Jigawa"},"geometry":{"type":"Polygon","coordinates":[[[9.820613569000045,11.688444509000078],[9.803278290000037,11.700612919000093],[9.811440700000048,11.721308036999972],[9.797625376000042,11.734989415000086],[9.714042045000156,11.720566133999966],[9.664443834,11.729390175999981],[9.664195240000026,11.641880193000077],[9.626543308000066,11.59011505400008],[9.652013594000039,11.464420400000108],[9.640267473000108,11.356820087000017],[9.67378099500013,11.383830005],[9.706170112000109,11.445869660000142],[9.79117134,11.460028955000098],[9.777780776000156,11.530420174000085],[9.819506515000114,11.571220401],[9.820613569000045,11.688444509000078]]]}},{"type":"Feature","properties":{"adm2_pcode":"NG018006","adm2_name":"Dutse","adm1_name":"Jigawa"},"geometry":{"type":"Polygon","coordinates":[[[9.318601820000083,12.055549732000145],[9.28790141200011,12.047509780000155],[9.22164735500013,11.968139599000153],[9.238755251999976,11.900409501000183],[9.14488957499998,11.80716033200008],[9.14043730100002,11.78522954600004],[9.160850793000122,11.737119850000056],[9.248576003000153,11.746239694000053],[9.236158162000038,11.702340216000096],[9.21744996800004,11.699810279000076],[9.231911382000021,11.660829637000177],[9.276389958000095,11.66252018400013],[9.262815275000037,11.617449823000015],[9.272337680000021,11.602600376000169],[9.359975681000037,11.575396634000128],[9.354866087000062,11.549480344000074],[9.382976642000074,11.548669885000038],[9.461852291000184,11.619859741000141],[9.44606133300016,11.67379022800003],[9.39743773400005,11.705870951000122],[9.371694651000155,11.797452841000052],[9.405679995000128,11.855534682999973],[9.414591499000096,11.916940989000011],[9.395245460000183,11.916051435000156],[9.376770459,12.017974039000023],[9.340413598,12.026766394000163],[9.318601820000083,12.055549732000145]]]}},{"type":"Feature","properties":{"adm2_pcode":"NG018007","adm2_name":"Gagarawa","adm1_name":"Jigawa"},"geometry":{"type":"Polygon","coordinates":[[[9.690529258000083,12.551608430999977],[9.663987925000015,12.584921078000036],[9.597686186000033,12.56808537400002],[9.58182547299998,12.595488031000116],[9.54868171600009,12.591627270000117],[9.507519616000138,12.619839389],[9.482041628000104,12.593050020000078],[9.423501844999976,12.587932268000088],[9.427511970000069,12.556880353999986],[9.407631651000145,12.555625378000116],[9.41611985000003,12.503555371000061],[9.384246174000111,12.421521945000052],[9.435026948000143,12.387530371000082],[9.500827016000073,12.38737903000009],[9.510233653000114,12.36632875500004],[9.552679675000036,12.376002717],[9.634700695000106,12.440600332000088],[9.650603716000091,12.513241388000097],[9.690529258000083,12.551608430999977]]]}},{"type":"Feature","properties":{"adm2_pcode":"NG018008","adm2_name":"Garki","adm1_name":"Jigawa"},"geometry":{"type":"Polygon","coordinates":[[[9.028389306000065,12.59868049500011],[8.938777513000105,12.570071764999966],[8.876678729000162,12.479800249000107],[8.872516401000041,12.430239943],[8.816487439000127,12.413439795000158],[8.781190897000158,12.349635609000131],[8.740233226000157,12.315799638000158],[8.721372826000163,12.216549848000113],[8.740081950000103,12.219079790000023],[8.818689066000104,12.315600369000094],[8.836263372000076,12.314659927000093],[8.851884586000097,12.276849967000032],[8.891280219,12.316469905000076],[9.194276904000105,12.343170122000117],[9.315596078000056,12.295077113],[9.36577074400003,12.327671320000093],[9.416722873000083,12.325229447000083],[9.510233653000114,12.36632875500004],[9.500827016000073,12.38737903000009],[9.435026948000143,12.387530371000082],[9.344304077000118,12.440549946000147],[9.273645773000169,12.432039091000036],[9.188920008000082,12.518119743000057],[9.06663562700004,12.538179617000026],[9.028389306000065,12.59868049500011]]]}},{"type":"Feature","properties":{"adm2_pcode":"NG018009","adm2_name":"Gumel","adm1_name":"Jigawa"},"geometry":{"type":"Polygon","coordinates":[[[9.505151785000066,12.609246272000064],[9.4325446900001,12.70414972500015],[9.37505681100015,12.701823806000164],[9.312740310000038,12.657779584000082],[9.334464262000154,12.583246358000167],[9.384612778000076,12.552150607999977],[9.427511970000069,12.556880353999986],[9.423501844999976,12.587932268000088],[9.505151785000066,12.609246272000064]]]}},{"type":"Feature","properties":{"adm2_pcode":"NG018010","adm2_name":"Guri","adm1_name":"Jigawa"},"geometry":{"type":"Polygon","coordinates":[[[10.577699950000124,12.806850577000091],[10.460648246000119,12.82156857100017],[10.366800413000021,12.861660055000186],[10.334460375000106,12.85878015500009],[10.368739831000084,12.677459813000155],[10.337000665000119,12.597430795000093],[10.337584372000038,12.465649792000022],[10.424779923000017,12.470879421000063],[10.44635001100005,12.423930155],[10.491850120000038,12.439450052000097],[10.526539915000114,12.48132016],[10.594050542000105,12.520130385000186],[10.596543328000166,12.71505200200005],[10.574460028000146,12.754140108],[10.577699950000124,12.806850577000091]]]}},{"type":"Feature","properties":{"adm2_pcode":"NG018011","adm2_name":"Gwaram","adm1_name":"Jigawa"},"geometry":{"type":"Polygon","coordinates":[[[10.294860008000114,11.205998192000152],[10.04874966500006,11.263110083000072],[9.991488402000016,11.252059831000054],[9.88263321100004,11.358969906000027],[9.881198631000188,11.44846424300016],[9.840469724000116,11.475511828000151],[9.803676743999972,11.450643668000112],[9.780429711000068,11.460051690000114],[9.706170112000109,11.445869660000142],[9.67378099500013,11.383830005],[9.640267473000108,11.356820087000017],[9.649550552000164,11.253680459],[9.82489273900012,11.282280079000088],[9.865719898000123,11.186060153000085],[9.892939818000116,11.1587498290001],[9.853653863000034,11.108770168000035],[9.859332301,11.014419608000026],[9.865818995999973,10.999396306000051],[9.953554083000085,10.962590472000159],[10.078559830000131,10.989439826000137],[10.134040091000088,10.947500058000173],[10.18675993200003,10.944689579000055],[10.194750030000137,10.964360255000088],[10.141530068000122,11.014380312000128],[10.174859982000044,11.074649754000063],[10.198887549000062,11.10067583800003],[10.260129899000049,11.094109514000081],[10.306558054000106,11.131450617000041],[10.327670329000114,11.129469820000168],[10.36462035400001,11.179420436000044],[10.363160109999967,11.207040083000095],[10.294860008000114,11.205998192000152]]]}},{"type":"Feature","properties":{"adm2_pcode":"NG018012","adm2_name":"Gwiwa","adm1_name":"Jigawa"},"geometry":{"type":"Polygon","coordinates":[[[8.39947711000002,12.826810126000169],[8.330176603000098,12.844450152000036],[8.171089552000069,12.833330111000066],[8.174598839000055,12.766070553000134],[8.149988869000083,12.701290396000047],[8.192852829000117,12.700659752000092],[8.218388759,12.680650941000067],[8.245636273000116,12.692089777000035],[8.299304651000114,12.64847174800019],[8.369347198000185,12.662674086000095],[8.40242195500008,12.714679162000095],[8.39947711000002,12.826810126000169]]]}},{"type":"Feature","properties":{"adm2_pcode":"NG018013","adm2_name":"Hadejia","adm1_name":"Jigawa"},"geometry":{"type":"Polygon","coordinates":[[[10.028575737000097,12.439485790000049],[10.079509588000064,12.455189782000161],[10.060007579000171,12.50474699800003],[10.022521680000182,12.469346072000121],[10.028575737000097,12.439485790000049]]]}},{"type":"Feature","properties":{"adm2_pcode":"NG018014","adm2_name":"Jahun","adm1_name":"Jigawa"},"geometry":{"type":"Polygon","coordinates":[[[9.803989902000126,12.112819097000113],[9.751726918000088,12.113869538000074],[9.744708138000021,12.136836526000025],[9.714014950000092,12.149634483000114],[9.633144814000048,12.133062586000051],[9.61055355100001,12.158575904000031],[9.583068268999966,12.15941610699997],[9.569378940000036,12.194560083000113],[9.478695477000088,12.212375709000128],[9.346997239000189,12.184969995000131],[9.317014082000128,12.068185096000036],[9.33395293700005,12.03154895400013],[9.376770459,12.017974039000023],[9.397667373000104,11.914456592000079],[9.577113789000066,11.974726619000023],[9.618248977000121,11.931669915000157],[9.655408941000019,11.92921788000001],[9.761331281000082,11.96961831100009],[9.818280527000127,11.974405809000075],[9.803989902000126,12.112819097000113]]]}},{"type":"Feature","properties":{"adm2_pcode":"NG018015","adm2_name":"Kafin Hausa","adm1_name":"Jigawa"},"geometry":{"type":"Polygon","coordinates":[[[10.195654162000153,12.327196580000077],[10.168224416999976,12.32658694900016],[10.088509504000058,12.379309443000068],[10.047510206000084,12.381110133],[9.971521845999973,12.320863872000132],[9.947581539000055,12.277711240000144],[9.876394557000083,12.235306196000181],[9.852497231000086,12.251221451000106],[9.824765601000081,12.215938342000129],[9.824837715000172,12.180453576000048],[9.790815382000062,12.150275250000107],[9.821147479,11.99787093800012],[9.86306733400005,11.986283609],[9.898630095000101,11.952140141000086],[9.969927895000183,11.964520668000148],[10.154140382000037,12.040439653000021],[10.164271999000164,12.073347322000131],[10.14534425000005,12.148926362000054],[10.168490571000177,12.24864855100003],[10.200622449000093,12.299791412000047],[10.195654162000153,12.327196580000077]]]}},{"type":"Feature","properties":{"adm2_pcode":"NG018016","adm2_name":"Kaugama","adm1_name":"Jigawa"},"geometry":{"type":"Polygon","coordinates":[[[9.758126700000048,12.809395792999965],[9.700415011000075,12.812148734000118],[9.795985137000116,12.6613582760001],[9.791059625000116,12.630321553999977],[9.743929011000148,12.584694157000172],[9.705082649000133,12.58745295100016],[9.687766784000132,12.54315968000003],[9.650603716000091,12.513241388000097],[9.634700695000106,12.440600332000088],[9.587380377999978,12.392379899000048],[9.602537251000058,12.381489588000079],[9.603640985000084,12.333074708000083],[9.666664622000098,12.336807165000039],[9.727733407000187,12.301661694000074],[9.734187907000091,12.329913243000021],[9.763278146000118,12.31711710899998],[9.866867371000126,12.34395768500002],[9.94037206300004,12.405569871000012],[9.888109050000082,12.429886215000067],[9.743311316000074,12.439756617000171],[9.821956920000105,12.512831825000035],[9.873667141,12.63623186500007],[9.758126700000048,12.809395792999965]]]}},{"type":"Feature","properties":{"adm2_pcode":"NG018017","adm2_name":"Kazaure","adm1_name":"Jigawa"},"geometry":{"type":"Polygon","coordinates":[[[8.677100962000111,12.705171569000129],[8.591136731000063,12.67989897900003],[8.54589668400007,12.645059787999969],[8.531311651000067,12.668150155000092],[8.542742505000149,12.722160234000057],[8.490105368000116,12.735920313000179],[8.458175356000027,12.702187735000166],[8.395441100000028,12.699450392000074],[8.360098657000151,12.622978450000119],[8.399424054000065,12.59474617899997],[8.435943602000123,12.604685036000149],[8.46354159000009,12.58432201700009],[8.549771543000134,12.599188588000118],[8.62782686700018,12.588951789000191],[8.648220847000061,12.595221779000099],[8.655131195000024,12.635046859999989],[8.680245479000178,12.642255963000082],[8.680683516999977,12.663367280000045],[8.726695166000184,12.687607668],[8.677100962000111,12.705171569000129]]]}},{"type":"Feature","properties":{"adm2_pcode":"NG018018","adm2_name":"Kiri Kasamma","adm1_name":"Jigawa"},"geometry":{"type":"Polygon","coordinates":[[[10.337584372000038,12.465649792000022],[10.337000665000119,12.597430795000093],[10.368739831000084,12.677459813000155],[10.355966299000102,12.783900946000074],[10.308468102,12.781313142000158],[10.249166039000102,12.728179378000164],[10.20766992700004,12.73884029300001],[10.188464820000036,12.703974662000121],[10.188170405999983,12.647178464000149],[10.160592822000126,12.630547623000155],[10.179944831000057,12.607400333000044],[10.17015666300017,12.584344660999989],[10.102134677000038,12.539696006000156],[10.094840700000077,12.570244081000055],[10.060007579000171,12.50474699800003],[10.077850025000146,12.44212813100006],[10.054797082000107,12.42752881600012],[10.124790699000187,12.414288978000172],[10.25899506900015,12.422800742000106],[10.285659945000134,12.44962992100011],[10.337584372000038,12.465649792000022]]]}},{"type":"Feature","properties":{"adm2_pcode":"NG018019","adm2_name":"Kiyawa","adm1_name":"Jigawa"},"geometry":{"type":"Polygon","coordinates":[[[9.894061326000156,11.952091617000178],[9.86721419800017,11.983716614000173],[9.822195955999973,11.998098059000029],[9.809809742000084,11.968719763000024],[9.761331281000082,11.96961831100009],[9.689348940000116,11.933137116000125],[9.619863462000012,11.930871107000144],[9.577113789000066,11.974726619000023],[9.414591499000096,11.916940989000011],[9.405679995000128,11.855534682999973],[9.370892758000139,11.803026549000037],[9.39743773400005,11.705870951000122],[9.44606133300016,11.67379022800003],[9.461852291000184,11.619859741000141],[9.57692438200013,11.700700034000079],[9.660931594000033,11.729350119000173],[9.626651022000146,11.760020472],[9.643896907,11.790169637000133],[9.673584166000069,11.787016883000035],[9.684245740999984,11.869376839999973],[9.723863586,11.856591741000045],[9.829971612000122,11.890263258000118],[9.894061326000156,11.952091617000178]]]}},{"type":"Feature","properties":{"adm2_pcode":"NG018020","adm2_name":"Maigatari","adm1_name":"Jigawa"},"geometry":{"type":"Polygon","coordinates":[[[9.700415011000075,12.812148734000118],[9.354761010000175,12.816945219000047],[9.336294054000064,12.809330846000023],[9.318425077000086,12.751233232],[9.350951725000186,12.683679348000055],[9.37505681100015,12.701823806000164],[9.443065283000067,12.70015698800006],[9.47378568,12.66509170800009],[9.47132052000012,12.637231992000125],[9.505151785000066,12.609246272000064],[9.507519616000138,12.619839389],[9.54868171600009,12.591627270000117],[9.58182547299998,12.595488031000116],[9.597686186000033,12.56808537400002],[9.663987925000015,12.584921078000036],[9.69058635500005,12.55151818700017],[9.715557990000093,12.594915541000148],[9.743929011000148,12.584694157000172],[9.76346960799998,12.598535761],[9.796785886000066,12.657376152000097],[9.724192328000015,12.789673230000176],[9.700415011000075,12.812148734000118]]]}},{"type":"Feature","properties":{"adm2_pcode":"NG018021","adm2_name":"Malam Madori","adm1_name":"Jigawa"},"geometry":{"type":"Polygon","coordinates":[[[10.060007579000171,12.50474699800003],[10.09808780700007,12.573418882000112],[10.102134677000038,12.539696006000156],[10.17015666300017,12.584344660999989],[10.179944831000057,12.607400333000044],[10.160592822000126,12.630547623000155],[10.188170405999983,12.647178464000149],[10.188464820000036,12.703974662000121],[10.10810855700015,12.673695989000123],[10.100090532000081,12.699194368000178],[10.081468847000053,12.699248886000078],[10.048568364000062,12.661529038000026],[9.976444605000097,12.634658237999986],[9.873667141,12.63623186500007],[9.821956920000105,12.512831825000035],[9.743311316000074,12.439756617000171],[9.888109050000082,12.429886215000067],[9.934180719000096,12.413055438000072],[9.886558837000166,12.360342671000183],[10.028575737000097,12.439485790000049],[10.023353403000158,12.477304735000075],[10.060007579000171,12.50474699800003]]]}},{"type":"Feature","properties":{"adm2_pcode":"NG018022","adm2_name":"Miga","adm1_name":"Jigawa"},"geometry":{"type":"Polygon","coordinates":[[[9.778103968999972,12.277689677000012],[9.666664622000098,12.336807165000039],[9.603640985000084,12.333074708000083],[9.562268716000062,12.300358884000104],[9.548892062000107,12.24958010600011],[9.511790063999968,12.21459030300008],[9.572915003000105,12.192299820000017],[9.583068268999966,12.15941610699997],[9.61055355100001,12.158575904000031],[9.633144814000048,12.133062586000051],[9.714014950000092,12.149634483000114],[9.744708138000021,12.136836526000025],[9.751726918000088,12.113869538000074],[9.804124105000142,12.112865091],[9.790815382000062,12.150275250000107],[9.824837715000172,12.180453576000048],[9.824765601000081,12.215938342000129],[9.85329066700018,12.246466396000073],[9.850934302000155,12.27592767599998],[9.82597456700006,12.2909295340001],[9.778103968999972,12.277689677000012]]]}},{"type":"Feature","properties":{"adm2_pcode":"NG018023","adm2_name":"Ringim","adm1_name":"Jigawa"},"geometry":{"type":"Polygon","coordinates":[[[9.337813339000093,12.167579370000112],[9.291179211000156,12.201329941000154],[9.1592686890001,12.245007453000028],[9.133078175000094,12.29350885700012],[9.128888348000089,12.339132537000069],[8.936856227000135,12.325079874000096],[8.907671123000114,12.316670366999972],[8.890472228000021,12.281920412000034],[8.962984189000167,12.179169466000076],[8.967958229000146,12.151600084000165],[8.941417486000148,12.114430200000129],[8.94657437800015,12.069589498000084],[8.979150900000093,12.089559779000126],[9.007407906000083,12.074930087000098],[9.065875829999982,12.082549880000045],[9.108716288000096,12.0174305540001],[9.142633352000132,12.021300541000073],[9.165187813000102,12.103319974000101],[9.213033531000121,12.118869927],[9.220015678000038,12.011870501000033],[9.251157976000172,12.001310399999966],[9.28790141200011,12.047509780000155],[9.318601820000083,12.055549732000145],[9.337813339000093,12.167579370000112]]]}},{"type":"Feature","properties":{"adm2_pcode":"NG018024","adm2_name":"Roni","adm1_name":"Jigawa"},"geometry":{"type":"Polygon","coordinates":[[[8.369347198000185,12.662674086000095],[8.299304651000114,12.64847174800019],[8.245636273000116,12.692089777000035],[8.218388759,12.680650941000067],[8.186986725000054,12.701740183000084],[8.149988869000083,12.701290396000047],[8.142413113000089,12.670070933000034],[8.206247213000154,12.638520421000067],[8.28605571300011,12.640229918000045],[8.290033503000075,12.599989680000135],[8.311231683000187,12.578889738000157],[8.316703835000169,12.504120007000097],[8.381777778000185,12.44042014200005],[8.389573109000082,12.478510118000031],[8.46354159000009,12.58432201700009],[8.435943602000123,12.604685036000149],[8.401708230000054,12.594300681999982],[8.362854082000126,12.614448939000056],[8.369347198000185,12.662674086000095]]]}},{"type":"Feature","properties":{"adm2_pcode":"NG018025","adm2_name":"Sule-Tankarkar","adm1_name":"Jigawa"},"geometry":{"type":"Polygon","coordinates":[[[9.3407557540001,12.814437757000064],[9.045207743999981,12.837206055000081],[9.037121576000118,12.811040111000125],[9.085864470000047,12.751980095000079],[9.035599840000145,12.681469141000093],[9.027255223000111,12.60197494099998],[9.06663562700004,12.538179617000026],[9.188920008000082,12.518119743000057],[9.273645773000169,12.432039091000036],[9.331388255000093,12.443840165000154],[9.384246174000111,12.421521945000052],[9.41611985000003,12.503555371000061],[9.412931395000044,12.545751595000183],[9.334464262000154,12.583246358000167],[9.312740310000038,12.657779584000082],[9.350951725000186,12.683679348000055],[9.318425077000086,12.751233232],[9.3407557540001,12.814437757000064]]]}},{"type":"Feature","properties":{"adm2_pcode":"NG018026","adm2_name":"Taura","adm1_name":"Jigawa"},"geometry":{"type":"Polygon","coordinates":[[[9.603640985000084,12.333074708000083],[9.602537251000058,12.381489588000079],[9.587511863000145,12.39233864900001],[9.42238635200016,12.326815257000021],[9.36577074400003,12.327671320000093],[9.315596078000056,12.295077113],[9.248473253000157,12.311579658000028],[9.209509009000158,12.342200275999971],[9.12857284800009,12.332659113000034],[9.1592686890001,12.245007453000028],[9.291179211000156,12.201329941000154],[9.337813339000093,12.167579370000112],[9.359827922000022,12.189729623000119],[9.511892402000115,12.214467345],[9.548892062000107,12.24958010600011],[9.562268716000062,12.300358884000104],[9.603640985000084,12.333074708000083]]]}},{"type":"Feature","properties":{"adm2_pcode":"NG018027","adm2_name":"Yankwashi","adm1_name":"Jigawa"},"geometry":{"type":"Polygon","coordinates":[[[8.495636408000166,12.834476106000068],[8.440487506000068,12.816552830000035],[8.39947711000002,12.826810126000169],[8.395640522,12.699486371000091],[8.458175356000027,12.702187735000166],[8.490105368000116,12.735920313000179],[8.530937176000123,12.731230057000062],[8.54633994600016,12.71415016800006],[8.532692488,12.660066842000163],[8.54951623800008,12.645099615000163],[8.591136731000063,12.67989897900003],[8.677100962000111,12.705171569000129],[8.650867246000075,12.730310354000096],[8.612127220000161,12.73349002499998],[8.581411634000176,12.818530336000038],[8.495636408000166,12.834476106000068]]]}},{"type":"Feature","properties":{"adm2_pcode":"NG019001","adm2_name":"Birnin-Gwari","adm1_name":"Kaduna"},"geometry":{"type":"Polygon","coordinates":[[[7.217633778,11.170467622000047],[7.152254940999967,11.139300155000058],[7.073440194000113,11.214790557000129],[7.004116140000065,11.246569438000051],[6.970087074,11.242879995000067],[7.021561974000065,11.314669499],[7.013245968000149,11.357230401000038],[6.888557998000181,11.380746882000096],[6.828365914000017,11.307540100000153],[6.754351126000188,11.262928263000106],[6.732985039000084,11.201883417000147],[6.733663500000034,11.147619945000088],[6.676009559000022,11.057409033000113],[6.606825348000086,11.047235722000096],[6.575624541000025,11.023495942000125],[6.471847551,11.021460369000181],[6.458282051000083,10.999078019000137],[6.439290122000159,10.998398697000027],[6.411480931000028,11.030278277000036],[6.323304163000103,11.025530844000116],[6.277181739000071,10.965842102000067],[6.233771310000122,10.945493946000056],[6.205962088000092,10.86342122200017],[6.18154387400017,10.872239222000076],[6.122674327000141,10.844799104],[6.131098409000117,10.824039584000104],[6.108217157000126,10.813474448000079],[6.099381809000079,10.770905754000069],[6.113036169000111,10.739580872000147],[6.091350055000078,10.70022487600005],[6.137132262000137,10.669703626000171],[6.1122330930001,10.605448926000179],[6.127493763000132,10.569305654000175],[6.092956500000014,10.546012846000053],[6.089743977000069,10.475332521000155],[6.105004190000159,10.456859395000038],[6.132312709000018,10.464087735000021],[6.14918005800007,10.45043390300009],[6.168456195999966,10.383768891000159],[6.201386939000031,10.38698196300004],[6.249577905000137,10.421519265000086],[6.263232120000055,10.456859331000032],[6.370056080000097,10.532359050000082],[6.396561666000082,10.572518327000125],[6.480092894000052,10.60946462000004],[6.524268138000082,10.595006787000102],[6.540331802000139,10.54521006200008],[6.647069931999965,10.593429600999968],[6.725868303000141,10.58938505000009],[6.713820525000187,10.634363406000148],[6.802355519000059,10.795906572000092],[6.885017848000189,10.741596011000183],[6.942442709000034,10.666776984000137],[7.053543615000081,10.612585548000027],[7.176248255000132,10.58837914500009],[7.183914143000095,10.610988134000024],[7.149817385000119,10.666305055000066],[7.15910814900019,10.707053657000074],[7.131797814000151,10.748482535000107],[7.095226213000103,10.885647059000178],[7.150418897000122,10.982595411000034],[7.181891321000023,11.140368731000024],[7.217633778,11.170467622000047]]]}},{"type":"Feature","properties":{"adm2_pcode":"NG019002","adm2_name":"Chikun","adm1_name":"Kaduna"},"geometry":{"type":"Polygon","coordinates":[[[7.153650248000076,10.64783707200013],[7.183914143000095,10.610988134000024],[7.176248255000132,10.58837914500009],[7.053543615000081,10.612585548000027],[6.942442709000034,10.666776984000137],[6.885017848000189,10.741596011000183],[6.802355519000059,10.795906572000092],[6.744409163000114,10.69223718800015],[6.7290812600001,10.648820815000079],[6.802974157999984,10.643198987000176],[6.829479280000157,10.624725070000068],[6.839519050000035,10.531555130000015],[6.869102364000128,10.555356963000065],[6.91260915700019,10.537980858000026],[6.953519878000066,10.482178771000122],[6.926263300000073,10.370115313000042],[7.020236529000101,10.354051728000059],[7.05075748400003,10.317104237000024],[7.008188654000037,10.242407938000042],[6.982486818000098,10.244014710000101],[6.954472459999977,10.19199845300011],[6.942326900000126,10.180563165000024],[6.915019043000086,10.188594632000104],[6.885301151000078,10.150844707000147],[6.88208814900014,10.117111173000183],[6.901178894000111,10.076381575000141],[6.952273235,10.04755521800007],[7.188634385000171,10.027367515000094],[7.207139521999977,10.041666838000083],[7.288502145,10.040537984000139],[7.405407940000146,10.114353169000083],[7.493724753000038,10.128049770000132],[7.53434149800006,10.164913003000095],[7.609337382999968,10.166779620000113],[7.565291662000106,10.26057696300012],[7.617477769000118,10.326843989000167],[7.610577897000155,10.365797679000025],[7.729435160000094,10.461475649000079],[7.683609893000039,10.521043206000172],[7.613814918000173,10.56587399600005],[7.540366347000031,10.570601469000167],[7.471489406000103,10.532432762000155],[7.466770712000141,10.502421701000117],[7.433182027000043,10.489002466000102],[7.432785088000117,10.44502926299998],[7.405116120000173,10.447326114000077],[7.40488464900011,10.484489517000043],[7.291816065000148,10.550457358000074],[7.277505912000152,10.615539144000138],[7.231459593000068,10.645587607000095],[7.153650248000076,10.64783707200013]]]}},{"type":"Feature","properties":{"adm2_pcode":"NG019003","adm2_name":"Giwa","adm1_name":"Kaduna"},"geometry":{"type":"Polygon","coordinates":[[[7.629555874000175,11.283232609000038],[7.550296034000155,11.353670969000063],[7.507055520000165,11.356014999000024],[7.489668859000176,11.400850327000171],[7.469691950000083,11.411080589],[7.393476118000024,11.379449966000095],[7.356248096000115,11.267073856000025],[7.281678320000026,11.284925158000021],[7.213848413000051,11.269014241000093],[7.200446182000064,11.252619240000058],[7.235478895000085,11.185960008000052],[7.181891321000023,11.140368731000024],[7.150418897000122,10.982595411000034],[7.096837608000158,10.896680872000161],[7.113662139000155,10.82196728000008],[7.264366194000047,10.834590984000045],[7.333272853000153,10.921768923],[7.373290030000135,11.022357203000126],[7.507171703000097,11.006753778000075],[7.500914367000178,11.046974348000106],[7.550420802000133,11.042539659000113],[7.624195762000056,11.061065976000066],[7.643385231000025,11.13402482500004],[7.579748773000176,11.15031241600002],[7.571617434000188,11.176028139000152],[7.579260952000027,11.217713114000105],[7.629555874000175,11.283232609000038]]]}},{"type":"Feature","properties":{"adm2_pcode":"NG019004","adm2_name":"Igabi","adm1_name":"Kaduna"},"geometry":{"type":"Polygon","coordinates":[[[7.507171703000097,11.006753778000075],[7.373290030000135,11.022357203000126],[7.333272853000153,10.921768923],[7.264366194000047,10.834590984000045],[7.113662139000155,10.82196728000008],[7.131797814000151,10.748482535000107],[7.15910814900019,10.707053657000074],[7.153650248000076,10.64783707200013],[7.253562459000136,10.633380748000036],[7.277505912000152,10.615539144000138],[7.301725881000095,10.538191121000125],[7.37519306900009,10.501071144000036],[7.414955631999987,10.592352096000127],[7.452225264000106,10.599637182000151],[7.482965725000099,10.555868336000174],[7.471489406000103,10.532432762000155],[7.540366347000031,10.570601469000167],[7.613814918000173,10.56587399600005],[7.663286758000083,10.539755879000097],[7.729435160000094,10.461475649000079],[7.792095371000016,10.51235702300005],[7.818286649000129,10.494038580000051],[7.856506577,10.49413202400018],[7.920461371000101,10.574629726000126],[7.965465589000132,10.55530547800015],[7.986043068000185,10.563699024000073],[7.995897107000076,10.59411325700006],[7.965639001999989,10.635428808000029],[7.87616164700006,10.66713015800002],[7.890766217000134,10.683189078000055],[7.851109299000029,10.692646742000079],[7.826266368,10.755085725000072],[7.783250577999979,10.806451072000186],[7.774332395000101,10.848095196999964],[7.813615903000027,10.90451205100004],[7.761156190000122,10.960450742000035],[7.679820822000124,10.984871405999968],[7.631720603000133,10.975196053000161],[7.609604061000027,11.016640554000105],[7.572941767000088,11.011749933000033],[7.544918046000134,10.985910173000036],[7.507171703000097,11.006753778000075]]]}},{"type":"Feature","properties":{"adm2_pcode":"NG019005","adm2_name":"Ikara","adm1_name":"Kaduna"},"geometry":{"type":"Polygon","coordinates":[[[8.274441638000042,11.30619357300003],[8.215225143999987,11.311220124000158],[8.135988235000184,11.377400341000055],[8.13284572800012,11.400609892000091],[8.169548748000125,11.479687748000174],[8.148841120000043,11.513561608000145],[8.120520973000112,11.515491212000143],[7.969383612000058,11.458786443000122],[8.025036401000023,11.365202041999964],[8.133254159999979,11.254609091000134],[8.116055773000141,11.233734093000066],[8.054093500000022,11.218850161000091],[8.055931115000078,11.202339354000117],[8.168704030000185,11.129142524000088],[8.370965062000096,11.11303529300011],[8.400384438000117,11.159778406000044],[8.448711563000074,11.126943243000085],[8.525234330000046,11.131427429000041],[8.415022968000017,11.230330676000108],[8.321091688000024,11.216770190000034],[8.265810011000042,11.27769899700013],[8.274441638000042,11.30619357300003]]]}},{"type":"Feature","properties":{"adm2_pcode":"NG019006","adm2_name":"Jaba","adm1_name":"Kaduna"},"geometry":{"type":"Polygon","coordinates":[[[8.128093939000166,9.627155548000133],[8.056280585000025,9.555163053000172],[7.974776254,9.586244214000146],[7.947628200000167,9.630957405000174],[7.927019025000163,9.60093442700014],[7.958408619000124,9.480342439000083],[7.917139294000094,9.43546313600018],[7.914795814000172,9.400461328000063],[7.93828938900009,9.403336418000094],[7.999076890000026,9.354002787000013],[7.997315167000181,9.317783487000156],[8.046336174000146,9.369603851000022],[8.082307002999983,9.46282881899998],[8.182837316000018,9.520467915999973],[8.13049224000008,9.580592846000059],[8.128093939000166,9.627155548000133]]]}},{"type":"Feature","properties":{"adm2_pcode":"NG019007","adm2_name":"Jema'a","adm1_name":"Kaduna"},"geometry":{"type":"Polygon","coordinates":[[[8.55562379600002,9.54733272700014],[8.394131764000065,9.495454528000039],[8.319463578000182,9.619066368000176],[8.278100588000086,9.575243173],[8.248215791,9.571990302000074],[8.234972593000123,9.527713148000146],[8.182837316000018,9.520467915999973],[8.09283621700007,9.473883498000077],[8.059488291000036,9.424782764000042],[8.046336174000146,9.369603851000022],[7.99731492900014,9.31435851100008],[8.111093569000047,9.229057781000108],[8.110761349000143,9.17662139000015],[8.251159722000182,9.259048664000034],[8.298176014000092,9.259927679000043],[8.327009997000062,9.289641558000028],[8.394937713000047,9.273362160999966],[8.405918555000028,9.291598873000055],[8.388415639000073,9.332563090000065],[8.423293312000055,9.32897559700018],[8.46455080100003,9.354543871000033],[8.469036919000132,9.42469266],[8.513933354000073,9.485786914000187],[8.57028767700018,9.49861002400013],[8.55562379600002,9.54733272700014]]]}},{"type":"Feature","properties":{"adm2_pcode":"NG019008","adm2_name":"Kachia","adm1_name":"Kaduna"},"geometry":{"type":"Polygon","coordinates":[[[7.609337382999968,10.166779620000113],[7.53434149800006,10.164913003000095],[7.493724753000038,10.128049770000132],[7.414438117000088,10.118051331000174],[7.334964655000135,10.060258958000077],[7.254066906000048,10.039226540000186],[7.277795293000167,10.016432903000066],[7.297982704000106,9.898673109000072],[7.291253644000051,9.800258672000155],[7.273589717,9.783435729000075],[7.223962370000152,9.787641430000178],[7.204739963000122,9.758295778],[7.280318653000052,9.72455584800008],[7.282842045000109,9.684181045000173],[7.342154663000144,9.629675134000024],[7.333666612000115,9.606661977000101],[7.294064887000047,9.594096906000061],[7.284227063000174,9.553142912000112],[7.446495067,9.603862225000057],[7.552368556000033,9.546089338],[7.657172352000089,9.557374953000078],[7.722069460000114,9.638415142000042],[7.780559772000117,9.676549151000188],[7.863591336000127,9.661759792000169],[7.897601215000066,9.633351479000055],[7.944159511000123,9.637479187000167],[7.974776254,9.586244214000146],[8.05016334600009,9.555653108000115],[8.076499148000039,9.564529446000051],[8.128093939000166,9.627155548000133],[8.115516864000028,9.686980978000122],[8.037946502000182,9.7866497710001],[8.06917227800011,9.909791660000167],[8.006045887000084,9.917697004],[7.989693636000084,9.941861731000017],[8.035182246999966,10.061009537000132],[8.05142207900002,10.068306901000142],[8.05337634500006,10.100008891000186],[7.990950883000096,10.09985570900011],[7.828478032000078,10.061421102000168],[7.809270654000159,10.018994265000117],[7.776752493000117,10.000731520999977],[7.758358338999983,10.020844637999971],[7.670729696000024,10.03970522700007],[7.647081759000116,10.120373444],[7.609337382999968,10.166779620000113]]]}},{"type":"Feature","properties":{"adm2_pcode":"NG019009","adm2_name":"Kaduna North","adm1_name":"Kaduna"},"geometry":{"type":"Polygon","coordinates":[[[7.466770712000141,10.502421701000117],[7.482965725000099,10.555868336000174],[7.472236394000106,10.58759668900018],[7.418965810000145,10.596142597000096],[7.41136986000015,10.579203956000072],[7.43651659600016,10.556386519000114],[7.42187764800002,10.511504387000059],[7.433182027000043,10.489002466000102],[7.466770712000141,10.502421701000117]]]}},{"type":"Feature","properties":{"adm2_pcode":"NG019010","adm2_name":"Kaduna South","adm1_name":"Kaduna"},"geometry":{"type":"Polygon","coordinates":[[[7.432785088000117,10.44502926299998],[7.42187764800002,10.511504387000059],[7.43651659600016,10.556386519000114],[7.41136986000015,10.579203956000072],[7.377112751000141,10.50746855500006],[7.40488464900011,10.484489517000043],[7.405116120000173,10.447326114000077],[7.432785088000117,10.44502926299998]]]}},{"type":"Feature","properties":{"adm2_pcode":"NG019011","adm2_name":"Kagarko","adm1_name":"Kaduna"},"geometry":{"type":"Polygon","coordinates":[[[7.947628200000167,9.630957405000174],[7.897601215000066,9.633351479000055],[7.863591336000127,9.661759792000169],[7.780559772000117,9.676549151000188],[7.722069460000114,9.638415142000042],[7.66751395100016,9.5623014680001],[7.560012549000021,9.546107356999983],[7.439197980000131,9.603173142000173],[7.284227063000174,9.553142912000112],[7.227326797000103,9.494924409000134],[7.211304339000094,9.500891836000108],[7.221594366000147,9.447816876],[7.289505812000186,9.425437218000184],[7.256255540000097,9.375785765000103],[7.270301901000096,9.349405225000112],[7.321242254000083,9.366598146000058],[7.376487386000179,9.363329893000127],[7.388168444000144,9.349822979000066],[7.417672168000081,9.36703094100011],[7.509752670000012,9.361051365000037],[7.589875076000055,9.431607240000176],[7.672389156,9.411277552000115],[7.729873720000114,9.331881549000059],[7.740754213000059,9.348780955000166],[7.833882416000108,9.310784406000039],[7.914795814000172,9.400461328000063],[7.917139294000094,9.43546313600018],[7.958408619000124,9.480342439000083],[7.924746787000117,9.591804122000099],[7.947628200000167,9.630957405000174]]]}},{"type":"Feature","properties":{"adm2_pcode":"NG019012","adm2_name":"Kajuru","adm1_name":"Kaduna"},"geometry":{"type":"Polygon","coordinates":[[[8.218168013000025,10.156783808000114],[8.149148246000038,10.274261574000036],[8.08541110700014,10.314546308000047],[8.049889743000108,10.319361445000084],[8.034152037000183,10.346283779000146],[8.052249897000138,10.438239033000059],[8.042477578000103,10.505324902999973],[7.981538023000041,10.500696736000123],[7.881793353999967,10.524111994000066],[7.856506577,10.49413202400018],[7.832187875000159,10.490395769000031],[7.792095371000016,10.51235702300005],[7.610577897000155,10.365797679000025],[7.617477769000118,10.326843989000167],[7.565291662000106,10.26057696300012],[7.58634974,10.199353950000045],[7.647081759000116,10.120373444],[7.670729696000024,10.03970522700007],[7.758358338999983,10.020844637999971],[7.776752493000117,10.000731520999977],[7.809270654000159,10.018994265000117],[7.828478032000078,10.061421102000168],[7.990950883000096,10.09985570900011],[8.080242238000153,10.103751256000123],[8.218168013000025,10.156783808000114]]]}},{"type":"Feature","properties":{"adm2_pcode":"NG019013","adm2_name":"Kaura","adm1_name":"Kaduna"},"geometry":{"type":"Polygon","coordinates":[[[8.599562914999979,9.737936025000067],[8.516169466000179,9.73717396000012],[8.480737827000155,9.693279830000108],[8.452171426000064,9.685546832000114],[8.367544752000072,9.708613430000128],[8.315978657000016,9.608160791000103],[8.393550174000097,9.495861565000041],[8.55562379600002,9.54733272700014],[8.567339798999967,9.606272024000077],[8.555053640000096,9.663641097000095],[8.593065361000072,9.674981823],[8.599562914999979,9.737936025000067]]]}},{"type":"Feature","properties":{"adm2_pcode":"NG019014","adm2_name":"Kauru","adm1_name":"Kaduna"},"geometry":{"type":"Polygon","coordinates":[[[8.249602332000109,10.64337821000015],[8.010010115,10.702711653],[7.976343968000037,10.682241525000052],[7.93976330400011,10.698812337000163],[7.895747064000034,10.69497822000011],[7.87616164700006,10.66713015800002],[7.965639001999989,10.635428808000029],[7.996274164999988,10.588737907000109],[7.97388813200007,10.557181684000113],[7.944854563000092,10.558952295000154],[7.930756561000123,10.57651236400011],[7.902697304000128,10.565314213000022],[7.879409959000043,10.5254128630001],[7.981538023000041,10.500696736000123],[8.042477578000103,10.505324902999973],[8.052249897000138,10.438239033000059],[8.031829020000089,10.353631270999983],[8.049889743000108,10.319361445000084],[8.08541110700014,10.314546308000047],[8.149148246000038,10.274261574000036],[8.276097359000175,10.051534893999985],[8.403879979000067,10.003283113000066],[8.435614155000167,9.8913675390001],[8.512002219000067,9.850119770000106],[8.516169466000179,9.73717396000012],[8.61546522000009,9.742396615000189],[8.637150169000108,9.766336183000135],[8.618143352000175,9.882659036000177],[8.635500997000065,9.923970266000026],[8.610823542000105,9.957622800000024],[8.623069765000025,9.983757695000122],[8.611004024000124,10.005787073000135],[8.570413656000028,10.024226947000159],[8.476786709000066,9.990751942000031],[8.489788301999965,10.166027824000082],[8.450591270000075,10.230004137000037],[8.35079180200006,10.297110749000069],[8.410590330000105,10.492132222000066],[8.358774400000073,10.542300444000034],[8.361749235000104,10.572982796000133],[8.249602332000109,10.64337821000015]]]}},{"type":"Feature","properties":{"adm2_pcode":"NG019015","adm2_name":"Kubau","adm1_name":"Kaduna"},"geometry":{"type":"Polygon","coordinates":[[[8.525234330000046,11.131427429000041],[8.448711563000074,11.126943243000085],[8.400384438000117,11.159778406000044],[8.370965062000096,11.11303529300011],[8.16379248800007,11.12845910700014],[8.157535356000153,11.09045401700007],[8.175446782000165,11.051281668000172],[8.285796353000137,10.952288778000081],[8.253872853000189,10.908091563000085],[8.177336321999974,10.85966756700003],[8.149347023000075,10.805878317000122],[8.118413982000106,10.810437603000082],[8.077257048000035,10.781621834000191],[8.061450681000053,10.734340125000017],[8.090607023000189,10.6890240030001],[8.239560219000111,10.648255495],[8.320570720000092,10.589631343000121],[8.439485606000119,10.549693880000177],[8.442864154000063,10.608364294000125],[8.417617294000138,10.634103084000117],[8.370768481000084,10.64514247000011],[8.369754177,10.689604081000141],[8.471654410999975,10.682372195000028],[8.526841913000112,10.711459115000082],[8.5879318530001,10.718489378000129],[8.567220852,10.877490101000092],[8.598157023000056,10.992710204000048],[8.59691900700011,11.061440607000065],[8.54335122600014,11.093489836000174],[8.525234330000046,11.131427429000041]]]}},{"type":"Feature","properties":{"adm2_pcode":"NG019016","adm2_name":"Kudan","adm1_name":"Kaduna"},"geometry":{"type":"Polygon","coordinates":[[[7.83390284,11.377389545000028],[7.765136322000103,11.37490257100012],[7.746639023000057,11.317387618000112],[7.629555874000175,11.283232609000038],[7.626509952000049,11.263171114000045],[7.675821076000148,11.209371835000127],[7.751135737000141,11.214458271000183],[7.808720968000102,11.158277841000142],[7.864428681000049,11.197194298],[7.811750597000071,11.269013239000174],[7.817083062000108,11.289948905000074],[7.87068838100015,11.287244488000056],[7.866041099000029,11.311840148000101],[7.832726789000162,11.334705854000049],[7.83390284,11.377389545000028]]]}},{"type":"Feature","properties":{"adm2_pcode":"NG019017","adm2_name":"Lere","adm1_name":"Kaduna"},"geometry":{"type":"Polygon","coordinates":[[[8.508171865000065,10.69524596500014],[8.471654410999975,10.682372195000028],[8.369754177,10.689604081000141],[8.370768481000084,10.64514247000011],[8.438247925000098,10.617461225999989],[8.446169638000185,10.572781339000073],[8.439485606000119,10.549693880000177],[8.361749235000104,10.572982796000133],[8.358774400000073,10.542300444000034],[8.410590330000105,10.492132222000066],[8.35079180200006,10.297110749000069],[8.450591270000075,10.230004137000037],[8.489788301999965,10.166027824000082],[8.476786709000066,9.990751942000031],[8.570413656000028,10.024226947000159],[8.611004024000124,10.005787073000135],[8.62461878500011,9.97700962800019],[8.65223491800009,9.978766282000038],[8.679919183000152,10.005089764000104],[8.628693588000033,10.112859469000114],[8.646013427000184,10.196640175000141],[8.710462379000091,10.26127998100003],[8.782615945000146,10.291517787000089],[8.797372505,10.339702246000115],[8.77336413900008,10.395070290000035],[8.823521653,10.383281916999977],[8.796814973000096,10.416778852000164],[8.739860431000125,10.428893943000048],[8.72906947399997,10.450925770000026],[8.769562630000053,10.476285807000181],[8.779403662000163,10.56267369000011],[8.73588853300015,10.548981402000038],[8.689275807,10.566023579000102],[8.653228501000115,10.637013610000054],[8.628048718000173,10.646756406000065],[8.536105091000024,10.634050639000122],[8.515582256000073,10.654350474000125],[8.508171865000065,10.69524596500014]]]}},{"type":"Feature","properties":{"adm2_pcode":"NG019018","adm2_name":"Markafi","adm1_name":"Kaduna"},"geometry":{"type":"Polygon","coordinates":[[[7.969383612000058,11.458786443000122],[7.945805290000123,11.458911771000032],[7.869554061000088,11.384448931000065],[7.828466670000182,11.367094850000115],[7.832726789000162,11.334705854000049],[7.866041099000029,11.311840148000101],[7.87068838100015,11.287244488000056],[7.817083062000108,11.289948905000074],[7.811750597000071,11.269013239000174],[7.867237085000056,11.195358092000163],[7.906788586000062,11.219750539000188],[7.95396077900017,11.223532601000102],[8.003250223000066,11.224150819000101],[8.055931115000078,11.202339354000117],[8.054093500000022,11.218850161000091],[8.135577470000044,11.247261957000092],[8.025036401000023,11.365202041999964],[7.969383612000058,11.458786443000122]]]}},{"type":"Feature","properties":{"adm2_pcode":"NG019019","adm2_name":"Sabon-Gari","adm1_name":"Kaduna"},"geometry":{"type":"Polygon","coordinates":[[[7.808720968000102,11.158277841000142],[7.751135737000141,11.214458271000183],[7.675821076000148,11.209371835000127],[7.625348530000053,11.26684451900013],[7.579260952000027,11.217713114000105],[7.571617434000188,11.176028139000152],[7.579748773000176,11.15031241600002],[7.741962024000031,11.0885251360001],[7.753281781000055,11.129732107000109],[7.771539187000087,11.123617883000122],[7.808720968000102,11.158277841000142]]]}},{"type":"Feature","properties":{"adm2_pcode":"NG019020","adm2_name":"Sanga","adm1_name":"Kaduna"},"geometry":{"type":"Polygon","coordinates":[[[8.695610279000107,9.374082814000133],[8.642338948000031,9.401108025000042],[8.602242729000068,9.476547362000076],[8.57028767700018,9.49861002400013],[8.513933354000073,9.485786914000187],[8.469036919000132,9.42469266],[8.46455080100003,9.354543871000033],[8.423293312000055,9.32897559700018],[8.388415639000073,9.332563090000065],[8.405918555000028,9.291598873000055],[8.394937713000047,9.273362160999966],[8.327009997000062,9.289641558000028],[8.298176014000092,9.259927679000043],[8.251159722000182,9.259048664000034],[8.107522298000106,9.178551259000017],[8.107876980000128,9.052711628000054],[8.160416502000146,9.066604586000096],[8.238259575000143,9.139926757000069],[8.251018157999965,9.19097581799997],[8.284905734000063,9.20578054300006],[8.380673698000123,9.181792887000029],[8.473918935000142,9.072973297999965],[8.504346156000167,9.001431368000112],[8.53326141500014,9.004377638000165],[8.611172395000096,9.105943630000183],[8.626448106000055,9.191892307000046],[8.657099450000032,9.226499106],[8.635916861000055,9.248313114000155],[8.684395886000118,9.283283359],[8.695610279000107,9.374082814000133]]]}},{"type":"Feature","properties":{"adm2_pcode":"NG019021","adm2_name":"Soba","adm1_name":"Kaduna"},"geometry":{"type":"Polygon","coordinates":[[[8.166453376000163,11.132142245000068],[8.003250223000066,11.224150819000101],[7.906788586000062,11.219750539000188],[7.771539187000087,11.123617883000122],[7.770030502000054,11.107660025000143],[7.784896648000142,11.110374234000062],[7.798236523000128,11.088348441000107],[7.790518356,11.002545109000096],[7.825365477,10.93400393200011],[7.774032317000149,10.838290303000178],[7.856055378000065,10.687756397000044],[7.93976330400011,10.698812337000163],[7.976343968000037,10.682241525000052],[8.010010115,10.702711653],[8.083124926000096,10.684373958000037],[8.061450681000053,10.734340125000017],[8.077257048000035,10.781621834000191],[8.118413982000106,10.810437603000082],[8.149347023000075,10.805878317000122],[8.177336321999974,10.85966756700003],[8.251181243000076,10.905815288000099],[8.283023915000058,10.944929028000047],[8.283585629000186,10.963312151000082],[8.16814032600007,11.06229405300013],[8.156636166,11.10270617100008],[8.166453376000163,11.132142245000068]]]}},{"type":"Feature","properties":{"adm2_pcode":"NG019022","adm2_name":"Zango-Kataf","adm1_name":"Kaduna"},"geometry":{"type":"Polygon","coordinates":[[[8.516169466000179,9.73717396000012],[8.512002219000067,9.850119770000106],[8.435614155000167,9.8913675390001],[8.417244261000064,9.92260908500009],[8.430440204999968,9.945829428000138],[8.414083454000092,9.989177989000098],[8.381456810000088,10.018376895000188],[8.276097359000175,10.051534893999985],[8.218168013000025,10.156783808000114],[8.054575009000132,10.09756073900013],[7.989693636000084,9.941861731000017],[8.006045887000084,9.917697004],[8.06917227800011,9.909791660000167],[8.037946502000182,9.7866497710001],[8.115516864000028,9.686980978000122],[8.13049224000008,9.580592846000059],[8.182837316000018,9.520467915999973],[8.234972593000123,9.527713148000146],[8.248215791,9.571990302000074],[8.278100588000086,9.575243173],[8.319463578000182,9.619066368000176],[8.367544752000072,9.708613430000128],[8.410376874,9.689516529],[8.470082263000108,9.688041749000035],[8.516169466000179,9.73717396000012]]]}},{"type":"Feature","properties":{"adm2_pcode":"NG019023","adm2_name":"Zaria","adm1_name":"Kaduna"},"geometry":{"type":"Polygon","coordinates":[[[7.771539187000087,11.123617883000122],[7.753281781000055,11.129732107000109],[7.741962024000031,11.0885251360001],[7.646996304000083,11.12730124300009],[7.624195762000056,11.061065976000066],[7.550420802000133,11.042539659000113],[7.500914367000178,11.046974348000106],[7.496317987000168,11.024827556000162],[7.535015771000189,10.987415413000065],[7.609604061000027,11.016640554000105],[7.631720603000133,10.975196053000161],[7.679820822000124,10.984871405999968],[7.753847192000023,10.96557197300018],[7.813615903000027,10.90451205100004],[7.824466295000036,10.946256564000123],[7.790518356,11.002545109000096],[7.798236523000128,11.088348441000107],[7.784896648000142,11.110374234000062],[7.770030502000054,11.107660025000143],[7.771539187000087,11.123617883000122]]]}},{"type":"Feature","properties":{"adm2_pcode":"NG020001","adm2_name":"Ajingi","adm1_name":"Kano"},"geometry":{"type":"Polygon","coordinates":[[[9.251157976000172,12.001310399999966],[9.220015678000038,12.011870501000033],[9.219081949000156,12.100520339000184],[9.19662968100016,12.119819640000173],[9.165187813000102,12.103319974000101],[9.139157140000066,12.017800081000189],[9.096947903000057,12.02305031700007],[9.05881112600008,12.084670322000136],[8.925638914999979,12.026709291000145],[8.858556643000156,11.945269649000068],[8.871786265000026,11.900239772000077],[8.901281416000188,11.923350612000036],[8.925664230000052,11.892680192000057],[8.968493576000128,11.901069609999979],[8.99259210200006,11.878549808000116],[9.102593534000107,11.86582003600006],[9.12634965300009,11.886410019000039],[9.23415662399998,11.892290146000107],[9.21939062700011,11.96004976200004],[9.251157976000172,12.001310399999966]]]}},{"type":"Feature","properties":{"adm2_pcode":"NG020002","adm2_name":"Albasu","adm1_name":"Kano"},"geometry":{"type":"Polygon","coordinates":[[[9.362553578000075,11.564279386000123],[9.272337680000021,11.602600376000169],[9.262815275000037,11.617449823000015],[9.276389958000095,11.66252018400013],[9.231911382000021,11.660829637000177],[9.21744996800004,11.699810279000076],[9.236158162000038,11.702340216000096],[9.249363211000059,11.731368092000025],[9.163290699000186,11.696987009999987],[9.072903769000163,11.702302944],[9.030388811000023,11.686447208000118],[8.999558203000106,11.692868648000115],[8.978491225000141,11.729878494000104],[8.940818693999972,11.707826097000066],[8.973101360000157,11.669279994000078],[8.970178416000067,11.652869929000076],[8.948262889000148,11.646329912000112],[8.947034041999984,11.614819680000096],[9.051654680000183,11.522660023000071],[9.086058339000033,11.605369481000025],[9.14978715500007,11.649410245000183],[9.171027267000113,11.641940263000095],[9.174373902000184,11.612919707],[9.216528159000063,11.607300069000075],[9.22767272800013,11.55521035300012],[9.362553578000075,11.564279386000123]]]}},{"type":"Feature","properties":{"adm2_pcode":"NG020003","adm2_name":"Bagwai","adm1_name":"Kano"},"geometry":{"type":"Polygon","coordinates":[[[8.210812526000097,12.13741948000012],[8.176067993000117,12.200787453000032],[8.145546054000079,12.204050286000097],[8.09774995700019,12.171019472000012],[8.017502966000109,12.166069792000087],[8.01388362200015,12.14830738],[8.005803416000049,12.160626753000145],[7.99370379000004,12.151677691000089],[7.991753113000016,12.103040970000109],[8.034982589000151,12.06412539400003],[8.114708183000175,12.052689553],[8.131393676000073,11.996856866000087],[8.236615536000045,12.01100395700007],[8.250728697000113,12.029159673000038],[8.254782799000168,12.108075187000168],[8.210812526000097,12.13741948000012]]]}},{"type":"Feature","properties":{"adm2_pcode":"NG020004","adm2_name":"Bebeji","adm1_name":"Kano"},"geometry":{"type":"Polygon","coordinates":[[[8.318352987000026,11.714462294000157],[8.292622477,11.730990658999985],[8.279689383,11.713198331000115],[8.234140182999965,11.709755091000147],[8.253054471000155,11.660824546000185],[8.224596196000164,11.609890120000102],[8.229651631000024,11.531970227000159],[8.202557330000104,11.440179588000092],[8.23792268900013,11.3620795920001],[8.301371974,11.330136102000097],[8.364019271000132,11.355699677000075],[8.414901060999966,11.400489846000085],[8.41161996400001,11.460989752000103],[8.429741953000132,11.50936055],[8.420600008000179,11.570839798000065],[8.349878326000123,11.626799779000066],[8.318352987000026,11.714462294000157]]]}},{"type":"Feature","properties":{"adm2_pcode":"NG020005","adm2_name":"Bichi","adm1_name":"Kano"},"geometry":{"type":"Polygon","coordinates":[[[8.436825462000115,12.339648429000135],[8.360890409000092,12.357282296000164],[8.321176195000021,12.334343596000053],[8.255588995999972,12.342349284000079],[8.236424482000075,12.371276584000043],[8.227165834000175,12.354487398],[8.18820272000005,12.34576546500017],[8.163369944000124,12.367054004000067],[8.145425,12.423467961000142],[8.105826618000094,12.403611736000073],[8.113937632000102,12.376549788999966],[8.082126408000079,12.35116024500013],[8.089921618000062,12.315047633000177],[8.137262612000029,12.272473107000053],[8.12212318700017,12.195770805999985],[8.176067993000117,12.200787453000032],[8.250407894000148,12.139426261000153],[8.289420501000109,12.149743107000063],[8.300043284000026,12.182866549000153],[8.350098364000019,12.18600656200016],[8.40933739999997,12.253693578000139],[8.475681775000169,12.246251097000084],[8.470944332000101,12.306636820000165],[8.436825462000115,12.339648429000135]]]}},{"type":"Feature","properties":{"adm2_pcode":"NG020006","adm2_name":"Bunkure","adm1_name":"Kano"},"geometry":{"type":"Polygon","coordinates":[[[8.63670434800008,11.72356969100008],[8.568514871000048,11.773800037000171],[8.526848595000104,11.765439934000085],[8.498249311000109,11.716730239000128],[8.44354910800007,11.681139939000047],[8.47211478800017,11.572950601000173],[8.549009210000065,11.598340322000126],[8.5667043360001,11.57504298900011],[8.608520801000111,11.631159234000052],[8.76170750600005,11.635323206000123],[8.76193025100008,11.734620099000097],[8.748815256000057,11.750539821000132],[8.717219402000069,11.754179995000072],[8.684305294000069,11.662190546000033],[8.662984141000152,11.671990379000079],[8.63670434800008,11.72356969100008]]]}},{"type":"Feature","properties":{"adm2_pcode":"NG020007","adm2_name":"Dala","adm1_name":"Kano"},"geometry":{"type":"Polygon","coordinates":[[[8.466895789000091,12.063112239000134],[8.479186041,12.01637154500014],[8.50439342600015,11.99263534500011],[8.523458142000152,12.014743861000113],[8.466895789000091,12.063112239000134]]]}},{"type":"Feature","properties":{"adm2_pcode":"NG020008","adm2_name":"Dambatta","adm1_name":"Kano"},"geometry":{"type":"Polygon","coordinates":[[[8.648220847000061,12.595221779000099],[8.549771543000134,12.599188588000118],[8.534705548000147,12.590291697],[8.556456521000086,12.572272225000177],[8.530643686000133,12.556940268000176],[8.565071130000149,12.505620046000104],[8.556368616000043,12.487850087000027],[8.491852209000115,12.49011788700011],[8.461858710000115,12.513451757000041],[8.431931604,12.492571935000115],[8.452922049000108,12.445851787000151],[8.49165973700002,12.443365469000128],[8.496375012000158,12.395603758000107],[8.459244950000027,12.362011612000117],[8.534604671000068,12.382440552000048],[8.611280621000162,12.25071976400011],[8.659604754000043,12.268610155000033],[8.692145555000138,12.304639777000034],[8.727017383000089,12.296240978000128],[8.81657192900019,12.405379986000014],[8.684676915000182,12.476329556999985],[8.681911512000056,12.51659001700017],[8.719115976000126,12.566590407000092],[8.648220847000061,12.595221779000099]]]}},{"type":"Feature","properties":{"adm2_pcode":"NG020009","adm2_name":"Dawakin Kudu","adm1_name":"Kano"},"geometry":{"type":"Polygon","coordinates":[[[8.832627180000145,11.797960145000104],[8.804622596000115,11.821129832],[8.72870640400015,11.825650142000086],[8.631223431000024,11.927169628],[8.614584740999987,11.889519920000055],[8.528248872000063,11.85873005700006],[8.518381828000088,11.840929773000028],[8.621228482,11.766189405000034],[8.659287245000144,11.677689522000094],[8.679648616000065,11.662039670000183],[8.717219402000069,11.754179995000072],[8.734560114999965,11.758239842000137],[8.76193025100008,11.734620099000097],[8.832627180000145,11.797960145000104]]]}},{"type":"Feature","properties":{"adm2_pcode":"NG020010","adm2_name":"Dawakin Tofa","adm1_name":"Kano"},"geometry":{"type":"Polygon","coordinates":[[[8.517902222000032,12.254659671000013],[8.49813368700012,12.273790162000068],[8.464072197000064,12.241071814000122],[8.423782020000033,12.25930608100009],[8.350098364000019,12.18600656200016],[8.300043284000026,12.182866549000153],[8.289420501000109,12.149743107000063],[8.250407894000148,12.139426261000153],[8.233309537000025,12.162639808000165],[8.200233775000129,12.171026791000031],[8.205871546000026,12.145409655000151],[8.253903415000082,12.105019686000048],[8.334247355000116,12.073839922000047],[8.39214899500007,12.019260424000151],[8.448158426000077,12.089694485999985],[8.506551510000179,12.128839387000141],[8.50133655500008,12.168453342000134],[8.517798809000055,12.207096980000074],[8.503323194000075,12.224864546000106],[8.517902222000032,12.254659671000013]]]}},{"type":"Feature","properties":{"adm2_pcode":"NG020011","adm2_name":"Doguwa","adm1_name":"Kano"},"geometry":{"type":"Polygon","coordinates":[[[8.788697313000057,10.942250513000033],[8.750703638000175,10.996529823000117],[8.717374925000058,11.016420193999977],[8.707352556000103,11.069700286],[8.664977799000098,11.114939575000108],[8.646978389000083,11.229740209],[8.584603813000058,11.213264719],[8.500945871000113,11.154800335],[8.520522790000143,11.146360473000186],[8.54335122600014,11.093489836000174],[8.59691900700011,11.061440607000065],[8.598157023000056,10.992710204000048],[8.567220852,10.877490101000092],[8.5879318530001,10.718489378000129],[8.526841913000112,10.711459115000082],[8.508171865000065,10.69524596500014],[8.525383789000045,10.64068981500003],[8.561961388000043,10.627900033000174],[8.612835670000152,10.649169912000104],[8.64697191,10.640674793000017],[8.689275807,10.566023579000102],[8.71816446500003,10.5526139910001],[8.75630942800018,10.550256588000025],[8.800201148000042,10.58088996500004],[8.855218906000118,10.707400300000074],[8.769371137000064,10.829299935000051],[8.764617061000024,10.865280327999983],[8.788697313000057,10.942250513000033]]]}},{"type":"Feature","properties":{"adm2_pcode":"NG020012","adm2_name":"Fagge","adm1_name":"Kano"},"geometry":{"type":"Polygon","coordinates":[[[8.551855220000164,12.050348908000046],[8.502992676000076,12.071196869000119],[8.49202647500016,12.055195839000078],[8.473755631000131,12.064329378000025],[8.466895789000091,12.063112239000134],[8.545748914000114,11.982689593000032],[8.560009471000114,12.01077073100015],[8.53723720700009,12.027919207000082],[8.551855220000164,12.050348908000046]]]}},{"type":"Feature","properties":{"adm2_pcode":"NG020013","adm2_name":"Gabasawa","adm1_name":"Kano"},"geometry":{"type":"Polygon","coordinates":[[[9.043839428000126,12.079520311000067],[9.007407906000083,12.074930087000098],[8.979150900000093,12.089559779000126],[8.94657437800015,12.069589498000084],[8.941417486000148,12.114430200000129],[8.96788589400012,12.158510348999982],[8.954605779000076,12.19633934500007],[8.889650877,12.272796388000074],[8.907671123000114,12.316670366999972],[8.87146099,12.30817034200004],[8.851884586000097,12.276849967000032],[8.836263372000076,12.314659927000093],[8.807006011000055,12.313150423000081],[8.730245752000144,12.214969362999966],[8.728910473000099,12.153160345],[8.781583024000042,12.146719768000139],[8.791971136000143,12.082949520000057],[8.826301658999967,12.06776064200011],[8.842144738000172,12.01465977200013],[8.817102651000027,11.99752980600016],[8.863029594000125,11.960423726000045],[8.925638914999979,12.026709291000145],[9.043839428000126,12.079520311000067]]]}},{"type":"Feature","properties":{"adm2_pcode":"NG020014","adm2_name":"Garko","adm1_name":"Kano"},"geometry":{"type":"Polygon","coordinates":[[[8.953956475000155,11.605719569000087],[8.87875448400007,11.600939656000094],[8.903226868000047,11.634370028000149],[8.883459870000024,11.666359711000155],[8.87479783700013,11.64743054400003],[8.855397911000125,11.668939809999983],[8.832196226000178,11.66584967700004],[8.813674944000184,11.695550161000028],[8.763208289000147,11.705559740000183],[8.76449303700008,11.469023576000097],[8.804309402000115,11.392134401000021],[8.844481697000163,11.41450967700007],[8.88918398200002,11.536009991000071],[8.938265680000143,11.56558010000009],[8.97962309200011,11.549449886000048],[9.011519527000189,11.503870241000072],[9.041869271999985,11.502530119000028],[9.0402527,11.529246552000131],[8.953956475000155,11.605719569000087]]]}},{"type":"Feature","properties":{"adm2_pcode":"NG020015","adm2_name":"Garum Mallam","adm1_name":"Kano"},"geometry":{"type":"Polygon","coordinates":[[[8.47226712500003,11.703570462000073],[8.458637999000189,11.736661974000185],[8.408734581000147,11.753626203000067],[8.318352987000026,11.714462294000157],[8.352329484000052,11.623390327000038],[8.408714135000025,11.577440069000033],[8.452236164000112,11.566040075000046],[8.47211478800017,11.572950601000173],[8.47458388399997,11.593580096000096],[8.44354910800007,11.681139939000047],[8.47226712500003,11.703570462000073]]]}},{"type":"Feature","properties":{"adm2_pcode":"NG020016","adm2_name":"Gaya","adm1_name":"Kano"},"geometry":{"type":"Polygon","coordinates":[[[9.23415662399998,11.892290146000107],[9.12634965300009,11.886410019000039],[9.086295138000025,11.865289707000102],[8.99259210200006,11.878549808000116],[8.974355768,11.90009036000015],[8.951071975000048,11.899339427000086],[8.957951766000065,11.869259613000168],[8.894360601000187,11.787929316000145],[8.940818693999972,11.707826097000066],[8.978491225000141,11.729878494000104],[9.0053030790001,11.689469689000191],[9.163290699000186,11.696987009999987],[9.251040241000112,11.734760154000071],[9.24034382700006,11.749589884000159],[9.160850793000122,11.737119850000056],[9.14043730100002,11.78522954600004],[9.14488957499998,11.80716033200008],[9.23415662399998,11.892290146000107]]]}},{"type":"Feature","properties":{"adm2_pcode":"NG020017","adm2_name":"Gezawa","adm1_name":"Kano"},"geometry":{"type":"Polygon","coordinates":[[[8.837270280999974,11.979807093999966],[8.817102651000027,11.99752980600016],[8.842144738000172,12.01465977200013],[8.826301658999967,12.06776064200011],[8.791971136000143,12.082949520000057],[8.781583024000042,12.146719768000139],[8.749784694000141,12.156169914000088],[8.652526546000047,12.092630886000109],[8.652131569000119,12.038247493000028],[8.596320561000141,12.021417272000065],[8.628874674000087,11.966491595000036],[8.69536700100008,11.999093549000122],[8.764827192999974,11.957893732000173],[8.837270280999974,11.979807093999966]]]}},{"type":"Feature","properties":{"adm2_pcode":"NG020018","adm2_name":"Gwale","adm1_name":"Kano"},"geometry":{"type":"Polygon","coordinates":[[[8.508244921000028,12.000528215000031],[8.50084868700003,11.9923656200001],[8.479186041,12.01637154500014],[8.464911261,12.00351988000017],[8.484493633000056,11.941779743000154],[8.488102163000178,11.961811869000087],[8.503289442000096,11.964362472000175],[8.498981670000035,11.984805275999975],[8.5167429870001,11.983563778000132],[8.508244921000028,12.000528215000031]]]}},{"type":"Feature","properties":{"adm2_pcode":"NG020019","adm2_name":"Gwarzo","adm1_name":"Kano"},"geometry":{"type":"Polygon","coordinates":[[[8.01443937400012,11.94487612600011],[7.987217897000107,11.98453074400004],[7.927531336000186,11.950114843000051],[7.880784679000101,12.005459002000066],[7.840352133000124,12.021993201000043],[7.834988843000076,11.95265963800017],[7.865334754000116,11.855808178000132],[7.865415363000125,11.789292654000121],[7.921258948000059,11.785309624000092],[7.940587803000028,11.820484230999966],[8.024428779,11.829503395000188],[8.038685580000049,11.86024004300009],[8.08167960000003,11.863969791000159],[8.088215146999971,11.886952827000187],[8.126822744000037,11.906240536000098],[8.117980272000125,11.925760426000124],[8.048357974999988,11.950300257000094],[8.01443937400012,11.94487612600011]]]}},{"type":"Feature","properties":{"adm2_pcode":"NG020020","adm2_name":"Kabo","adm1_name":"Kano"},"geometry":{"type":"Polygon","coordinates":[[[8.226865422000174,11.916609856000093],[8.122593408000057,12.012837750000017],[8.090669268999989,11.983291325000039],[8.040063701000122,11.98097194899998],[8.010572181000157,11.963594131000093],[8.01443937400012,11.94487612600011],[8.048357974999988,11.950300257000094],[8.124004410000111,11.920129853999981],[8.122367659000133,11.900259788000142],[8.088215146999971,11.886952827000187],[8.082246159000135,11.86457573600012],[8.131758638000065,11.845147067000084],[8.147157047000064,11.786487704000024],[8.179460258000063,11.800729947000093],[8.223269577999986,11.781180344],[8.276502623000113,11.78369072099997],[8.302944958000126,11.802430173000118],[8.321123019000083,11.836070219000135],[8.286123870000154,11.827682860999971],[8.264525660000118,11.855039514000168],[8.26032224100004,11.871470177999981],[8.27905876799997,11.885891111000092],[8.260892235000142,11.932433256000138],[8.226865422000174,11.916609856000093]]]}},{"type":"Feature","properties":{"adm2_pcode":"NG020021","adm2_name":"Kano Municipal","adm1_name":"Kano"},"geometry":{"type":"Polygon","coordinates":[[[8.526931143000184,11.963617015000068],[8.520758973000056,12.011941456000102],[8.510390376000032,12.004691039000022],[8.5167429870001,11.983563778000132],[8.498981670000035,11.984805275999975],[8.49432525200001,11.946357796000143],[8.526931143000184,11.963617015000068]]]}},{"type":"Feature","properties":{"adm2_pcode":"NG020022","adm2_name":"Karaye","adm1_name":"Kano"},"geometry":{"type":"Polygon","coordinates":[[[8.147157047000064,11.786487704000024],[8.121644394000043,11.85326371900004],[8.047918287000016,11.862870127000122],[8.024428779,11.829503395000188],[7.940587803000028,11.820484230999966],[7.921258948000059,11.785309624000092],[7.874760311000102,11.783614037000063],[7.881424707000122,11.724570385000106],[7.922732927000084,11.643170205000047],[7.999445649000052,11.64916982200009],[8.017097445000047,11.677709386000117],[8.067236711000078,11.67701997600011],[8.095820223000032,11.759539749000112],[8.147157047000064,11.786487704000024]]]}},{"type":"Feature","properties":{"adm2_pcode":"NG020023","adm2_name":"Kibiya","adm1_name":"Kano"},"geometry":{"type":"Polygon","coordinates":[[[8.76170750600005,11.635323206000123],[8.63552250600003,11.634020139000086],[8.645743682000159,11.611322597000026],[8.613601502999984,11.565391898000144],[8.619091313000183,11.539675442999965],[8.592823871000178,11.478550168000027],[8.604743267000174,11.404350385000043],[8.59391476200011,11.38068964100006],[8.617394563000119,11.345740412000168],[8.741831623000166,11.436479335000058],[8.76449303700008,11.469023576000097],[8.76170750600005,11.635323206000123]]]}},{"type":"Feature","properties":{"adm2_pcode":"NG020024","adm2_name":"Kiru","adm1_name":"Kano"},"geometry":{"type":"Polygon","coordinates":[[[8.276502623000113,11.78369072099997],[8.159873965000145,11.794259928000088],[8.095820223000032,11.759539749000112],[8.067236711000078,11.67701997600011],[8.017097445000047,11.677709386000117],[7.999445649000052,11.64916982200009],[7.968176123000035,11.643480024000041],[7.969683085000042,11.600410653000097],[8.010379652000097,11.536470689],[8.03884869600006,11.52225023300008],[8.037340494000148,11.484711784000183],[8.120520973000112,11.515491212000143],[8.158965866000017,11.508396797000103],[8.166365200000143,11.456933958999969],[8.132210599000075,11.385430529000132],[8.219962853000027,11.309040122000056],[8.284076195000068,11.306841811000027],[8.30120312200006,11.322723028000155],[8.23792268900013,11.3620795920001],[8.202557330000104,11.440179588000092],[8.229651631000024,11.531970227000159],[8.224596196000164,11.609890120000102],[8.253054471000155,11.660824546000185],[8.234140182999965,11.709755091000147],[8.279689383,11.713198331000115],[8.292622477,11.730990658999985],[8.276502623000113,11.78369072099997]]]}},{"type":"Feature","properties":{"adm2_pcode":"NG020025","adm2_name":"Kumbotso","adm1_name":"Kano"},"geometry":{"type":"Polygon","coordinates":[[[8.631223431000024,11.927169628],[8.602941780000037,11.97126435600012],[8.556816113000025,11.933862016000035],[8.533275834000165,11.93931416200013],[8.528537069000038,11.963762571000188],[8.484493633000056,11.941779743000154],[8.47187252100008,11.971110334],[8.402454685000123,11.946601718000068],[8.41201050300009,11.904162524000128],[8.47331379600007,11.875042734000033],[8.597448497000016,11.879639853000128],[8.631223431000024,11.927169628]]]}},{"type":"Feature","properties":{"adm2_pcode":"NG020026","adm2_name":"Kunchi","adm1_name":"Kano"},"geometry":{"type":"Polygon","coordinates":[[[8.383086381,12.443739802000096],[8.316703835000169,12.504120007000097],[8.311231683000187,12.578889738000157],[8.290033503000075,12.599989680000135],[8.273418386000117,12.583386176000033],[8.214611886000057,12.575220042000069],[8.188990649000175,12.489789875000099],[8.145425,12.423467961000142],[8.163369944000124,12.367054004000067],[8.18820272000005,12.34576546500017],[8.227165834000175,12.354487398],[8.236424482000075,12.371276584000043],[8.255588995999972,12.342349284000079],[8.321176195000021,12.334343596000053],[8.360890409000092,12.357282296000164],[8.436825462000115,12.339648429000135],[8.445836775000089,12.349049531000105],[8.3911695380001,12.41253010500003],[8.383086381,12.443739802000096]]]}},{"type":"Feature","properties":{"adm2_pcode":"NG020027","adm2_name":"Kura","adm1_name":"Kano"},"geometry":{"type":"Polygon","coordinates":[[[8.518381828000088,11.840929773000028],[8.44528396600009,11.831549543000165],[8.39329435600007,11.751759413000116],[8.458637999000189,11.736661974000185],[8.47226712500003,11.703570462000073],[8.50386696600009,11.722740319000025],[8.526848595000104,11.765439934000085],[8.5614481610001,11.775899759000026],[8.63670434800008,11.72356969100008],[8.621228482,11.766189405000034],[8.518381828000088,11.840929773000028]]]}},{"type":"Feature","properties":{"adm2_pcode":"NG020028","adm2_name":"Madobi","adm1_name":"Kano"},"geometry":{"type":"Polygon","coordinates":[[[8.559234868000033,11.872559550000062],[8.455918882,11.879302010000174],[8.407997039,11.909895887000118],[8.277821554000127,11.787619445000189],[8.292622477,11.730990658999985],[8.318352987000026,11.714462294000157],[8.359620035000148,11.723173385000166],[8.38987887400009,11.745275582000033],[8.44528396600009,11.831549543000165],[8.518381828000088,11.840929773000028],[8.559234868000033,11.872559550000062]]]}},{"type":"Feature","properties":{"adm2_pcode":"NG020029","adm2_name":"Makoda","adm1_name":"Kano"},"geometry":{"type":"Polygon","coordinates":[[[8.534705548000147,12.590291697],[8.467391782000163,12.588199859000156],[8.389573109000082,12.478510118000031],[8.383086381,12.443739802000096],[8.3911695380001,12.41253010500003],[8.445836775000089,12.349049531000105],[8.436825462000115,12.339648429000135],[8.470944332000101,12.306636820000165],[8.475681775000169,12.246251097000084],[8.49813368700012,12.273790162000068],[8.542594163000103,12.248480077000124],[8.57292758900013,12.28092930300005],[8.597432396000045,12.246769982000103],[8.611280621000162,12.25071976400011],[8.604807834000098,12.269149783999978],[8.534604671000068,12.382440552000048],[8.459244950000027,12.362011612000117],[8.496375012000158,12.395603758000107],[8.49165973700002,12.443365469000128],[8.452922049000108,12.445851787000151],[8.431931604,12.492571935000115],[8.461858710000115,12.513451757000041],[8.518203596999967,12.483546768000053],[8.566601494999986,12.49518013700009],[8.530643686000133,12.556940268000176],[8.556456521000086,12.572272225000177],[8.534705548000147,12.590291697]]]}},{"type":"Feature","properties":{"adm2_pcode":"NG020030","adm2_name":"Minjibir","adm1_name":"Kano"},"geometry":{"type":"Polygon","coordinates":[[[8.728910473000099,12.153160345],[8.7379182520001,12.308888395000054],[8.719791902000111,12.29420283700017],[8.682953565000048,12.300840532],[8.659604754000043,12.268610155000033],[8.597432396000045,12.246769982000103],[8.57292758900013,12.28092930300005],[8.542594163000103,12.248480077000124],[8.517902222000032,12.254659671000013],[8.503323194000075,12.224864546000106],[8.517798809000055,12.207096980000074],[8.50133655500008,12.168453342000134],[8.506551510000179,12.128839387000141],[8.550746097000115,12.127647334000187],[8.596060689000126,12.077334012000108],[8.664547211000126,12.093950426000049],[8.728910473000099,12.153160345]]]}},{"type":"Feature","properties":{"adm2_pcode":"NG020031","adm2_name":"Nasarawa","adm1_name":"Kano"},"geometry":{"type":"Polygon","coordinates":[[[8.61299586000007,12.005833484000107],[8.551855220000164,12.050348908000046],[8.53723720700009,12.027919207000082],[8.591597523000132,11.95978000800011],[8.61299586000007,12.005833484000107]]]}},{"type":"Feature","properties":{"adm2_pcode":"NG020032","adm2_name":"Rano","adm1_name":"Kano"},"geometry":{"type":"Polygon","coordinates":[[[8.617394563000119,11.345740412000168],[8.59391476200011,11.38068964100006],[8.604743267000174,11.404350385000043],[8.592823871000178,11.478550168000027],[8.619091313000183,11.539675442999965],[8.613601502999984,11.565391898000144],[8.645743682000159,11.611322597000026],[8.63552250600003,11.634020139000086],[8.598052498000186,11.625982830000055],[8.5667043360001,11.57504298900011],[8.549009210000065,11.598340322000126],[8.487120486000038,11.568340307000085],[8.420600008000179,11.570839798000065],[8.429741953000132,11.50936055],[8.41161996400001,11.460989752000103],[8.418061974000125,11.410080210000103],[8.475535257000104,11.366330103000166],[8.544076139000026,11.339430023000034],[8.593296032000069,11.331720561000054],[8.617394563000119,11.345740412000168]]]}},{"type":"Feature","properties":{"adm2_pcode":"NG020033","adm2_name":"Rimin Gado","adm1_name":"Kano"},"geometry":{"type":"Polygon","coordinates":[[[8.410190144000012,11.929472871000087],[8.284828694000055,11.962129547000075],[8.279411295000102,11.98299539400017],[8.293069217000038,11.99314844100013],[8.278382829000122,12.022721551000075],[8.131393676000073,11.996856866000087],[8.226865422000174,11.916609856000093],[8.260892235000142,11.932433256000138],[8.27905876799997,11.885891111000092],[8.260337677000052,11.863935482000102],[8.286123870000154,11.827682860999971],[8.363612187000058,11.867340325000157],[8.410190144000012,11.929472871000087]]]}},{"type":"Feature","properties":{"adm2_pcode":"NG020034","adm2_name":"Rogo","adm1_name":"Kano"},"geometry":{"type":"Polygon","coordinates":[[[7.968176123000035,11.643480024000041],[7.878250171,11.648710040000026],[7.728901754000162,11.58672038800006],[7.685876641000164,11.483920054000066],[7.737068173000068,11.386520292000114],[7.777465945000188,11.37183299100019],[7.862916180000013,11.380737435000128],[7.945805290000123,11.458911771000032],[8.037340494000148,11.484711784000183],[8.03884869600006,11.52225023300008],[8.010379652000097,11.536470689],[7.969683085000042,11.600410653000097],[7.968176123000035,11.643480024000041]]]}},{"type":"Feature","properties":{"adm2_pcode":"NG020035","adm2_name":"Shanono","adm1_name":"Kano"},"geometry":{"type":"Polygon","coordinates":[[[8.005803416000049,12.160626753000145],[7.990108991000056,12.193450535000125],[7.920384306000187,12.189829816000156],[7.890710255000158,12.22570235500001],[7.862977850000163,12.232158272000163],[7.84910615900003,12.18276631800012],[7.863225833000172,12.11688308600003],[7.840352133000124,12.021993201000043],[7.880784679000101,12.005459002000066],[7.927531336000186,11.950114843000051],[7.987217897000107,11.98453074400004],[8.010572181000157,11.963594131000093],[8.04673070900003,11.983728734000124],[8.090669268999989,11.983291325000039],[8.122593408000057,12.012837750000017],[8.114708183000175,12.052689553],[8.005720486000087,12.08184478100003],[7.991031061000172,12.112628477000158],[8.005803416000049,12.160626753000145]]]}},{"type":"Feature","properties":{"adm2_pcode":"NG020036","adm2_name":"Sumaila","adm1_name":"Kano"},"geometry":{"type":"Polygon","coordinates":[[[9.016634026000133,11.501169877000109],[8.955688321000082,11.567319979000047],[8.88918398200002,11.536009991000071],[8.844481697000163,11.41450967700007],[8.804309402000115,11.392134401000021],[8.77083667300019,11.287389771999983],[8.730986328000142,11.26045027300006],[8.721689263000144,11.22634983000006],[8.733347048000098,11.192930305000118],[8.822860577000029,11.099499772000058],[8.87450479100005,11.08913972400012],[8.89621707700013,11.101510207000047],[9.032995452000137,11.256320005000134],[9.142353828000068,11.328650347],[9.092775456000084,11.41327973000017],[9.045434740000132,11.43387971200002],[9.053446002000044,11.471440329000131],[9.032571593000114,11.468429554000181],[9.027891275000115,11.435640310000053],[8.99601074900005,11.447420050000176],[9.016634026000133,11.501169877000109]]]}},{"type":"Feature","properties":{"adm2_pcode":"NG020037","adm2_name":"Takai","adm1_name":"Kano"},"geometry":{"type":"Polygon","coordinates":[[[9.362553578000075,11.564279386000123],[9.22767272800013,11.55521035300012],[9.216528159000063,11.607300069000075],[9.174373902000184,11.612919707],[9.171027267000113,11.641940263000095],[9.14517124300005,11.64809055500001],[9.086058339000033,11.605369481000025],[9.056311444000187,11.522820362000061],[9.0402527,11.529246552000131],[9.041869271999985,11.502530119000028],[9.016634026000133,11.501169877000109],[8.99601074900005,11.447420050000176],[9.027891275000115,11.435640310000053],[9.032571593000114,11.468429554000181],[9.053446002000044,11.471440329000131],[9.045434740000132,11.43387971200002],[9.092775456000084,11.41327973000017],[9.115765685999975,11.355759799000054],[9.148207390000152,11.327614641000139],[9.193549098000062,11.350888068000131],[9.22452245800008,11.473070165000024],[9.323641635000058,11.51226038800013],[9.362553578000075,11.564279386000123]]]}},{"type":"Feature","properties":{"adm2_pcode":"NG020038","adm2_name":"Tarauni","adm1_name":"Kano"},"geometry":{"type":"Polygon","coordinates":[[[8.591597523000132,11.95978000800011],[8.562543652999977,11.981485398000132],[8.566576520000183,11.994983705000095],[8.532641614000056,11.989859412000044],[8.533275834000165,11.93931416200013],[8.556816113000025,11.933862016000035],[8.591597523000132,11.95978000800011]]]}},{"type":"Feature","properties":{"adm2_pcode":"NG020039","adm2_name":"Tofa","adm1_name":"Kano"},"geometry":{"type":"Polygon","coordinates":[[[8.42012310900003,11.986869802000115],[8.334247355000116,12.073839922000047],[8.253903415000082,12.105019686000048],[8.249362727000062,12.025780010000062],[8.283923136000112,12.020005636000178],[8.284828694000055,11.962129547000075],[8.410190144000012,11.929472871000087],[8.403517564000026,11.954003638000188],[8.42012310900003,11.986869802000115]]]}},{"type":"Feature","properties":{"adm2_pcode":"NG020040","adm2_name":"Tsanyawa","adm1_name":"Kano"},"geometry":{"type":"Polygon","coordinates":[[[8.105826618000094,12.403611736000073],[8.071102888000155,12.405456649000087],[7.881793229000039,12.324993544000051],[7.862977850000163,12.232158272000163],[7.890710255000158,12.22570235500001],[7.920384306000187,12.189829816000156],[7.990108991000056,12.193450535000125],[8.007250171000067,12.14860046400014],[8.052855,12.176729435000027],[8.09774995700019,12.171019472000012],[8.12212318700017,12.195770805999985],[8.137272338000116,12.268407569000146],[8.089921618000062,12.315047633000177],[8.082289776999971,12.346509783000101],[8.113937632000102,12.376549788999966],[8.105826618000094,12.403611736000073]]]}},{"type":"Feature","properties":{"adm2_pcode":"NG020041","adm2_name":"Tudun Wada","adm1_name":"Kano"},"geometry":{"type":"Polygon","coordinates":[[[8.804309402000115,11.392134401000021],[8.76449303700008,11.469023576000097],[8.741831623000166,11.436479335000058],[8.593296032000069,11.331720561000054],[8.485012330000075,11.361980352000046],[8.418061974000125,11.410080210000103],[8.364019271000132,11.355699677000075],[8.30843337400006,11.340663637000148],[8.263835903000142,11.286796564000099],[8.321091688000024,11.216770190000034],[8.415022968000017,11.230330676000108],[8.500945871000113,11.154800335],[8.584603813000058,11.213264719],[8.646978389000083,11.229740209],[8.664977799000098,11.114939575000108],[8.707352556000103,11.069700286],[8.717374925000058,11.016420193999977],[8.750703638000175,10.996529823000117],[8.788697313000057,10.942250513000033],[8.78011714400003,11.021960388000082],[8.822860577000029,11.099499772000058],[8.740699045000042,11.182679897000185],[8.721689263000144,11.22634983000006],[8.73535834200004,11.26875008800016],[8.77083667300019,11.287389771999983],[8.804309402000115,11.392134401000021]]]}},{"type":"Feature","properties":{"adm2_pcode":"NG020042","adm2_name":"Ungogo","adm1_name":"Kano"},"geometry":{"type":"Polygon","coordinates":[[[8.652526546000047,12.092630886000109],[8.596060689000126,12.077334012000108],[8.550746097000115,12.127647334000187],[8.496664066000108,12.127709731000095],[8.39214899500007,12.019260424000151],[8.42012310900003,11.986869802000115],[8.403517564000026,11.954003638000188],[8.469667449999974,11.97088571800009],[8.463910067000143,11.998820572],[8.481747960000177,12.031868148000058],[8.465980628000125,12.06331884900004],[8.544762693000166,12.061258601000077],[8.56105056399997,12.034166866000021],[8.596320561000141,12.021417272000065],[8.652131569000119,12.038247493000028],[8.652526546000047,12.092630886000109]]]}},{"type":"Feature","properties":{"adm2_pcode":"NG020043","adm2_name":"Warawa","adm1_name":"Kano"},"geometry":{"type":"Polygon","coordinates":[[[8.837270280999974,11.979807093999966],[8.764827192999974,11.957893732000173],[8.69536700100008,11.999093549000122],[8.644222339000123,11.969256390999988],[8.602941780000037,11.97126435600012],[8.72870640400015,11.825650142000086],[8.804622596000115,11.821129832],[8.832627180000145,11.797960145000104],[8.871786265000026,11.900239772000077],[8.863029594000125,11.960423726000045],[8.837270280999974,11.979807093999966]]]}},{"type":"Feature","properties":{"adm2_pcode":"NG020044","adm2_name":"Wudil","adm1_name":"Kano"},"geometry":{"type":"Polygon","coordinates":[[[8.946037484000158,11.893340237000075],[8.915023922000046,11.896989912000151],[8.893172409000101,11.921920087000046],[8.871786265000026,11.900239772000077],[8.862937227000032,11.853340139000125],[8.845758169000078,11.844619532000081],[8.837870691000091,11.803570031999982],[8.76552128700007,11.739430490000132],[8.757143079000116,11.712349901000039],[8.813674944000184,11.695550161000028],[8.832196226000178,11.66584967700004],[8.855397911000125,11.668939809999983],[8.87479783700013,11.64743054400003],[8.883459870000024,11.666359711000155],[8.903226868000047,11.634370028000149],[8.874936770000033,11.610140014000137],[8.89525715200017,11.595649496000078],[8.953956475000155,11.605719569000087],[8.942849046000106,11.634499726000058],[8.972303490000058,11.658769825000093],[8.894360601000187,11.787929316000145],[8.957951766000065,11.869259613000168],[8.946037484000158,11.893340237000075]]]}},{"type":"Feature","properties":{"adm2_pcode":"NG021001","adm2_name":"Bakori","adm1_name":"Katsina"},"geometry":{"type":"Polygon","coordinates":[[[7.404046600000129,11.796404818000099],[7.359980868000093,11.831875667000133],[7.288977109000086,11.84247020600003],[7.29972301600003,11.809009444000083],[7.283442069000046,11.768550075000121],[7.328370958000164,11.721309463000125],[7.320559027000115,11.631230619000178],[7.340700065000021,11.601249793000079],[7.315507345000128,11.556382646999964],[7.353299352000079,11.515424530000132],[7.45619144300008,11.539252870000098],[7.488149102000079,11.52549869600017],[7.504723186000092,11.49654974100008],[7.493087539000044,11.468809827000086],[7.513404800000046,11.449110113000131],[7.556625835000091,11.48711718800007],[7.574715206000178,11.55780241900004],[7.623370330000171,11.590481193000073],[7.622017465000056,11.612972989000184],[7.590245529000015,11.636600332000114],[7.535732661000168,11.641388607000067],[7.538417143000061,11.686459336000041],[7.514485101,11.672089603000131],[7.494442096000114,11.681280051999977],[7.422329841000078,11.755020369000135],[7.404046600000129,11.796404818000099]]]}},{"type":"Feature","properties":{"adm2_pcode":"NG021002","adm2_name":"Batagarawa","adm1_name":"Katsina"},"geometry":{"type":"Polygon","coordinates":[[[7.558717012000045,12.70203774700019],[7.656546177000052,12.830758328000172],[7.655415674000039,12.88844560900003],[7.68709263900007,12.939517691],[7.739530479000052,12.953820130000054],[7.755711512000119,12.972907041000042],[7.750393063000161,12.998755376000133],[7.71173340200005,13.003989114000092],[7.72479989500016,13.04823032500019],[7.679871709000167,13.01881091700011],[7.615575640000031,12.940219959000046],[7.559501528999988,12.957293301000107],[7.555445221000127,12.973835722000047],[7.453267174000189,12.934054998000022],[7.438574008000046,12.908205390000091],[7.405379899000025,12.898166899000046],[7.415114468000183,12.854756642000154],[7.480509978000043,12.849773748000189],[7.524356679,12.761011601000064],[7.532964383999968,12.707813961000056],[7.544855146000089,12.718350215000044],[7.558717012000045,12.70203774700019]]]}},{"type":"Feature","properties":{"adm2_pcode":"NG021003","adm2_name":"Batsari","adm1_name":"Katsina"},"geometry":{"type":"Polygon","coordinates":[[[7.405379899000025,12.898166899000046],[7.381068300000152,12.904231404000086],[7.389448524000045,12.953841700000055],[7.376208312000188,12.991454594000174],[7.26919804500011,12.999366712999972],[7.218728934000012,13.020139518],[7.167960255000025,12.985352486000124],[7.18035494500009,12.946886825000092],[7.204825030000165,12.932450570000128],[7.209398625000119,12.888808939000114],[7.140406079000172,12.913720121000154],[7.08440929600016,12.813130115000035],[7.02841175400016,12.787983202000134],[7.047209720000126,12.637671229000148],[7.163655214000073,12.662958120000098],[7.262554358000102,12.70584262500006],[7.303616770000133,12.676922132000186],[7.402699217000134,12.676449965000074],[7.400669252000114,12.781803063000098],[7.423993572000143,12.825566296999966],[7.405379899000025,12.898166899000046]]]}},{"type":"Feature","properties":{"adm2_pcode":"NG021004","adm2_name":"Baure","adm1_name":"Katsina"},"geometry":{"type":"Polygon","coordinates":[[[9.045207743999981,12.837206055000081],[8.966954350000094,12.832882635000146],[8.709818127000062,12.913826686000164],[8.718334869999978,12.853850338000143],[8.664229486000067,12.851420309000048],[8.646508246,12.87357199000013],[8.596746795000058,12.877900407000084],[8.559999394000045,12.866181320000067],[8.536602266000045,12.834138346000032],[8.590817543000071,12.811690176000013],[8.612127220000161,12.73349002499998],[8.650867246000075,12.730310354000096],[8.694205099000044,12.69087833000009],[8.701617881000175,12.703047856000182],[8.752111307000177,12.67437884300017],[8.829786645000013,12.692911220000099],[8.8555220450001,12.68221783600012],[8.913904722000154,12.705103662000113],[8.95690633900017,12.755949766000185],[8.977337888000022,12.817230315000018],[9.041513186000032,12.814800522000155],[9.045207743999981,12.837206055000081]]]}},{"type":"Feature","properties":{"adm2_pcode":"NG021005","adm2_name":"Bindawa","adm1_name":"Katsina"},"geometry":{"type":"Polygon","coordinates":[[[7.970837923000033,12.742892929000163],[8.004708225000115,12.77944777],[8.017643508,12.853743002000158],[7.948013055000104,12.848387056000035],[7.927057747000163,12.825080634000017],[7.860495274000073,12.799967450000167],[7.791175165000084,12.809336907999977],[7.779289113000061,12.746430371000088],[7.794117867000068,12.70089383100003],[7.817243543000188,12.694364722000103],[7.781668246000152,12.689338319000115],[7.773628149999979,12.666594311000154],[7.815896799000086,12.621979856999985],[7.897132047000184,12.609459935000075],[7.9407326810001,12.57766210300008],[7.95602162299997,12.59558523800007],[7.973802913000043,12.566909626000097],[7.997314054000185,12.610163421000038],[7.956005082000104,12.646888853000064],[7.96203939600008,12.7193550020001],[7.938291504000176,12.72542805200004],[7.928860668000027,12.746890347000146],[7.935034357000063,12.759878883000113],[7.970837923000033,12.742892929000163]]]}},{"type":"Feature","properties":{"adm2_pcode":"NG021006","adm2_name":"Charanchi","adm1_name":"Katsina"},"geometry":{"type":"Polygon","coordinates":[[[7.817235479000033,12.696820578000086],[7.570686067000111,12.732950457000129],[7.558717012000045,12.70203774700019],[7.586406116000092,12.638770345000125],[7.624151128000108,12.61806959400002],[7.616099896000037,12.578789952000022],[7.636513241000046,12.491080043000125],[7.617031391000125,12.438907167000025],[7.660462882,12.440162011000098],[7.696331053000108,12.377274581999984],[7.706712812000092,12.432106340000189],[7.733330307000017,12.463979157999972],[7.703935183000056,12.475497154000152],[7.729398924000122,12.502840150000168],[7.713933736,12.597627420000094],[7.795918455000162,12.617413059000171],[7.798136382999985,12.64618019000011],[7.773628149999979,12.666594311000154],[7.781668246000152,12.689338319000115],[7.817235479000033,12.696820578000086]]]}},{"type":"Feature","properties":{"adm2_pcode":"NG021007","adm2_name":"Dan Musa","adm1_name":"Katsina"},"geometry":{"type":"Polygon","coordinates":[[[7.340497465000169,12.321714787000076],[7.287093068000047,12.31917618700004],[7.264698974000055,12.345375016000105],[7.18451439800009,12.34828014400017],[7.104324251999969,12.29733442600019],[7.129437044000042,12.250058969],[7.181313996000142,12.22097035500019],[7.235805933000165,12.141420144000051],[7.323077138000031,12.144192808000128],[7.366532693000124,12.111700023000083],[7.463137041000152,12.108265317000075],[7.486223529000029,12.09253245400015],[7.539562343000114,12.127537546000156],[7.547453300000143,12.149759895000045],[7.520162223000057,12.222236218000035],[7.536420072000112,12.265757669000095],[7.463500311000189,12.25627036700007],[7.447027672000104,12.28356677500011],[7.340497465000169,12.321714787000076]]]}},{"type":"Feature","properties":{"adm2_pcode":"NG021008","adm2_name":"Dandume","adm1_name":"Katsina"},"geometry":{"type":"Polygon","coordinates":[[[7.170854986,11.56968007],[7.131889676000128,11.573245686000178],[7.101858875,11.531483741000045],[7.097326326000086,11.460976304000042],[7.077784579000138,11.447166684000024],[7.197327186999985,11.31801031000009],[7.200446182000064,11.252619240000058],[7.213848413000051,11.269014241000093],[7.293352846000175,11.282340949000172],[7.305734784000038,11.318815428000107],[7.290061109000021,11.362099606000129],[7.309911801000055,11.441844099000036],[7.244200456000101,11.510085913000069],[7.241932567000106,11.472173038000108],[7.197681966000118,11.495347307000088],[7.170854986,11.56968007]]]}},{"type":"Feature","properties":{"adm2_pcode":"NG021009","adm2_name":"Danja","adm1_name":"Katsina"},"geometry":{"type":"Polygon","coordinates":[[[7.513404800000046,11.449110113000131],[7.493087539000044,11.468809827000086],[7.504723186000092,11.49654974100008],[7.488149102000079,11.52549869600017],[7.45619144300008,11.539252870000098],[7.386998253000058,11.513124824999977],[7.37830151300011,11.425302707000071],[7.402882041000112,11.387769724000123],[7.477912828000115,11.408829475000118],[7.507055520000165,11.356014999000024],[7.550296034000155,11.353670969000063],[7.634716020999974,11.28157410600005],[7.751922172000093,11.323527367000167],[7.746320430000083,11.345384746000036],[7.765136322000103,11.37490257100012],[7.737068173000068,11.386520292000114],[7.708590992000097,11.426064705999977],[7.616430709000156,11.417354097000043],[7.513404800000046,11.449110113000131]]]}},{"type":"Feature","properties":{"adm2_pcode":"NG021010","adm2_name":"Daura","adm1_name":"Katsina"},"geometry":{"type":"Polygon","coordinates":[[[8.355589014000145,13.002581500000133],[8.351604714000132,13.034299576000137],[8.320778858000097,13.04620286200003],[8.227473488000044,12.995057646000078],[8.171156741000175,13.00415266500005],[8.219440985000062,12.952677867000148],[8.236731525000152,12.872136712000042],[8.306320447000076,12.90717021800009],[8.318972366000025,12.968399940000097],[8.355589014000145,13.002581500000133]]]}},{"type":"Feature","properties":{"adm2_pcode":"NG021011","adm2_name":"Dutsi","adm1_name":"Katsina"},"geometry":{"type":"Polygon","coordinates":[[[8.171156741000175,13.00415266500005],[8.164943730000118,13.035349162000102],[8.112858503999973,13.017580041000087],[8.091812852000032,12.98981937300016],[8.052913884000077,13.005900380000128],[8.03766892800013,12.995470319],[8.101632300000176,12.903240070000152],[8.077647319000107,12.831989160000035],[8.101119424,12.807247887000074],[8.16792395300007,12.804061889000081],[8.171089552000069,12.833330111000066],[8.238567772000124,12.838090292000174],[8.219440985000062,12.952677867000148],[8.171156741000175,13.00415266500005]]]}},{"type":"Feature","properties":{"adm2_pcode":"NG021012","adm2_name":"Dutsin-Ma","adm1_name":"Katsina"},"geometry":{"type":"Polygon","coordinates":[[[7.629457775000162,12.367142215000172],[7.618090650000113,12.453157987],[7.63649727,12.494540418000156],[7.616099896000037,12.578789952000022],[7.572017456000083,12.555998895000187],[7.460033834000171,12.55938824500015],[7.445701576000033,12.524259989000086],[7.399924971000075,12.516259357000138],[7.421412247000148,12.41073129200015],[7.40666601200013,12.345461810000188],[7.341374607999967,12.31832657700005],[7.447027672000104,12.28356677500011],[7.463500311000189,12.25627036700007],[7.515024,12.257540011000117],[7.528855067000052,12.368429963000153],[7.590096132000042,12.354709815000035],[7.629457775000162,12.367142215000172]]]}},{"type":"Feature","properties":{"adm2_pcode":"NG021013","adm2_name":"Faskari","adm1_name":"Katsina"},"geometry":{"type":"Polygon","coordinates":[[[7.29972301600003,11.809009444000083],[7.272272938000071,11.8920804710001],[7.235048793000033,11.927378848000103],[7.199686493000172,11.906207820000077],[7.143561205000083,11.911089063000077],[7.141120928000078,11.878552244000105],[7.106413045000068,11.831127317000039],[7.054534421000028,11.80085386800016],[7.015747575000091,11.81766833100005],[6.896692179000013,11.794771129000026],[6.851954362000072,11.62070157200003],[6.856834968000101,11.588979556000083],[6.904012721000186,11.553189170000167],[6.895878723000067,11.50519839500015],[6.907266648000189,11.475102244000027],[6.886931336000032,11.431177940000111],[6.888557998000181,11.380746882000096],[7.003960719000077,11.47123717300002],[7.038971951000065,11.521155112000145],[7.101858875,11.531483741000045],[7.131889676000128,11.573245686000178],[7.172614046999968,11.569680250000033],[7.232466203000058,11.600999642999966],[7.340700065000021,11.601249793000079],[7.320559027000115,11.631230619000178],[7.328370958000164,11.721309463000125],[7.283442069000046,11.768550075000121],[7.29972301600003,11.809009444000083]]]}},{"type":"Feature","properties":{"adm2_pcode":"NG021014","adm2_name":"Funtua","adm1_name":"Katsina"},"geometry":{"type":"Polygon","coordinates":[[[7.331445444,11.599211024000056],[7.232466203000058,11.600999642999966],[7.170854986,11.56968007],[7.197681966000118,11.495347307000088],[7.241932567000106,11.472173038000108],[7.244200456000101,11.510085913000069],[7.301671197000189,11.456322248000106],[7.310058832999971,11.410393827],[7.290088095000158,11.356329787000163],[7.30575426200005,11.314658117000135],[7.288739153999984,11.294572158000108],[7.351780949000101,11.265495151000039],[7.402882041000112,11.387769724000123],[7.37830151300011,11.425302707000071],[7.384342351000043,11.519592804000013],[7.335283003000029,11.522601750000092],[7.315507345000128,11.556382646999964],[7.331445444,11.599211024000056]]]}},{"type":"Feature","properties":{"adm2_pcode":"NG021015","adm2_name":"Ingawa","adm1_name":"Katsina"},"geometry":{"type":"Polygon","coordinates":[[[8.16792395300007,12.804061889000081],[8.101119424,12.807247887000074],[8.094482592000134,12.784661329000187],[7.998983637000038,12.715930189000176],[7.970837923000033,12.742892929000163],[7.930091164999965,12.753033276999986],[7.938291504000176,12.72542805200004],[7.96203939600008,12.7193550020001],[7.956005082000104,12.646888853000064],[7.997314054000185,12.610163421000038],[7.984280345000059,12.58311326400019],[8.048012968000137,12.547449899000185],[8.05299564000012,12.488569960000177],[8.076655497000104,12.460920544000032],[8.088194129000044,12.406458228000076],[8.131421114000034,12.410795472000132],[8.15343938000018,12.429871565000099],[8.218124183000157,12.578700268000091],[8.273418386000117,12.583386176000033],[8.29200746600003,12.604550424000024],[8.28605571300011,12.640229918000045],[8.206247213000154,12.638520421000067],[8.146409119000168,12.663249740000083],[8.174598839000055,12.766070553000134],[8.16792395300007,12.804061889000081]]]}},{"type":"Feature","properties":{"adm2_pcode":"NG021016","adm2_name":"Jibia","adm1_name":"Katsina"},"geometry":{"type":"Polygon","coordinates":[[[7.594379848000074,13.070082002000106],[7.593628720000083,13.095527655000069],[7.63421101800003,13.131460242000173],[7.620130360000132,13.170346990000155],[7.641466136000133,13.196735093000086],[7.635355141000105,13.22202315700008],[7.411024564000172,13.094004091000158],[7.220000428000048,13.120840689000147],[7.129043033000016,13.027389320000168],[7.047684777000086,12.999111687000038],[7.02841175400016,12.787983202000134],[7.08440929600016,12.813130115000035],[7.140406079000172,12.913720121000154],[7.209398625000119,12.888808939000114],[7.204825030000165,12.932450570000128],[7.18035494500009,12.946886825000092],[7.167960255000025,12.985352486000124],[7.218728934000012,13.020139518],[7.26919804500011,12.999366712999972],[7.376208312000188,12.991454594000174],[7.389448524000045,12.953841700000055],[7.381068300000152,12.904231404000086],[7.418954468000095,12.8981942100001],[7.453267174000189,12.934054998000022],[7.555445221000127,12.973835722000047],[7.548148152000067,13.018589698000028],[7.594379848000074,13.070082002000106]]]}},{"type":"Feature","properties":{"adm2_pcode":"NG021017","adm2_name":"Kafur","adm1_name":"Katsina"},"geometry":{"type":"Polygon","coordinates":[[[7.909177646000046,11.653900159000045],[7.86499054900014,11.85661676899997],[7.810092793000024,11.836714325000116],[7.775174673000151,11.850973230000136],[7.697353648000046,11.812230152000154],[7.672807904000024,11.757511392000083],[7.622779635000029,11.745456440000055],[7.60776762200004,11.693532855000115],[7.59001140200013,11.69659090099998],[7.574369683999976,11.725959301999978],[7.549346753,11.72268036000014],[7.535732661000168,11.641388607000067],[7.610557274000143,11.627303455000174],[7.623370330000171,11.590481193000073],[7.580377223000141,11.567822471000056],[7.556625835000091,11.48711718800007],[7.515633847,11.443836158000124],[7.616430709000156,11.417354097000043],[7.708590992000097,11.426064705999977],[7.685876641000164,11.483920054000066],[7.689394253000046,11.516670245000057],[7.728901754000162,11.58672038800006],[7.797490979000088,11.62508941100009],[7.909177646000046,11.653900159000045]]]}},{"type":"Feature","properties":{"adm2_pcode":"NG021018","adm2_name":"Kaita","adm1_name":"Katsina"},"geometry":{"type":"Polygon","coordinates":[[[7.818018262000066,13.330421332000071],[7.635355141000105,13.22202315700008],[7.641466136000133,13.196735093000086],[7.620130360000132,13.170346990000155],[7.63421101800003,13.131460242000173],[7.593628720000083,13.095527655000069],[7.594379848000074,13.070082002000106],[7.649370115000124,13.079527116000179],[7.681054876000076,13.025819884000157],[7.702237219999972,13.024720234000142],[7.737400080000043,13.052510285999972],[7.772387387000094,13.030675012000074],[7.936036285000171,13.171774283],[7.938403189000098,13.217213314000105],[7.834416775000022,13.272772857000177],[7.818018262000066,13.330421332000071]]]}},{"type":"Feature","properties":{"adm2_pcode":"NG021019","adm2_name":"Kankara","adm1_name":"Katsina"},"geometry":{"type":"Polygon","coordinates":[[[7.513245696000013,12.07750319700017],[7.463137041000152,12.108265317000075],[7.366532693000124,12.111700023000083],[7.323077138000031,12.144192808000128],[7.235805933000165,12.141420144000051],[7.181313996000142,12.22097035500019],[7.129437044000042,12.250058969],[7.150068630000021,12.159177565000164],[7.090689728000029,12.064009711000153],[7.143561298000179,12.015204528000083],[7.209447361000059,11.985108428000046],[7.297197163000021,11.83596810400013],[7.359980868000093,11.831875667000133],[7.404046600000129,11.796404818000099],[7.48127196400003,11.790407810000033],[7.551495893000038,11.818923938000125],[7.587011513000164,11.815311340000164],[7.598134112000025,11.889716491000058],[7.620889240000054,11.90854867000013],[7.613784642000155,11.942266423999968],[7.566722021000032,11.950049263000096],[7.519149695000124,11.930760424000084],[7.494457576000173,11.967774474000066],[7.556373190999977,12.020920055000033],[7.542471280000029,12.046643442000061],[7.516221703000156,12.03868008],[7.513245696000013,12.07750319700017]]]}},{"type":"Feature","properties":{"adm2_pcode":"NG021020","adm2_name":"Kankia","adm1_name":"Katsina"},"geometry":{"type":"Polygon","coordinates":[[[7.940406959000143,12.578069642000116],[7.897132047000184,12.609459935000075],[7.800551603000031,12.63271985],[7.795918455000162,12.617413059000171],[7.719512268000074,12.608698453000159],[7.729398924000122,12.502840150000168],[7.703935183000056,12.475497154000152],[7.733330307000017,12.463979157999972],[7.706712812000092,12.432106340000189],[7.701898344000028,12.377294040000038],[7.660462882,12.440162011000098],[7.629853866000133,12.435118983000109],[7.631801281000037,12.362247998000157],[7.668587364000075,12.351422574000082],[7.687630123000133,12.32025666900006],[7.753846136000107,12.30774971700015],[7.868158349000055,12.245371400000067],[7.878481493000152,12.317184656000165],[7.808288952999987,12.351991574000124],[7.88041626800009,12.37618902700018],[7.87050918500006,12.484036865000178],[7.930432432000032,12.525310098000034],[7.940406959000143,12.578069642000116]]]}},{"type":"Feature","properties":{"adm2_pcode":"NG021021","adm2_name":"Katsina","adm1_name":"Katsina"},"geometry":{"type":"Polygon","coordinates":[[[7.693802420000054,13.023847334000038],[7.671595164000053,13.036189786000023],[7.654154606000134,13.07706147700003],[7.5996699640001,13.075205616],[7.548148152000067,13.018589698000028],[7.556391756000039,12.960493579000058],[7.615575640000031,12.940219959000046],[7.693802420000054,13.023847334000038]]]}},{"type":"Feature","properties":{"adm2_pcode":"NG021022","adm2_name":"Kurfi","adm1_name":"Katsina"},"geometry":{"type":"Polygon","coordinates":[[[7.586406116000092,12.638770345000125],[7.544855146000089,12.718350215000044],[7.528109722000124,12.712979463000067],[7.524356679,12.761011601000064],[7.475254718000087,12.856601244000046],[7.415114468000183,12.854756642000154],[7.423993572000143,12.825566296999966],[7.399886066000136,12.762108043000183],[7.408543986000097,12.684550570000056],[7.374129613000036,12.631572187000188],[7.388970775000189,12.600160734999974],[7.373098718000108,12.566689763000113],[7.399063519000038,12.553104072],[7.399924971000075,12.516259357000138],[7.445701576000033,12.524259989000086],[7.460033834000171,12.55938824500015],[7.572017456000083,12.555998895000187],[7.588653664000049,12.575240670000028],[7.613175936000061,12.572592709000048],[7.624151128000108,12.61806959400002],[7.586406116000092,12.638770345000125]]]}},{"type":"Feature","properties":{"adm2_pcode":"NG021023","adm2_name":"Kusada","adm1_name":"Katsina"},"geometry":{"type":"Polygon","coordinates":[[[8.03262597000014,12.567050122000182],[7.962021770000035,12.570349821999969],[7.95602162299997,12.59558523800007],[7.934946905000118,12.573749594999981],[7.930432432000032,12.525310098000034],[7.87050918500006,12.484036865000178],[7.886226947000068,12.386990090000097],[7.814350087000037,12.360573113000044],[7.81266430300019,12.34429985800017],[7.878481493000152,12.317184656000165],[8.088194129000044,12.406458228000076],[8.076655497000104,12.460920544000032],[8.05299564000012,12.488569960000177],[8.048012968000137,12.547449899000185],[8.03262597000014,12.567050122000182]]]}},{"type":"Feature","properties":{"adm2_pcode":"NG021024","adm2_name":"Mai'adua","adm1_name":"Katsina"},"geometry":{"type":"Polygon","coordinates":[[[8.401108151000074,13.07091321300004],[8.254542869000034,13.202016020000144],[8.093585272000155,13.302347978],[8.063293484000042,13.300379526000029],[8.080301360000078,13.186099924000075],[8.11020186200011,13.159337310000126],[8.122869557000115,13.092446242000108],[8.164530806000073,13.03732949199997],[8.171156741000175,13.00415266500005],[8.227473488000044,12.995057646000078],[8.320778858000097,13.04620286200003],[8.351604714000132,13.034299576000137],[8.355589014000145,13.002581500000133],[8.368705704000035,12.999007497000093],[8.405774238000049,13.023042949000171],[8.401108151000074,13.07091321300004]]]}},{"type":"Feature","properties":{"adm2_pcode":"NG021025","adm2_name":"Malumfashi","adm1_name":"Katsina"},"geometry":{"type":"Polygon","coordinates":[[[7.83720365400012,11.99010785900009],[7.729806608999979,12.01891781400002],[7.616749465000055,11.996018267000068],[7.566722021000032,11.950049263000096],[7.619143185000041,11.932149839000033],[7.587011513000164,11.815311340000164],[7.551495893000038,11.818923938000125],[7.48127196400003,11.790407810000033],[7.404046600000129,11.796404818000099],[7.411660286000028,11.772310267000023],[7.507421017000127,11.673230282000077],[7.540290705000189,11.688319918],[7.562002180000036,11.727728693000131],[7.60776762200004,11.693532855000115],[7.622779635000029,11.745456440000055],[7.672807904000024,11.757511392000083],[7.700872620000041,11.8145504740001],[7.775174673000151,11.850973230000136],[7.810092793000024,11.836714325000116],[7.86499054900014,11.85661676899997],[7.842397091,11.90743997800007],[7.83720365400012,11.99010785900009]]]}},{"type":"Feature","properties":{"adm2_pcode":"NG021026","adm2_name":"Mani","adm1_name":"Katsina"},"geometry":{"type":"Polygon","coordinates":[[[8.055358162,12.962002344000098],[8.026632408000182,12.931255752000027],[7.982563718000051,12.944698545000051],[7.945173082000053,12.920702374000086],[7.886399082000025,13.013517900000124],[7.857187510000131,13.09771690600013],[7.846875086000068,13.093536806000088],[7.794971688000089,13.005576386000143],[7.797013231000165,12.955851758000108],[7.770432811000035,12.87103769700019],[7.78756901700018,12.80731790800013],[7.860495274000073,12.799967450000167],[7.927057747000163,12.825080634000017],[7.948013055000104,12.848387056000035],[8.017643508,12.853743002000158],[8.004708225000115,12.77944777],[7.970646146000036,12.737810048000142],[7.988390922000121,12.717060298000149],[8.027159726000093,12.728699422000034],[8.100118548000182,12.797676851000062],[8.077647319000107,12.831989160000035],[8.101632300000176,12.903240070000152],[8.055358162,12.962002344000098]]]}},{"type":"Feature","properties":{"adm2_pcode":"NG021027","adm2_name":"Mashi","adm1_name":"Katsina"},"geometry":{"type":"Polygon","coordinates":[[[8.06601450300002,13.304209808000053],[7.818018262000066,13.330421332000071],[7.834416775000022,13.272772857000177],[7.938403189000098,13.217213314000105],[7.936036285000171,13.171774283],[7.890929429000153,13.142523678000032],[7.857251889000054,13.083969805000152],[7.945173082000053,12.920702374000086],[7.982563718000051,12.944698545000051],[8.026632408000182,12.931255752000027],[8.055358162,12.962002344000098],[8.0367554930001,12.99040661000015],[8.044700903000091,13.001259876000063],[8.091812852000032,12.98981937300016],[8.112858503999973,13.017580041000087],[8.164943730000118,13.035349162000102],[8.122869557000115,13.092446242000108],[8.11020186200011,13.159337310000126],[8.080301360000078,13.186099924000075],[8.06601450300002,13.304209808000053]]]}},{"type":"Feature","properties":{"adm2_pcode":"NG021028","adm2_name":"Matazu","adm1_name":"Katsina"},"geometry":{"type":"Polygon","coordinates":[[[7.629457775000162,12.367142215000172],[7.593625279999969,12.354720353],[7.54530903300008,12.371930237000015],[7.526523784000176,12.363799797000013],[7.515155758000162,12.27947982000012],[7.537377708000122,12.26113821500013],[7.520162223000057,12.222236218000035],[7.547453300000143,12.149759895000045],[7.518069652,12.113398525000093],[7.637353350000183,12.150100074000022],[7.769986983000081,12.215748696000048],[7.790014260000078,12.28435925000008],[7.753846136000107,12.30774971700015],[7.687630123000133,12.32025666900006],[7.668587364000075,12.351422574000082],[7.629457775000162,12.367142215000172]]]}},{"type":"Feature","properties":{"adm2_pcode":"NG021029","adm2_name":"Musawa","adm1_name":"Katsina"},"geometry":{"type":"Polygon","coordinates":[[[7.868158349000055,12.245371400000067],[7.790014260000078,12.28435925000008],[7.765781436,12.209724509000182],[7.489913808000097,12.10098723100009],[7.513245696000013,12.07750319700017],[7.516221703000156,12.03868008],[7.542471280000029,12.046643442000061],[7.556373190999977,12.020920055000033],[7.494457576000173,11.967774474000066],[7.519149695000124,11.930760424000084],[7.661645089000046,12.011649160000104],[7.729806608999979,12.01891781400002],[7.83720365400012,11.99010785900009],[7.863225833000172,12.11688308600003],[7.84910615900003,12.18276631800012],[7.868158349000055,12.245371400000067]]]}},{"type":"Feature","properties":{"adm2_pcode":"NG021030","adm2_name":"Rimi","adm1_name":"Katsina"},"geometry":{"type":"Polygon","coordinates":[[[7.834625898000183,13.08038415500016],[7.817228580000062,13.079322650000165],[7.772387387000094,13.030675012000074],[7.745409002000144,13.051373530000092],[7.72479989500016,13.04823032500019],[7.71173340200005,13.003989114000092],[7.750393063000161,12.998755376000133],[7.755711512000119,12.972907041000042],[7.739530479000052,12.953820130000054],[7.68709263900007,12.939517691],[7.655415674000039,12.88844560900003],[7.656546177000052,12.830758328000172],[7.570686067000111,12.732950457000129],[7.794117867000068,12.70089383100003],[7.779289113000061,12.746430371000088],[7.787786581000034,12.819520499000134],[7.770432811000035,12.87103769700019],[7.795171067000126,12.946022489000143],[7.798061767000036,13.016023737000069],[7.834625898000183,13.08038415500016]]]}},{"type":"Feature","properties":{"adm2_pcode":"NG021031","adm2_name":"Sabuwa","adm1_name":"Katsina"},"geometry":{"type":"Polygon","coordinates":[[[7.101858875,11.531483741000045],[7.038971951000065,11.521155112000145],[7.003960719000077,11.47123717300002],[6.893651122000051,11.379879697000035],[7.010892876000128,11.359519675000115],[7.021561974000065,11.314669499],[6.967733888000168,11.245169583000177],[7.004116140000065,11.246569438000051],[7.073440194000113,11.214790557000129],[7.15812589300009,11.138190251000083],[7.236638922000054,11.191729335000048],[7.198932055000114,11.254830167000136],[7.197327186999985,11.31801031000009],[7.077784579000138,11.447166684000024],[7.104559131000144,11.484399792000147],[7.101858875,11.531483741000045]]]}},{"type":"Feature","properties":{"adm2_pcode":"NG021032","adm2_name":"Safana","adm1_name":"Katsina"},"geometry":{"type":"Polygon","coordinates":[[[7.393742539000129,12.671549388000074],[7.303616770000133,12.676922132000186],[7.262554358000102,12.70584262500006],[7.163655214000073,12.662958120000098],[7.047209720000126,12.637671229000148],[7.068321183000137,12.411333807000176],[7.104324251999969,12.29733442600019],[7.18451439800009,12.34828014400017],[7.264698974000055,12.345375016000105],[7.287093068000047,12.31917618700004],[7.365572777000125,12.322269274000064],[7.40666601200013,12.345461810000188],[7.418471503000035,12.446335854000154],[7.398783978000097,12.490635885000131],[7.399063519000038,12.553104072],[7.372519611000087,12.571618837000074],[7.388970775000189,12.600160734999974],[7.374129613000036,12.631572187000188],[7.393742539000129,12.671549388000074]]]}},{"type":"Feature","properties":{"adm2_pcode":"NG021033","adm2_name":"Sandamu","adm1_name":"Katsina"},"geometry":{"type":"Polygon","coordinates":[[[8.405774238000049,13.023042949000171],[8.323645685000088,12.975339764000182],[8.309826619000091,12.911800268000036],[8.236731525000152,12.872136712000042],[8.238567772000124,12.838090292000174],[8.330176603000098,12.844450152000036],[8.43371573100012,12.816066910000131],[8.495636408000166,12.834476106000068],[8.45267928700008,12.84810484400009],[8.456913044000032,12.940206187000115],[8.405774238000049,13.023042949000171]]]}},{"type":"Feature","properties":{"adm2_pcode":"NG021034","adm2_name":"Zango","adm1_name":"Katsina"},"geometry":{"type":"Polygon","coordinates":[[[8.709818127000062,12.913826686000164],[8.64663792400006,12.941180003000056],[8.632681024000078,12.977879519000055],[8.529195798000103,13.06241036300014],[8.481523802000083,13.070069326000123],[8.418030938000072,13.053897976000087],[8.401108151000074,13.07091321300004],[8.405774238000049,13.023042949000171],[8.456913044000032,12.940206187000115],[8.457684178000022,12.843200472000035],[8.536602266000045,12.834138346000032],[8.559999394000045,12.866181320000067],[8.605286636000073,12.878274498000053],[8.646508246,12.87357199000013],[8.664229486000067,12.851420309000048],[8.718334869999978,12.853850338000143],[8.709818127000062,12.913826686000164]]]}},{"type":"Feature","properties":{"adm2_pcode":"NG022001","adm2_name":"Aleiro","adm1_name":"Kebbi"},"geometry":{"type":"Polygon","coordinates":[[[4.472168337000141,12.414870844000177],[4.40859406200002,12.41357966400011],[4.379335938000054,12.39581692000013],[4.347502044000066,12.346176987000149],[4.359388991000117,12.297259237000105],[4.446634828000185,12.227003417000049],[4.541342476000125,12.231508336],[4.56702491700014,12.31369449600004],[4.490677203000189,12.352465549000158],[4.472168337000141,12.414870844000177]]]}},{"type":"Feature","properties":{"adm2_pcode":"NG022002","adm2_name":"Arewa-Dandi","adm1_name":"Kebbi"},"geometry":{"type":"Polygon","coordinates":[[[4.52287543000017,13.14050549500007],[4.365168100000176,13.17380311800008],[4.345653515000151,13.213612782000098],[4.287891804000139,13.230004415000167],[4.232471957000087,13.269812340000101],[4.184076732000165,13.251859543000137],[4.129437497000026,13.262787850000109],[4.130217964000053,13.15350911600018],[4.081432403,12.973197662000018],[3.940150277000157,12.76244567600014],[3.643925868000167,12.521250889000157],[3.656415013000128,12.284740731999989],[3.63455916800018,12.105210212000031],[3.747124167000152,12.156104241000037],[3.750863305000053,12.201999549000107],[3.789891517000058,12.280836888000124],[3.855459004000011,12.326110140000083],[3.852726921,12.409630726000046],[3.906787346000044,12.405141655000136],[4.008840119000126,12.52983766300008],[4.108752208000169,12.592282025000031],[4.234850577000032,12.73740109800002],[4.312384839000117,12.757505383000023],[4.421737803000156,12.876458704000072],[4.444005001000107,13.00988496900004],[4.552503529000148,13.115261251],[4.52287543000017,13.14050549500007]]]}},{"type":"Feature","properties":{"adm2_pcode":"NG022003","adm2_name":"Argungu","adm1_name":"Kebbi"},"geometry":{"type":"Polygon","coordinates":[[[4.773120192000135,12.724463263000075],[4.67973561499997,12.724978631999988],[4.617290478000029,12.758542851000072],[4.546258926000121,12.772593318000077],[4.504888963000099,12.824890832000165],[4.428393891000042,12.828793313000176],[4.391333643,12.847546150000085],[4.312384839000117,12.757505383000023],[4.234850577000032,12.73740109800002],[4.183340428000179,12.677357843000095],[4.24745430500019,12.563684781000177],[4.448381496000138,12.56168314200005],[4.497603528000127,12.592758397000182],[4.550880738000103,12.656469199000128],[4.608987832000025,12.645347363000042],[4.736081517,12.67802068900005],[4.773120192000135,12.724463263000075]]]}},{"type":"Feature","properties":{"adm2_pcode":"NG022004","adm2_name":"Augie","adm1_name":"Kebbi"},"geometry":{"type":"Polygon","coordinates":[[[4.706336357000055,13.083640211000045],[4.685574198000154,13.067664813000022],[4.708420271000136,13.156124802000022],[4.696907924000186,13.16990075700005],[4.670368687000177,13.165997609000044],[4.618851664999966,13.09184441800005],[4.552503529000148,13.115261251],[4.444005001000107,13.00988496900004],[4.421737803000156,12.876458704000072],[4.394048755000142,12.843624194000085],[4.504888963000099,12.824890832000165],[4.546258926000121,12.772593318000077],[4.617290478000029,12.758542851000072],[4.67973561499997,12.724978631999988],[4.773120192000135,12.724463263000075],[4.813992570000096,12.758542847000058],[4.792849082000032,12.836561435000078],[4.723494482000149,12.879307847000177],[4.69195354500016,12.936085157000036],[4.638437242,12.984866361000172],[4.706336357000055,13.083640211000045]]]}},{"type":"Feature","properties":{"adm2_pcode":"NG022005","adm2_name":"Bagudo","adm1_name":"Kebbi"},"geometry":{"type":"Polygon","coordinates":[[[3.835881663000123,11.56975846600011],[3.660515527000086,11.627817382000103],[3.618160989000046,11.661605837000081],[3.630919582000104,11.682750227000042],[3.624880068000095,11.727940430000103],[3.513937587999976,11.663009868000188],[3.524586955000132,11.427345455000022],[3.497284408000041,11.290885907000188],[3.5798949550001,11.219557272000088],[3.653614719000018,11.110930618000111],[3.751556859000061,11.127595735000114],[3.993915750999975,11.017668509000146],[4.213769894000109,11.030652027000087],[4.256182704000025,10.985642705000146],[4.288208534000034,10.980448987999978],[4.28820849400006,10.928515406000031],[4.3357038850001,10.915319260000103],[4.32484230200015,10.965051200000175],[4.337451939000118,11.03835436200012],[4.313124192000089,11.064833038000188],[4.304207521000137,11.109018707000132],[4.343271838000021,11.187092907000078],[4.220141790000127,11.274717010000018],[4.20436506599998,11.341386157000045],[4.376827586000161,11.421279865000145],[4.362690413000053,11.498912344000075],[4.388218190000089,11.558512982000138],[4.357971988000031,11.57388346],[4.29161099300012,11.549890588999972],[4.240718168000171,11.564062512000078],[4.211195453000187,11.595177209000155],[4.209055014000114,11.671215848000031],[4.182515606000152,11.642334861000052],[4.147115230000168,11.654943627000023],[4.104760679000037,11.644949831000076],[4.059551217000035,11.579752755000072],[4.000713744000166,11.575095310000108],[3.938198557000135,11.509796285000107],[3.90869325500006,11.513603137000132],[3.835881663000123,11.56975846600011]]]}},{"type":"Feature","properties":{"adm2_pcode":"NG022006","adm2_name":"Birnin Kebbi","adm1_name":"Kebbi"},"geometry":{"type":"Polygon","coordinates":[[[4.445171335000168,12.561643893000053],[4.24745430500019,12.563684781000177],[4.183340428000179,12.677357843000095],[4.108752208000169,12.592282025000031],[4.038408558000128,12.542234309000094],[4.074712101000159,12.511393504000182],[4.081105314000069,12.435130648000097],[4.111993679000022,12.393414774000178],[4.188114700000142,12.37073796500016],[4.223084517000132,12.335276928000042],[4.302918748000025,12.317770056000086],[4.337275828000031,12.327750339000147],[4.393964717000074,12.406265093000172],[4.472168337000141,12.414870844000177],[4.512871436000069,12.465915145000054],[4.51070040500008,12.492959648000124],[4.44691194100011,12.532789951000098],[4.445171335000168,12.561643893000053]]]}},{"type":"Feature","properties":{"adm2_pcode":"NG022007","adm2_name":"Bunza","adm1_name":"Kebbi"},"geometry":{"type":"Polygon","coordinates":[[[4.116284773000132,12.142485920000126],[4.12542323100007,12.257567980000033],[4.045536948000176,12.232818404000056],[3.99329511600007,12.240488836],[3.973362381000072,12.275711760000092],[3.987880600000096,12.340865240000028],[3.981640517000073,12.404843500000027],[3.918707901,12.377663023000082],[3.862874316000045,12.413533389000065],[3.844921363000083,12.395580147000032],[3.855459004000011,12.326110140000083],[3.800819429000057,12.293326623000098],[3.775060877000044,12.25507818200009],[3.750863305000053,12.201999549000107],[3.750082745000157,12.137212727000133],[3.77115794600013,12.101307019000103],[3.896048277000091,12.06227900100015],[3.938027636000072,11.988734430000022],[4.056844730000023,12.05837646499998],[4.116345613000021,12.071527243000105],[4.092202965000183,12.101401373999977],[4.116284773000132,12.142485920000126]]]}},{"type":"Feature","properties":{"adm2_pcode":"NG022008","adm2_name":"Dandi","adm1_name":"Kebbi"},"geometry":{"type":"Polygon","coordinates":[[[3.938027636000072,11.988734430000022],[3.896048277000091,12.06227900100015],[3.77115794600013,12.101307019000103],[3.750863312000149,12.156727717000138],[3.63455916800018,12.105210212000031],[3.668904068000074,11.97953888100011],[3.620508900000061,11.92724156700018],[3.62207005200014,11.850746077999986],[3.665001173000178,11.806253317000085],[3.667342921000113,11.785178224000049],[3.624880068000095,11.727940430000103],[3.630919582000104,11.682750227000042],[3.618160989000046,11.661605837000081],[3.706201110000165,11.604498693000096],[3.817797866000035,11.570234352000057],[3.835881663000123,11.56975846600011],[3.854289402000063,11.619097139000075],[3.968534294000051,11.62695312400001],[4.003793245000168,11.680001531000187],[4.013913670000022,11.73288037600014],[3.938027636000072,11.988734430000022]]]}},{"type":"Feature","properties":{"adm2_pcode":"NG022009","adm2_name":"Fakai","adm1_name":"Kebbi"},"geometry":{"type":"Polygon","coordinates":[[[5.05411193599997,11.700632893000147],[4.97702412600006,11.741286144000185],[4.932535123000093,11.719808602000171],[4.893799280000053,11.711371472],[4.874623290000102,11.729013496999983],[4.840106444000185,11.710604639000053],[4.804822007000098,11.72747926900007],[4.754197183000031,11.675319832000127],[4.689765512,11.656910773999982],[4.645276581000076,11.672251952000124],[4.620730854000158,11.656910732000028],[4.580895945000123,11.661192081000138],[4.505674306000174,11.585576196000034],[4.477373348000128,11.589594205000083],[4.497624187000156,11.520025453000017],[4.506300399,11.51423089900004],[4.504578612000103,11.540636166000127],[4.541575453000121,11.533056318000035],[4.567954524000015,11.54483008900013],[4.622414596000169,11.525979246000134],[4.711784822000084,11.438005523000072],[4.755771613999968,11.419154264000042],[4.755771631000073,11.392621911000049],[4.780907213000035,11.363297727000088],[4.766075644000068,11.306000630000142],[4.89058545600011,11.37088564000004],[4.933957569000029,11.354019252],[4.958856067000113,11.369280148000087],[4.990983491000179,11.286551577000182],[5.008653745000117,11.279322437000133],[5.005441075000022,11.257636930000103],[5.058451567000134,11.27048797000009],[5.057648235000102,11.204625907000036],[5.100217414000042,11.279322476000061],[5.100217400000076,11.345987563000108],[5.154251172000102,11.346612990999972],[5.166484488000094,11.46361524800011],[5.188728833000027,11.503501915000129],[5.09246436300009,11.577905923],[5.058714414000121,11.64387122800008],[5.05411193599997,11.700632893000147]]]}},{"type":"Feature","properties":{"adm2_pcode":"NG022010","adm2_name":"Gwandu","adm1_name":"Kebbi"},"geometry":{"type":"Polygon","coordinates":[[[4.56702491700014,12.31369449600004],[4.599901669000076,12.341788385000086],[4.621838406000109,12.429202158000066],[4.748441151000179,12.366055328000073],[4.760890141000118,12.449412643000073],[4.838980253000159,12.536934949000056],[4.841767889000096,12.568718472],[4.78273004000016,12.620675753000114],[4.75001463100017,12.684833862],[4.608987832000025,12.645347363000042],[4.550880738000103,12.656469199000128],[4.481060506,12.577616507000016],[4.445171335000168,12.561643893000053],[4.44691194100011,12.532789951000098],[4.51070040500008,12.492959648000124],[4.512871436000069,12.465915145000054],[4.472168337000141,12.414870844000177],[4.490677203000189,12.352465549000158],[4.56702491700014,12.31369449600004]]]}},{"type":"Feature","properties":{"adm2_pcode":"NG022011","adm2_name":"Jega","adm1_name":"Kebbi"},"geometry":{"type":"Polygon","coordinates":[[[4.541342476000125,12.231508336],[4.487996405000047,12.221593251000058],[4.42775073200005,12.23601160100003],[4.365519173000166,12.287725791000184],[4.347502044000066,12.346176987000149],[4.316266916000075,12.319693801000028],[4.247743201000105,12.3274501140001],[4.241671528000154,12.30545539100001],[4.276493242000072,12.300928531000125],[4.283048332000135,12.24831384000015],[4.233310345000177,12.239017590000117],[4.272288087000049,12.230130430000031],[4.26527924700008,12.205496674000017],[4.203953591000129,12.18594210599997],[4.188183984000034,12.159027918000106],[4.190961972000025,12.13538351900013],[4.214943370000071,12.13121946700005],[4.271962075000033,12.162926784000092],[4.326245850000078,12.168877689000169],[4.379943743000126,12.151119644000175],[4.381609880000042,12.090588241000148],[4.348606422000159,12.024358427000152],[4.435254600000064,11.935042076000173],[4.444015041000057,11.90680808500008],[4.535121363000087,11.863444403000017],[4.556973516000085,11.898431996000056],[4.577673564000065,12.054818035000096],[4.533984324000073,12.1832521930001],[4.541342476000125,12.231508336]]]}},{"type":"Feature","properties":{"adm2_pcode":"NG022012","adm2_name":"Kalgo","adm1_name":"Kebbi"},"geometry":{"type":"Polygon","coordinates":[[[4.247743201000105,12.3274501140001],[4.088513753000086,12.415044855000076],[4.074712101000159,12.511393504000182],[4.038408558000128,12.542234309000094],[4.008840119000126,12.52983766300008],[3.973457785000164,12.471268263000127],[3.936246743000083,12.455270578000125],[3.906787346000044,12.405141655000136],[3.867021789999967,12.413533540000174],[3.918707901,12.377663023000082],[3.981640517000073,12.404843500000027],[3.987880600000096,12.340865240000028],[3.973362381000072,12.275711760000092],[3.99329511600007,12.240488836],[4.022378367999977,12.231631802000095],[4.107622037000169,12.255579367999985],[4.155407259000128,12.252448898000182],[4.185736335000115,12.287493736000044],[4.242383626000105,12.305005704000052],[4.247743201000105,12.3274501140001]]]}},{"type":"Feature","properties":{"adm2_pcode":"NG022013","adm2_name":"Koko/Besse","adm1_name":"Kebbi"},"geometry":{"type":"Polygon","coordinates":[[[4.348658245000081,11.727478936000125],[4.310921134000068,11.726129310000033],[4.266816649000134,11.70087705700007],[4.253547128999969,11.660287763000099],[4.214428187000124,11.660270649000097],[4.20718159900008,11.614577252000117],[4.222720177000042,11.57587320500005],[4.261531440000056,11.552286888000083],[4.345766161000029,11.573730686000147],[4.388218190000089,11.558512982000138],[4.362690413000053,11.498912344000075],[4.380522487000064,11.425957614000026],[4.302886665000131,11.376793159999977],[4.206672905000062,11.348529512000027],[4.208293520000154,11.298752220000097],[4.26971171800011,11.231245216000104],[4.338465871000153,11.188956579000092],[4.407934136000165,11.202628455000138],[4.461271302000114,11.162497626000174],[4.486264383000105,11.16090512400001],[4.524996078000129,11.368629794000071],[4.576613770000108,11.450347361000183],[4.524426131000155,11.478666491000126],[4.477373348000128,11.589594205000083],[4.348658245000081,11.727478936000125]]]}},{"type":"Feature","properties":{"adm2_pcode":"NG022014","adm2_name":"Maiyama","adm1_name":"Kebbi"},"geometry":{"type":"Polygon","coordinates":[[[4.535121363000087,11.863444403000017],[4.444015041000057,11.90680808500008],[4.435254600000064,11.935042076000173],[4.348606422000159,12.024358427000152],[4.381609880000042,12.090588241000148],[4.379943743000126,12.151119644000175],[4.326245850000078,12.168877689000169],[4.271962075000033,12.162926784000092],[4.214943370000071,12.13121946700005],[4.188443922000033,12.13954007100017],[4.203953591000129,12.18594210599997],[4.26527924700008,12.205496674000017],[4.272288087000049,12.230130430000031],[4.233310345000177,12.239017590000117],[4.283048332000135,12.24831384000015],[4.276493242000072,12.300928531000125],[4.185736335000115,12.287493736000044],[4.155407259000128,12.252448898000182],[4.128704306000031,12.24707944700009],[4.116284773000132,12.142485920000126],[4.092750562000106,12.094282406],[4.116345613000021,12.071527243000105],[4.162959434000129,12.072073173000149],[4.188220036000132,12.046412228000122],[4.270894032000058,11.897708355000134],[4.257124276000127,11.800295905999974],[4.304988618000039,11.723702681000077],[4.331669633000047,11.719906743000024],[4.38578008200011,11.749947343000144],[4.425177793000046,11.710122843000022],[4.492051887000059,11.744860771000106],[4.544680922000111,11.803504472999975],[4.535121363000087,11.863444403000017]]]}},{"type":"Feature","properties":{"adm2_pcode":"NG022015","adm2_name":"Ngaski","adm1_name":"Kebbi"},"geometry":{"type":"Polygon","coordinates":[[[5.100878663000117,10.759829796000076],[5.108979303000183,10.795745691000036],[5.047075666000126,10.825024757000165],[5.028672166999968,10.859322292000115],[5.025326131999975,10.890273859000047],[5.082210148000115,10.92708119100007],[5.040639727000041,11.051896982000073],[4.802208254999982,10.893743320000112],[4.791638947000024,10.847124167000118],[4.744866101000127,10.81115689600017],[4.715016428000126,10.62515641200008],[4.698777828000175,10.621307613000056],[4.689191289000064,10.642358854000179],[4.606965007000042,10.575974637000115],[4.510058333000075,10.535167838000177],[4.498541344999978,10.517370259000074],[4.479498871000033,10.421292231000109],[4.482961218000071,10.328677284000037],[4.541819514000167,10.287129579000066],[4.568690776000039,10.2460480740001],[4.526921198000082,10.114263504],[4.579357998000148,10.131970085000034],[4.69991642500014,10.11983025],[4.712882450000109,10.16165757500005],[4.669383038000035,10.226069255000084],[4.705353771000091,10.252839301000108],[4.712882535000062,10.310559452000064],[4.854647685000089,10.294360397000105],[4.840286555000091,10.371505075000073],[4.853419294000162,10.460297360000027],[4.818703129000028,10.507144174000132],[4.823722421000184,10.594979372000068],[4.7961172360001,10.62927735900007],[4.814520869000035,10.704564259],[4.941673219000165,10.688670364000075],[5.008595617000083,10.721295602000112],[5.020306942,10.746391368],[5.049585378000074,10.738025834999974],[5.100878663000117,10.759829796000076]]]}},{"type":"Feature","properties":{"adm2_pcode":"NG022016","adm2_name":"Sakaba","adm1_name":"Kebbi"},"geometry":{"type":"Polygon","coordinates":[[[5.397955649000039,11.402651526000056],[5.351534220000076,11.395348769000066],[5.329850796000073,11.362885435000067],[5.358040337000034,11.227115915000127],[5.37410408400001,11.191775485000107],[5.41697187200009,11.156316733999972],[5.387065115000098,11.11033413400014],[5.384337953000056,11.05958597199998],[5.428761206000104,11.04097993900018],[5.452816413000164,10.956441908000158],[5.656825933000107,10.966882462000171],[5.833341911000105,11.056167850000179],[5.794967376000102,11.169268595000062],[5.775573112000188,11.18808753900015],[5.56894668800004,11.25743479300013],[5.491376855000112,11.248798262000093],[5.495754862000069,11.293141601000116],[5.397955649000039,11.402651526000056]]]}},{"type":"Feature","properties":{"adm2_pcode":"NG022017","adm2_name":"Shanga","adm1_name":"Kebbi"},"geometry":{"type":"Polygon","coordinates":[[[4.74088391700019,11.300804328000083],[4.780907213000035,11.363297727000088],[4.755771631000073,11.392621911000049],[4.755771613999968,11.419154264000042],[4.711784822000084,11.438005523000072],[4.603562873000101,11.537848473000167],[4.501173484999981,11.538249428000029],[4.524426131000155,11.478666491000126],[4.578142477000029,11.443251617000158],[4.524996078000129,11.368629794000071],[4.4943505600001,11.167169363000085],[4.461271302000114,11.162497626000174],[4.387241952000124,11.205691463000107],[4.343271838000021,11.187092907000078],[4.319864215999985,11.15287696100006],[4.304207521000137,11.109018707000132],[4.313124192000089,11.064833038000188],[4.337451939000118,11.03835436200012],[4.32484230200015,10.965051200000175],[4.3357038850001,10.915319260000103],[4.429085009,10.883934962000183],[4.539826386000072,10.919966986000077],[4.587351770000055,10.906388158000084],[4.626578816000119,10.915440411000077],[4.644910535000122,10.940068258000053],[4.665039654000054,10.939309676000164],[4.72455679400008,10.906424125000115],[4.753839035000055,10.912579770000093],[4.802208254999982,10.893743320000112],[5.040639727000041,11.051896982000073],[4.995954389000076,11.053992120000089],[4.979896026,11.080523477000156],[4.908678974000054,11.08192067400006],[4.839656404999971,11.113859402000173],[4.78858759000002,11.118925125000146],[4.710388250000165,11.180367197000123],[4.69921731300002,11.222259353000084],[4.744364973000074,11.254694759000131],[4.74088391700019,11.300804328000083]]]}},{"type":"Feature","properties":{"adm2_pcode":"NG022018","adm2_name":"Suru","adm1_name":"Kebbi"},"geometry":{"type":"Polygon","coordinates":[[[4.304988618000039,11.723702681000077],[4.257124276000127,11.800295905999974],[4.270894032000058,11.897708355000134],[4.178492199000061,12.061446051000132],[4.145305162000113,12.076896219000048],[4.081645321000053,12.06738816799998],[3.938027636000072,11.988734430000022],[4.010791338000161,11.758639120000112],[3.996259962000067,11.664622836000035],[3.959929509000119,11.623241582000048],[3.854289402000063,11.619097139000075],[3.835881663000123,11.56975846600011],[3.90869325500006,11.513603137000132],[3.938198557000135,11.509796285000107],[4.000713744000166,11.575095310000108],[4.059551217000035,11.579752755000072],[4.104760679000037,11.644949831000076],[4.147115230000168,11.654943627000023],[4.182515606000152,11.642334861000052],[4.209055014000114,11.671215848000031],[4.215299526000024,11.65794653600011],[4.253547128999969,11.660287763000099],[4.266816649000134,11.70087705700007],[4.304988618000039,11.723702681000077]]]}},{"type":"Feature","properties":{"adm2_pcode":"NG022019","adm2_name":"Wasagu/Danko","adm1_name":"Kebbi"},"geometry":{"type":"Polygon","coordinates":[[[5.304690233000088,11.784260943000106],[5.234751839000012,11.769666598000015],[5.221711608000135,11.754326016000164],[5.172620643000073,11.783473861000175],[5.171086832000071,11.741286227000103],[5.138870644000065,11.722109718000127],[5.015673188000108,11.72894424500015],[5.05411193599997,11.700632893000147],[5.058714414000121,11.64387122800008],[5.09246436300009,11.577905923],[5.148075055000049,11.541087259000108],[5.253741462000164,11.527096610000058],[5.360301143000072,11.533918032000088],[5.371399600000075,11.546684491000121],[5.360802499000158,11.611846857000046],[5.440058856000178,11.612703125000053],[5.492458627000133,11.500912886000037],[5.464196706,11.502589100000023],[5.40088567500004,11.461800153000127],[5.397955649000039,11.402651526000056],[5.495754862000069,11.293141601000116],[5.491376855000112,11.248798262000093],[5.56894668800004,11.25743479300013],[5.775573112000188,11.18808753900015],[5.794967376000102,11.169268595000062],[5.833341911000105,11.056167850000179],[5.921074483000041,11.070494784],[5.974084851000157,11.136355366000032],[6.008521716000075,11.141016],[6.02291136700012,11.19770718500007],[6.054487662000156,11.239985375],[6.128868010000019,11.253702015000044],[6.155036971000186,11.309062467000047],[6.149425624000116,11.345792054000185],[6.00914739500007,11.480396427000073],[5.936017056000139,11.491283138000142],[5.824129821000099,11.482027450000146],[5.81723158,11.536214284000039],[5.843938426000136,11.60335855400001],[5.839256172000148,11.633806746000062],[5.76593112900008,11.693537874000071],[5.744837373000053,11.681072918999973],[5.730454809000037,11.694496369000092],[5.671968124000045,11.659979109000119],[5.559787377000077,11.68586749700006],[5.541570342000114,11.665732103000096],[5.46181352200017,11.66599295300017],[5.443387893000022,11.70293403400018],[5.352876645000038,11.7044680300001],[5.304690233000088,11.784260943000106]]]}},{"type":"Feature","properties":{"adm2_pcode":"NG022020","adm2_name":"Yauri","adm1_name":"Kebbi"},"geometry":{"type":"Polygon","coordinates":[[[4.802208254999982,10.893743320000112],[4.753839035000055,10.912579770000093],[4.72455679400008,10.906424125000115],[4.741997292000178,10.873195546000147],[4.689191289000064,10.642358854000179],[4.698777828000175,10.621307613000056],[4.715016428000126,10.62515641200008],[4.713808736000033,10.664675136000142],[4.734213786000112,10.701218403000098],[4.744866101000127,10.81115689600017],[4.791638947000024,10.847124167000118],[4.802208254999982,10.893743320000112]]]}},{"type":"Feature","properties":{"adm2_pcode":"NG022021","adm2_name":"Zuru","adm1_name":"Kebbi"},"geometry":{"type":"Polygon","coordinates":[[[5.397955649000039,11.402651526000056],[5.40088567500004,11.461800153000127],[5.464196706,11.502589100000023],[5.492458627000133,11.500912886000037],[5.440058856000178,11.612703125000053],[5.360802499000158,11.611846857000046],[5.371399600000075,11.546684491000121],[5.360301143000072,11.533918032000088],[5.253741462000164,11.527096610000058],[5.148075055000049,11.541087259000108],[5.188728833000027,11.503501915000129],[5.166484488000094,11.46361524800011],[5.154251172000102,11.346612990999972],[5.203025441000079,11.330726718000165],[5.216679203000012,11.28896147200004],[5.209069153000087,11.264943453000058],[5.152906620000067,11.225430878000054],[5.113639945000159,11.23036528700004],[5.158801384000185,11.206215372000031],[5.241240983000125,11.260728917000051],[5.243881209000108,11.315993708000065],[5.293351553000036,11.338644120000083],[5.336900143000094,11.33545123100015],[5.329850796000073,11.362885435000067],[5.351534220000076,11.395348769000066],[5.397955649000039,11.402651526000056]]]}},{"type":"Feature","properties":{"adm2_pcode":"NG023001","adm2_name":"Adavi","adm1_name":"Kogi"},"geometry":{"type":"Polygon","coordinates":[[[6.69229467100007,7.781460126000184],[6.652628038000159,7.833356107000156],[6.570581082000047,7.869692442000087],[6.553520178000099,7.831870748000085],[6.467865207000045,7.767508552000095],[6.408139212000037,7.752889525000114],[6.398558015000162,7.698141998000096],[6.359844653000096,7.643562779000149],[6.283902132000037,7.618099099000176],[6.262369450000108,7.580424161999986],[6.21707525,7.601992535000136],[6.177018923000162,7.568073184000013],[6.126644027000168,7.572976230000165],[6.133570740000152,7.552076860000057],[6.164177779000113,7.550241822000089],[6.164695457000107,7.538316060000113],[6.230631715000186,7.560078215000146],[6.320574316000091,7.502403237000067],[6.385840834000135,7.499645618000102],[6.43456086599997,7.609955231000129],[6.69229467100007,7.781460126000184]]]}},{"type":"Feature","properties":{"adm2_pcode":"NG023002","adm2_name":"Ajaokuta","adm1_name":"Kogi"},"geometry":{"type":"Polygon","coordinates":[[[6.755963742000063,7.73560414700006],[6.68827302800014,7.780935274000115],[6.43456086599997,7.609955231000129],[6.404452900000024,7.521543207000093],[6.471570385000177,7.447063570000068],[6.511441099000024,7.267024911000078],[6.637670056000104,7.29476506400016],[6.690157355000167,7.219572917000164],[6.713092852999978,7.512515031000078],[6.699304235000056,7.589732121],[6.744347173000165,7.670625587000018],[6.755963742000063,7.73560414700006]]]}},{"type":"Feature","properties":{"adm2_pcode":"NG023003","adm2_name":"Ankpa","adm1_name":"Kogi"},"geometry":{"type":"Polygon","coordinates":[[[7.7535945300001,7.688056807000066],[7.714028073000065,7.705049601999974],[7.650098378000052,7.687928713000133],[7.615475532000119,7.636499533000119],[7.557775344000106,7.634400683000024],[7.520540604000189,7.53540510400012],[7.482743104000065,7.520640902000139],[7.471043828,7.370316130999981],[7.441085500000156,7.331139581],[7.40849309000015,7.322579871000187],[7.401579297000183,7.300522201000149],[7.532325845000173,7.289009669000109],[7.597361396000053,7.32277815100008],[7.709507465000172,7.289009551999982],[7.774711988000149,7.30119262300002],[7.798135410000043,7.359149899000158],[7.793993636000152,7.415134370000033],[7.835838245,7.465323497000043],[7.835775211000112,7.485114705000115],[7.818340744000068,7.496992166000098],[7.779246116000138,7.482761255000071],[7.739914636000094,7.537955869000086],[7.7535945300001,7.688056807000066]]]}},{"type":"Feature","properties":{"adm2_pcode":"NG023004","adm2_name":"Bassa","adm1_name":"Kogi"},"geometry":{"type":"Polygon","coordinates":[[[7.445786741000063,8.04486092400009],[7.253840822000143,8.015046954000127],[7.052934449000134,7.932279774000165],[6.994654750000052,7.925270790000184],[6.963587837000034,7.879294880000032],[6.799042220000103,7.82322082200011],[6.769437893000145,7.800436010000112],[6.744347173000165,7.670625587000018],[6.699304235000056,7.589732121],[6.708541255000171,7.48585728900008],[6.754427352000107,7.48020113299998],[6.78507228400008,7.443810514000063],[6.807577121000122,7.444767895000098],[6.82146322300008,7.571177479000085],[6.841094555000097,7.601343716000031],[6.938774656000021,7.632946089000086],[6.988153322000187,7.695881880000115],[7.114982030000021,7.702854141000159],[7.197339583000144,7.78090233],[7.334762061000049,7.832136635000154],[7.34912673600013,7.846980202000054],[7.350563123000029,7.900129787000026],[7.445786741000063,8.04486092400009]]]}},{"type":"Feature","properties":{"adm2_pcode":"NG023005","adm2_name":"Dekina","adm1_name":"Kogi"},"geometry":{"type":"Polygon","coordinates":[[[7.482743104000065,7.520640902000139],[7.43111697300003,7.633915689000048],[7.401313872000173,7.657853485000032],[7.427485320000017,7.71834289700007],[7.34912673600013,7.846980202000054],[7.287837383000067,7.804843553000012],[7.197339583000144,7.78090233],[7.114982030000021,7.702854141000159],[6.988153322000187,7.695881880000115],[6.938774656000021,7.632946089000086],[6.841094555000097,7.601343716000031],[6.82146322300008,7.571177479000085],[6.813198954000086,7.452984744000105],[6.871260601000074,7.408856405999984],[7.003504310000039,7.418716424000138],[7.045278538000048,7.476166569000156],[7.093772648000026,7.489343554000186],[7.129666815000121,7.434610428000155],[7.148213036000129,7.355797056000142],[7.213268181000046,7.351880094000023],[7.241580520000014,7.372620591000043],[7.253761657999974,7.407517293000126],[7.273185257000137,7.41245557600007],[7.307423577000066,7.398957807000158],[7.474266460000024,7.403488122000113],[7.482743104000065,7.520640902000139]]]}},{"type":"Feature","properties":{"adm2_pcode":"NG023006","adm2_name":"Ibaji","adm1_name":"Kogi"},"geometry":{"type":"Polygon","coordinates":[[[6.960817397000142,6.840899050000189],[6.961034153000128,6.935546702000124],[6.894587421000153,6.98776770700016],[6.901171583000121,7.01608049400005],[6.789291673000093,7.025212358000147],[6.678561990999981,6.988056699000083],[6.672980330000087,6.935661313000082],[6.61079013900013,6.822104903000081],[6.631689042000119,6.769058144000098],[6.617936031000056,6.704879296000115],[6.660110903000145,6.608610556000031],[6.664701088000072,6.532356273000062],[6.808122609000122,6.580162482000048],[6.800278270000035,6.693467270000042],[6.896804837000104,6.792390711000166],[6.923387972000057,6.801977957000076],[6.939578137000183,6.77359092100005],[6.960817397000142,6.840899050000189]]]}},{"type":"Feature","properties":{"adm2_pcode":"NG023007","adm2_name":"Idah","adm1_name":"Kogi"},"geometry":{"type":"Polygon","coordinates":[[[6.789291673000093,7.025212358000147],[6.775508382000169,7.103408412000078],[6.741203901000119,7.152160296999966],[6.721738480999988,7.157333147000031],[6.677258902000119,7.034075751000103],[6.678561990999981,6.988056699000083],[6.789291673000093,7.025212358000147]]]}},{"type":"Feature","properties":{"adm2_pcode":"NG023008","adm2_name":"Igalamela-Odolu","adm1_name":"Kogi"},"geometry":{"type":"Polygon","coordinates":[[[7.307423535000055,7.183321452000143],[7.263966999000161,7.183979936000071],[7.202403899000103,7.238958869000101],[7.160405129000026,7.22728242200003],[7.047946541000101,7.263772508000159],[7.031666809000114,7.205834902000049],[6.942605444000094,7.19338566700003],[6.807577229000117,7.247014051000065],[6.752991209000015,7.289629038999976],[6.723760171000151,7.187340075],[6.703430038000135,7.170575532000157],[6.715323562000094,7.137034737000079],[6.724824615999978,7.158234508000135],[6.759427583000047,7.133304951000071],[6.789291673000093,7.025212358000147],[6.906439448000128,7.01245884500014],[6.894587421000153,6.98776770700016],[6.961034153000128,6.935546702000124],[6.960817397000142,6.840899050000189],[6.986843021000027,6.844488716000171],[6.986055448000172,6.788557899000125],[7.041986031000022,6.783043832000146],[7.081373807999967,6.800374538000028],[7.175904363000086,6.896480480000037],[7.234985702000074,6.910660406000147],[7.241288089000079,6.971317371000112],[7.329821153000182,7.000294778000068],[7.328107732000092,7.024461365999969],[7.366836927000065,7.039865897000084],[7.359370437000109,7.089282403000027],[7.28470813000007,7.112540343999967],[7.307423535000055,7.183321452000143]]]}},{"type":"Feature","properties":{"adm2_pcode":"NG023009","adm2_name":"Ijumu","adm1_name":"Kogi"},"geometry":{"type":"Polygon","coordinates":[[[6.051323193000087,8.09644853300017],[6.01198145799998,8.146301257000118],[5.990944465000155,8.135159612999985],[5.873828976000084,7.95541959500008],[5.738130657000056,7.819180466000091],[5.791615414999967,7.782068704000096],[5.773028439000086,7.747318798000094],[5.80102458600004,7.733303508000063],[5.93060392100017,7.74476810200008],[5.921491280000168,7.716093091000062],[5.937628320000044,7.648777122000183],[6.00793768200009,7.582143861000077],[6.004125679000083,7.529235776],[6.04338782100001,7.577459910000073],[6.098731012000144,7.588197228000126],[6.121885907000092,7.647178603000157],[6.122699319999981,7.678083847000039],[6.022063844000058,7.841146209999977],[6.079594007000082,8.012351085999967],[6.051323193000087,8.09644853300017]]]}},{"type":"Feature","properties":{"adm2_pcode":"NG023010","adm2_name":"Kabba/Bunu","adm1_name":"Kogi"},"geometry":{"type":"Polygon","coordinates":[[[6.31533484,7.833265865000158],[6.327008700000079,7.916064773000073],[6.248872685000038,7.996958856999981],[6.220376048000105,8.068659828000136],[6.229568578000055,8.095317941000076],[6.286561896000023,8.095317893000072],[6.456622724,7.93996517800008],[6.46857299300018,7.95559228400009],[6.447430063000127,8.063144613000077],[6.49615043700004,8.163342475000036],[6.473169195000139,8.217577878000156],[6.346312866000062,8.38671966200019],[6.268177150000099,8.449228397000013],[6.192798695000135,8.464855244000091],[6.113124791000132,8.441468164000185],[6.082657812000036,8.401764024000045],[6.089353682000024,8.324658309000029],[6.055195352000112,8.192903490000162],[6.085556015000122,8.14743074200004],[6.027391871000077,8.120030607000047],[6.051323193000087,8.09644853300017],[6.079594007000082,8.012351085999967],[6.022063844000058,7.841146209999977],[6.122699319999981,7.678083847000039],[6.186364191000109,7.718426579000038],[6.268176962000098,7.706476092000059],[6.268177097000034,7.782773863000045],[6.31533484,7.833265865000158]]]}},{"type":"Feature","properties":{"adm2_pcode":"NG023011","adm2_name":"Kogi","adm1_name":"Kogi"},"geometry":{"type":"Polygon","coordinates":[[[6.963587837000034,7.879294880000032],[6.952556542000082,7.917903358999979],[6.978295218000028,7.985927653000147],[6.97094158900012,8.030051162000063],[7.002655441000059,8.167018791000089],[6.934631299000102,8.310421832999964],[6.984174740000185,8.459377342000153],[6.82764408800017,8.453450603000135],[6.836731508000128,8.391315592000126],[6.807315304000042,8.342595105000157],[6.772384208000119,8.335241333999988],[6.766868595000176,8.30858328200003],[6.751241306999987,8.304905798],[6.761353148000069,8.272732820000044],[6.719986854000126,8.274571459000072],[6.712633242000095,8.201951013000098],[6.691258404000052,8.183006379000062],[6.779278270000134,8.04475984800007],[6.792147983000177,7.915145250000137],[6.769437893000145,7.800436010000112],[6.849600813000109,7.849878892000106],[6.963587837000034,7.879294880000032]]]}},{"type":"Feature","properties":{"adm2_pcode":"NG023012","adm2_name":"Lokoja","adm1_name":"Kogi"},"geometry":{"type":"Polygon","coordinates":[[[6.384096722999971,8.644262261000051],[6.302649136000014,8.727760228000022],[6.208536010000103,8.732374926000091],[6.12513910500013,8.55563537100005],[6.113752943000065,8.461293193000131],[6.113124791000132,8.441468164000185],[6.192798695000135,8.464855244000091],[6.241518950999989,8.459340014000077],[6.300350767000054,8.428085420000116],[6.395952283000042,8.328806966000172],[6.49615043700004,8.163342475000036],[6.447430063000127,8.063144613000077],[6.46857299300018,7.95559228400009],[6.456622724,7.93996517800008],[6.286561896000023,8.095317893000072],[6.229568578000055,8.095317941000076],[6.220376048000105,8.068659828000136],[6.248872685000038,7.996958856999981],[6.327008700000079,7.916064773000073],[6.31533484,7.833265865000158],[6.344474365000053,7.807593290000057],[6.386759834000145,7.811270604000072],[6.445591853999986,7.854474932000073],[6.546708981000108,7.887567947000036],[6.652628038000159,7.833356107000156],[6.669941978000054,7.7993806],[6.755963742000063,7.73560414700006],[6.792147983000177,7.915145250000137],[6.76181274400011,8.08888327000011],[6.717688938000038,8.133006926000178],[6.683676652000145,8.212981090000142],[6.608298331000185,8.314098467000065],[6.452945710000051,8.448309082000094],[6.384096722999971,8.644262261000051]]]}},{"type":"Feature","properties":{"adm2_pcode":"NG023013","adm2_name":"Mopa-Muro","adm1_name":"Kogi"},"geometry":{"type":"Polygon","coordinates":[[[6.087030465000055,8.354029765000178],[5.984956133000082,8.321972912000149],[5.825670316000128,8.18788679000005],[5.753460443000165,8.02536395200002],[5.76972685700008,7.975752323000052],[5.834894592000069,7.923977825000065],[5.907987628,7.999338283000043],[5.990944465000155,8.135159612999985],[6.01198145799998,8.146301257000118],[6.027391871000077,8.120030607000047],[6.085556015000122,8.14743074200004],[6.055195345000186,8.210796483000138],[6.073087618999978,8.227875736000101],[6.066581376000158,8.26447387700017],[6.087030465000055,8.354029765000178]]]}},{"type":"Feature","properties":{"adm2_pcode":"NG023014","adm2_name":"Ofu","adm1_name":"Kogi"},"geometry":{"type":"Polygon","coordinates":[[[7.474266460000024,7.403488122000113],[7.307423577000066,7.398957807000158],[7.273185257000137,7.41245557600007],[7.253761657999974,7.407517293000126],[7.241580520000014,7.372620591000043],[7.213268181000046,7.351880094000023],[7.16454411400008,7.351550650000149],[7.147838852000064,7.356230615000015],[7.129666815000121,7.434610428000155],[7.093772648000026,7.489343554000186],[7.045278538000048,7.476166569000156],[7.003504310000039,7.418716424000138],[6.871260601000074,7.408856405999984],[6.8181108120001,7.451950646000114],[6.78507228400008,7.443810514000063],[6.754427352000107,7.48020113299998],[6.708541255000171,7.48585728900008],[6.691031072999976,7.276268512000058],[6.700792678000028,7.17848812200009],[6.723760171000151,7.187340075],[6.752991209000015,7.289629038999976],[6.807577229000117,7.247014051000065],[6.942605444000094,7.19338566700003],[7.031666809000114,7.205834902000049],[7.047946541000101,7.263772508000159],[7.160405129000026,7.22728242200003],[7.202403899000103,7.238958869000101],[7.263966999000161,7.183979936000071],[7.307423535000055,7.183321452000143],[7.351538703000131,7.273197575999973],[7.458862603000114,7.350233987000024],[7.474266460000024,7.403488122000113]]]}},{"type":"Feature","properties":{"adm2_pcode":"NG023015","adm2_name":"Ogori/Magongo","adm1_name":"Kogi"},"geometry":{"type":"Polygon","coordinates":[[[6.225323300000127,7.468395656000098],[6.206281754000088,7.470429068000158],[6.198079498000027,7.49606086700004],[6.158284262000166,7.52829782200007],[6.108335888000113,7.490657857000087],[6.112411976000033,7.448655029000065],[6.15947300400012,7.447688146000075],[6.182785168,7.429427153],[6.225323300000127,7.468395656000098]]]}},{"type":"Feature","properties":{"adm2_pcode":"NG023016","adm2_name":"Okehi","adm1_name":"Kogi"},"geometry":{"type":"Polygon","coordinates":[[[6.570581082000047,7.869692442000087],[6.546708981000108,7.887567947000036],[6.445591853999986,7.854474932000073],[6.386759834000145,7.811270604000072],[6.344474365000053,7.807593290000057],[6.31533484,7.833265865000158],[6.268177097000034,7.782773863000045],[6.268176962000098,7.706476092000059],[6.203829704999976,7.720264960000179],[6.133047461999979,7.692687626000179],[6.098731012000144,7.588197228000126],[6.173415885000111,7.567145175000064],[6.225497297000061,7.602356354000165],[6.262369450000108,7.580424161999986],[6.283902132000037,7.618099099000176],[6.359844653000096,7.643562779000149],[6.377567195000097,7.664190642000051],[6.408139212000037,7.752889525000114],[6.467865207000045,7.767508552000095],[6.553520178000099,7.831870748000085],[6.570581082000047,7.869692442000087]]]}},{"type":"Feature","properties":{"adm2_pcode":"NG023017","adm2_name":"Okene","adm1_name":"Kogi"},"geometry":{"type":"Polygon","coordinates":[[[6.404452900000024,7.521543207000093],[6.385840834000135,7.499645618000102],[6.320574316000091,7.502403237000067],[6.230631715000186,7.560078215000146],[6.192766210000059,7.554688522000106],[6.158284262000166,7.52829782200007],[6.198079498000027,7.49606086700004],[6.206281754000088,7.470429068000158],[6.292740607000098,7.498807890000023],[6.357437035000032,7.411069481000084],[6.378143891000036,7.397520968000038],[6.426575102000072,7.414612802000079],[6.435657907000063,7.359745113000031],[6.46686988,7.365318657000046],[6.485763157000122,7.34199621099998],[6.471570385000177,7.447063570000068],[6.404452900000024,7.521543207000093]]]}},{"type":"Feature","properties":{"adm2_pcode":"NG023018","adm2_name":"Olamabolo","adm1_name":"Kogi"},"geometry":{"type":"Polygon","coordinates":[[[7.774711988000149,7.30119262300002],[7.709507465000172,7.289009551999982],[7.597361396000053,7.32277815100008],[7.532325845000173,7.289009669000109],[7.37622986100007,7.292950142000052],[7.351538703000131,7.273197575999973],[7.28470813000007,7.112540343999967],[7.359370437000109,7.089282403000027],[7.367074517,7.064780221000092],[7.385961808,7.109346229000096],[7.457075840000186,7.115394197000114],[7.526293436000117,7.05754196900017],[7.530513945,7.032278044000122],[7.58300540100015,7.060043625000048],[7.58499684200018,7.106700961000115],[7.622798658000079,7.163258133],[7.69219294800007,7.199312699000131],[7.78337634899998,7.206027538000171],[7.818734745000086,7.286925277000137],[7.774711988000149,7.30119262300002]]]}},{"type":"Feature","properties":{"adm2_pcode":"NG023019","adm2_name":"Omala","adm1_name":"Kogi"},"geometry":{"type":"Polygon","coordinates":[[[7.676837731000148,8.014471178000065],[7.542710521000174,8.043121359000168],[7.445786741000063,8.04486092400009],[7.350563123000029,7.900129787000026],[7.355204232000119,7.827082056],[7.427485320000017,7.71834289700007],[7.401313872000173,7.657853485000032],[7.43111697300003,7.633915689000048],[7.482743104000065,7.520640902000139],[7.520540604000189,7.53540510400012],[7.557775344000106,7.634400683000024],[7.615475532000119,7.636499533000119],[7.650098378000052,7.687928713000133],[7.714028073000065,7.705049601999974],[7.7535945300001,7.688056807000066],[7.74469063600003,7.768656650000025],[7.663638097999979,7.905889040000034],[7.697174054000129,7.935943639000129],[7.665040940999972,7.94016767100004],[7.676837731000148,8.014471178000065]]]}},{"type":"Feature","properties":{"adm2_pcode":"NG023020","adm2_name":"Yagba East","adm1_name":"Kogi"},"geometry":{"type":"Polygon","coordinates":[[[6.082657812000036,8.401764024000045],[6.040555979000032,8.39297585800017],[5.688176712000029,8.452851312],[5.701409346000105,8.292939283000123],[5.681900669000015,8.275383117000047],[5.633091788000058,8.121333147000144],[5.643636244000106,8.073968050000076],[5.659736125000052,8.069837645000177],[5.63990202500014,8.053830964000156],[5.668087576000119,8.00233186100013],[5.645469766000133,7.963011655000116],[5.598841579000066,7.958487877000096],[5.630506983000146,7.83495986700018],[5.738130657000056,7.819180466000091],[5.820151428000031,7.896048570000119],[5.829910744000131,7.936713628000177],[5.76972685700008,7.975752323000052],[5.753460412000038,8.038376923000158],[5.825670316000128,8.18788679000005],[5.984956133000082,8.321972912000149],[6.087030465000055,8.354029765000178],[6.082657812000036,8.401764024000045]]]}},{"type":"Feature","properties":{"adm2_pcode":"NG023021","adm2_name":"Yagba West","adm1_name":"Kogi"},"geometry":{"type":"Polygon","coordinates":[[[5.688176712000029,8.452851312],[5.642851709000126,8.462919137000029],[5.513207559000023,8.538522623000063],[5.396627396000042,8.43826004300007],[5.322829601000137,8.344395707999979],[5.353197459000114,8.309869734000017],[5.356675277000079,8.274656340000035],[5.397105626000155,8.292045683000083],[5.418407548,8.283785874000102],[5.422319892000075,8.228139774000113],[5.466227858000025,8.20249079000007],[5.537386699000081,8.198435538000126],[5.532742430000155,8.14684494300019],[5.497963933000165,8.114674434000165],[5.514633621000087,8.104982344000064],[5.505934631000116,8.018686365000065],[5.576571877000106,8.0712299650001],[5.643636244000106,8.073968050000076],[5.633905448,8.130279426000072],[5.681900669000015,8.275383117000047],[5.701409346000105,8.292939283000123],[5.688176712000029,8.452851312]]]}},{"type":"Feature","properties":{"adm2_pcode":"NG024001","adm2_name":"Asa","adm1_name":"Kwara"},"geometry":{"type":"Polygon","coordinates":[[[4.479101146000062,8.56143953500009],[4.394794438000076,8.656154681000146],[4.352631104000068,8.670758068000055],[4.194982455000059,8.817972847000078],[4.182902261000095,8.765195413000072],[4.209143677000043,8.680658442000151],[4.386852023000074,8.291888842000162],[4.477091392999967,8.218340037000075],[4.494964129000152,8.122775065000098],[4.591642849000095,8.166805365000016],[4.584776831000056,8.240187695000145],[4.664106888000106,8.356353869000088],[4.593640795,8.420657920000167],[4.514542260999974,8.409805585000072],[4.479169353000145,8.432484434000116],[4.44554821800017,8.479833783000117],[4.479789246000166,8.53171777],[4.479101146000062,8.56143953500009]]]}},{"type":"Feature","properties":{"adm2_pcode":"NG024002","adm2_name":"Baruten","adm1_name":"Kwara"},"geometry":{"type":"Polygon","coordinates":[[[3.810251221999977,9.173462019000112],[3.818045698000105,10.0668306500001],[3.79911707600013,10.071198288000176],[3.780188301000123,10.052269782000053],[3.783828481,10.031157556000096],[3.743058938000104,10.084304042000099],[3.730682397000066,10.068287141000098],[3.703017207000073,10.152737685999966],[3.676445227000045,10.178597253000078],[3.665159921000168,10.109783950000121],[3.625846375000037,10.092312089000188],[3.610557816000096,10.064646887000151],[3.606917613000064,9.970003404000124],[3.551587560000144,9.880456176000166],[3.513002166000035,9.857158717000118],[3.418358302000058,9.849878149000062],[3.331723213999965,9.802557060000083],[3.324442830000123,9.75960241600012],[3.348467811000148,9.686072362000061],[3.317162496000151,9.659863544000132],[3.267656609000028,9.657679475000123],[3.191213860000062,9.510617363000051],[3.146075994000171,9.480040280000082],[3.131515519000061,9.437087138000038],[3.158452509000028,9.285656787000107],[3.121323100000041,9.23906331700016],[3.124484313000039,9.19174552600009],[3.087833888999967,9.10292130300013],[2.999742494000088,9.07307239700009],[2.95460463600017,9.091273292000153],[2.897818562000168,9.083992834000128],[2.878161668000132,9.063608055000032],[2.77987789600013,9.065064293000091],[2.773325688000114,9.007550266000123],[2.787886377000063,8.969693026000073],[2.758765222000079,8.90635413400014],[2.772597781,8.892521983999984],[2.758037082000101,8.85757658200015],[2.762405403000116,8.805886352000073],[2.739836465000053,8.797878185000116],[2.729644056000041,8.77385308700002],[2.747116803000097,8.737451670000041],[2.737652303000175,8.6573685460001],[2.75812984200013,8.56115163200019],[2.802357206000011,8.61035825200014],[2.920714386000043,8.611895650000179],[3.01447796500014,8.710269922000066],[3.103630093000106,8.750234475000127],[3.16357731100004,8.808645402000082],[3.237358302000189,8.78251472],[3.387994754999966,8.842461796000123],[3.524797205000141,8.928539069000124],[3.720009789000017,9.01308086400013],[3.743066318000047,9.04689712700008],[3.75382616800016,9.120677777000083],[3.810251221999977,9.173462019000112]]]}},{"type":"Feature","properties":{"adm2_pcode":"NG024003","adm2_name":"Edu","adm1_name":"Kwara"},"geometry":{"type":"Polygon","coordinates":[[[5.525417717000096,8.940100508000057],[5.473863527000049,8.947562195999978],[5.457583503000023,8.968590765000044],[5.370077663000018,8.996402999000168],[5.323272089000113,8.992332582000074],[5.237801141000091,9.018788281000127],[5.208971875000032,9.035068563000152],[5.159452777000126,9.10697296700016],[5.016323103000161,9.205331823000051],[4.876584936000029,9.16123981000004],[4.899648675000094,9.106293419000053],[4.890408058000162,9.05683422800007],[4.907820732000062,9.019521026000064],[4.894553649000045,8.907580353000071],[4.905333565000092,8.882704551000131],[4.997373175000064,8.828807555000026],[5.051270506000094,8.81719860000004],[5.098534198000038,8.729305397000076],[5.237008522000167,8.66048252600018],[5.274321969000084,8.656336834],[5.35558265200018,8.71355058800009],[5.408650530000045,8.700283185000046],[5.42316157099998,8.640582025000015],[5.420673903000022,8.533616927000025],[5.446378769000034,8.47971906000015],[5.517277630000081,8.550054493000118],[5.457583484000111,8.675547488],[5.462331635000169,8.796970391000173],[5.448086671000112,8.861412868000116],[5.525417717000096,8.940100508000057]]]}},{"type":"Feature","properties":{"adm2_pcode":"NG024004","adm2_name":"Ekiti","adm1_name":"Kwara"},"geometry":{"type":"Polygon","coordinates":[[[5.497963822999964,8.110664466000173],[5.532742430000155,8.14684494300019],[5.537386699000081,8.198435538000126],[5.457533390000094,8.206403844000022],[5.434492631000126,8.185101431000078],[5.228656455000021,8.141963964000183],[5.190607109000041,8.113369815000112],[5.162611575000028,8.049506211000164],[5.195789458000093,8.0182104430001],[5.332399277000036,8.009554973000036],[5.360624312000084,8.03853225100005],[5.371162051000056,8.096487939000042],[5.497963822999964,8.110664466000173]]]}},{"type":"Feature","properties":{"adm2_pcode":"NG024005","adm2_name":"Ifelodun","adm1_name":"Kwara"},"geometry":{"type":"Polygon","coordinates":[[[4.890408058000162,9.05683422800007],[4.877555361000134,9.021179345000064],[4.851850457000126,9.013716743000089],[4.851021291000109,8.997961810000106],[4.804586824000069,8.962306752000131],[4.815366257000164,8.846221208000145],[4.889164007000147,8.727646888000038],[4.972912372000053,8.687845152000023],[4.981203968000045,8.656336695000107],[4.855167384000026,8.580051324000067],[4.769761054000185,8.565955245000168],[4.692646467000088,8.530300097000065],[4.676814570000147,8.506817824],[4.692054690000077,8.488468997000155],[4.762701659000072,8.469083525000087],[4.753284914000119,8.395480224999972],[4.708105469000031,8.388335158000075],[4.665596637000021,8.420233624000048],[4.58574386600003,8.423692244000051],[4.664106888000106,8.356353869000088],[4.747418890000063,8.209718679000105],[4.798042810000084,8.248137605000124],[4.80630258900004,8.34725653400011],[4.856731945000092,8.367689010000106],[4.997585278000088,8.346387937999964],[5.134526832,8.36421210800006],[5.177999840000041,8.292480484000123],[5.175826142000176,8.252050380000128],[5.220603904000143,8.249442080000165],[5.281031543000097,8.27378735600007],[5.347705320000159,8.382704684000146],[5.446378769000034,8.47971906000015],[5.420673903000022,8.533616927000025],[5.42316157099998,8.640582025000015],[5.408650530000045,8.700283185000046],[5.380458478000151,8.71603769799998],[5.338998846000095,8.709404808999977],[5.257737998000039,8.65550722300003],[5.098534198000038,8.729305397000076],[5.051270506000094,8.81719860000004],[4.997373175000064,8.828807555000026],[4.905333565000092,8.882704551000131],[4.894553649000045,8.907580353000071],[4.907820732000062,9.019521026000064],[4.890408058000162,9.05683422800007]]]}},{"type":"Feature","properties":{"adm2_pcode":"NG024006","adm2_name":"Ilorin East","adm1_name":"Kwara"},"geometry":{"type":"MultiPolygon","coordinates":[[[[4.676814570000147,8.506817824],[4.723326679000024,8.549371638000025],[4.855167384000026,8.580051324000067],[4.981203968000045,8.656336695000107],[4.98369168500011,8.676237122000089],[4.889164007000147,8.727646888000038],[4.880776381000032,8.746441729000026],[4.824378568000043,8.692695248000064],[4.721948343000179,8.691113014000052],[4.715530278000188,8.617303603000096],[4.646911469000145,8.569751638000128],[4.631369095000082,8.539562024000134],[4.594469149000133,8.52776546300015],[4.608685701000127,8.510650257000123],[4.676814570000147,8.506817824]]],[[[4.562489297000184,8.472987857000021],[4.587527414000022,8.480524994000064],[4.533441422000067,8.518896005000101],[4.541829539,8.497516375000032],[4.564760814000124,8.495723200000043],[4.562489297000184,8.472987857000021]]]]}},{"type":"Feature","properties":{"adm2_pcode":"NG024007","adm2_name":"Ilorin South","adm1_name":"Kwara"},"geometry":{"type":"MultiPolygon","coordinates":[[[[4.608685701000127,8.510650257000123],[4.579914627000107,8.563702770000077],[4.522395910000114,8.572384479000107],[4.496552290000182,8.52087960700004],[4.545988923000095,8.520309711000152],[4.574249292000047,8.50149394600004],[4.58673965100013,8.475444755000069],[4.562489297000184,8.472987857000021],[4.590959897000062,8.43036024300011],[4.682367839000165,8.41446360800012],[4.708105469000031,8.388335158000075],[4.753284914000119,8.395480224999972],[4.760196721000113,8.472328011000116],[4.692054690000077,8.488468997000155],[4.676814570000147,8.506817824],[4.608685701000127,8.510650257000123]]],[[[4.561884898000187,8.479571637000106],[4.564760814000124,8.495723200000043],[4.551347739000107,8.49902290100016],[4.550234562000071,8.489186043000188],[4.561884898000187,8.479571637000106]]]]}},{"type":"Feature","properties":{"adm2_pcode":"NG024008","adm2_name":"Ilorin West","adm1_name":"Kwara"},"geometry":{"type":"Polygon","coordinates":[[[4.533441422000067,8.518896005000101],[4.496552290000182,8.52087960700004],[4.5137972120001,8.570279206000123],[4.479101146000062,8.56143953500009],[4.479789246000166,8.53171777],[4.44554821800017,8.479833783000117],[4.506236094000087,8.413813206000157],[4.568227092000029,8.41017501600004],[4.593680134000181,8.437170928000057],[4.533441422000067,8.518896005000101]]]}},{"type":"Feature","properties":{"adm2_pcode":"NG024009","adm2_name":"Irepodun","adm1_name":"Kwara"},"geometry":{"type":"Polygon","coordinates":[[[5.181912553000075,8.19249158100007],[5.146699055000056,8.19988245400009],[5.073229438000112,8.14510641600009],[5.011931925999988,8.150323040999979],[4.899770266000132,8.260744922000072],[4.882815891000178,8.295523621000086],[4.885030217000065,8.369849150000164],[4.80630258900004,8.34725653400011],[4.798042810000084,8.248137605000124],[4.742386428000032,8.203070501000184],[4.79728273700016,8.162479208000093],[4.799491759000148,8.065018318000114],[4.818613509000045,8.053569738000022],[4.843392319000031,8.061956414000065],[4.857497206000062,8.07263086000006],[4.854066381000166,8.095502729000088],[4.913153708999971,8.085591218000047],[4.966904721999981,8.046708116],[4.969572942000127,8.017354998000144],[5.039715686000079,8.07186804100013],[5.054930121000098,8.049190382000063],[5.069751251000184,8.056855178999967],[5.176462804999971,8.149058811000032],[5.181912553000075,8.19249158100007]]]}},{"type":"Feature","properties":{"adm2_pcode":"NG024010","adm2_name":"Isin","adm1_name":"Kwara"},"geometry":{"type":"Polygon","coordinates":[[[5.23989578100003,8.255067950000068],[5.175826142000176,8.252050380000128],[5.177999840000041,8.292480484000123],[5.134526832,8.36421210800006],[4.997585278000088,8.346387937999964],[4.885030217000065,8.369849150000164],[4.882815891000178,8.295523621000086],[4.899770266000132,8.260744922000072],[5.011931925999988,8.150323040999979],[5.073229438000112,8.14510641600009],[5.146699055000056,8.19988245400009],[5.19147689000016,8.190752876000033],[5.23989578100003,8.255067950000068]]]}},{"type":"Feature","properties":{"adm2_pcode":"NG024011","adm2_name":"Kaiama","adm1_name":"Kwara"},"geometry":{"type":"Polygon","coordinates":[[[3.823319255000058,10.054305857000031],[3.810251221999977,9.173462019000112],[3.86296051000005,9.188310909],[3.921370700000182,9.172939180000128],[3.990540481000153,9.048433267000178],[4.210460188000184,8.970032953000043],[4.253385500000036,8.966966721000176],[4.290276448999975,8.991561151000099],[4.360016293000172,8.998528626999985],[4.52413604000003,9.07415205500007],[4.654466227000114,9.0805874240001],[4.717217976000029,9.101505106000104],[4.764554923000105,9.14993207700013],[4.75453949700011,9.24794560200013],[4.737516839000136,9.268896205000146],[4.639310402000149,9.308178630999976],[4.609726900000055,9.361758013999975],[4.50116677200009,9.440430649],[4.350583491,9.588395326000125],[4.152861122000047,9.862063141000021],[4.118815909000148,9.855516345000126],[4.114887674000101,9.881705516000125],[4.095246316000157,9.87777723500011],[4.083461784000178,9.851588052000068],[4.021918801000083,9.856825623000077],[4.002277808000088,9.906583506000118],[3.985255249000033,9.893489774000102],[3.936152003000075,9.916077653000059],[3.970524137999973,9.94881335600013],[3.934515234000116,9.966817891000062],[3.949246105999975,9.991369079000037],[3.887048768000056,9.988095440000109],[3.890322237000078,10.015920603000154],[3.903416333999985,10.019194762000097],[3.864133851000076,10.050293070000123],[3.823319255000058,10.054305857000031]]]}},{"type":"Feature","properties":{"adm2_pcode":"NG024012","adm2_name":"Moro","adm1_name":"Kwara"},"geometry":{"type":"Polygon","coordinates":[[[4.877555361000134,9.021179345000064],[4.899648675000094,9.106293419000053],[4.8760714390001,9.157646106000072],[4.815904170000181,9.132612195000092],[4.768706303000044,9.153529851000087],[4.717217976000029,9.101505106000104],[4.674847157000158,9.084879004000072],[4.502146246000109,9.068251813000018],[4.32901337300018,8.989558892000105],[4.334852221000119,8.95774488100011],[4.257996989000105,8.900871186000188],[4.194982455000059,8.817972847000078],[4.352631104000068,8.670758068000055],[4.394794438000076,8.656154681000146],[4.479101146000062,8.56143953500009],[4.540816963000054,8.572608009000135],[4.579914627000107,8.563702770000077],[4.594469149000133,8.52776546300015],[4.631369095000082,8.539562024000134],[4.646911469000145,8.569751638000128],[4.715530278000188,8.617303603000096],[4.721948343000179,8.691113014000052],[4.824378568000043,8.692695248000064],[4.880776381000032,8.746441729000026],[4.815366257000164,8.846221208000145],[4.802099284000121,8.951527381000062],[4.851850457000126,9.013716743000089],[4.877555361000134,9.021179345000064]]]}},{"type":"Feature","properties":{"adm2_pcode":"NG024013","adm2_name":"Offa","adm1_name":"Kwara"},"geometry":{"type":"Polygon","coordinates":[[[4.746560520000116,8.122604313000181],[4.693777118000128,8.21744340600003],[4.621253457000137,8.139341451000178],[4.632411056000024,8.109301484000014],[4.746560520000116,8.122604313000181]]]}},{"type":"Feature","properties":{"adm2_pcode":"NG024014","adm2_name":"Oke-Ero","adm1_name":"Kwara"},"geometry":{"type":"Polygon","coordinates":[[[5.457533390000094,8.206403844000022],[5.422319892000075,8.228139774000113],[5.418407548,8.283785874000102],[5.397105626000155,8.292045683000083],[5.356675277000079,8.274656340000035],[5.353197459000114,8.309869734000017],[5.324504716999968,8.333780171000171],[5.281031543000097,8.27378735600007],[5.197997527000098,8.214228668000146],[5.176462804999971,8.149058811000032],[5.057632825999974,8.039464844],[5.084393997000063,8.024232004000169],[5.117887938000024,8.06261818300004],[5.162611575000028,8.049506211000164],[5.190607109000041,8.113369815000112],[5.228656455000021,8.141963964000183],[5.434492631000126,8.185101431000078],[5.457533390000094,8.206403844000022]]]}},{"type":"Feature","properties":{"adm2_pcode":"NG024015","adm2_name":"Oyun","adm1_name":"Kwara"},"geometry":{"type":"Polygon","coordinates":[[[4.742448792000062,8.19772741200012],[4.664106888000106,8.356353869000088],[4.584776831000056,8.240187695000145],[4.594646952000062,8.171096707],[4.494964129000152,8.122775065000098],[4.505629043000056,8.09195905200005],[4.568998310999973,8.054756062000138],[4.628961019000144,8.074536293000108],[4.63734765200013,8.053569846000187],[4.665557331000173,8.043276767000066],[4.721214226000086,8.064244390000056],[4.799491759000148,8.065018318000114],[4.79728273700016,8.162479208000093],[4.742448792000062,8.19772741200012]],[[4.746560520000116,8.122604313000181],[4.632411056000024,8.109301484000014],[4.621253457000137,8.139341451000178],[4.693777118000128,8.21744340600003],[4.746560520000116,8.122604313000181]]]}},{"type":"Feature","properties":{"adm2_pcode":"NG024016","adm2_name":"Pategi","adm1_name":"Kwara"},"geometry":{"type":"Polygon","coordinates":[[[6.208536010000103,8.732374926000091],[6.149537985999984,8.720735539000088],[6.131645289000062,8.751641379000034],[6.084474026,8.760587648000126],[5.795751941000105,8.741881567],[5.728248146000112,8.819958811000106],[5.642038403000186,8.835411332000092],[5.525417717000096,8.940100508000057],[5.448086671000112,8.861412868000116],[5.462331635000169,8.796970391000173],[5.457583484000111,8.675547488],[5.513207559000023,8.538522623000063],[5.642851709000126,8.462919137000029],[5.782739482000011,8.427947069000084],[6.077967640000111,8.397855702000186],[6.111312818000044,8.431200870000112],[6.12513910500013,8.55563537100005],[6.208536010000103,8.732374926000091]]]}},{"type":"Feature","properties":{"adm2_pcode":"NG025001","adm2_name":"Agege","adm1_name":"Lagos"},"geometry":{"type":"Polygon","coordinates":[[[3.335250491000068,6.624185445000023],[3.307191385000124,6.647376989000065],[3.298808566000105,6.622997674000089],[3.315539825999963,6.604737054000168],[3.331356984000081,6.605445424000152],[3.335250491000068,6.624185445000023]]]}},{"type":"Feature","properties":{"adm2_pcode":"NG025002","adm2_name":"Ajeromi-Ifelodun","adm1_name":"Lagos"},"geometry":{"type":"Polygon","coordinates":[[[3.33882738799997,6.436401229000126],[3.356998175,6.453532905999964],[3.341692472000091,6.474906935000035],[3.316458920000173,6.459038160000034],[3.33882738799997,6.436401229000126]]]}},{"type":"Feature","properties":{"adm2_pcode":"NG025003","adm2_name":"Alimosho","adm1_name":"Lagos"},"geometry":{"type":"Polygon","coordinates":[[[3.307191385000124,6.647376989000065],[3.259441050000135,6.690226274000111],[3.24000762300011,6.61602544800013],[3.196181066,6.573322177000136],[3.219520795000165,6.491877450000061],[3.252965192999966,6.478459245000124],[3.290912869000067,6.495657101000063],[3.28757407300003,6.556172421000099],[3.313536843000065,6.55033163500002],[3.319921472000146,6.596654797000099],[3.298808566000105,6.622997674000089],[3.307191385000124,6.647376989000065]]]}},{"type":"Feature","properties":{"adm2_pcode":"NG025004","adm2_name":"Amuwo-Odofin","adm1_name":"Lagos"},"geometry":{"type":"Polygon","coordinates":[[[3.316458920000173,6.459038160000034],[3.32331064400006,6.501026636000176],[3.315178132000085,6.487811494000084],[3.29118756600019,6.48150867600009],[3.290912869000067,6.495657101000063],[3.242494810999972,6.476629281000044],[3.228396585000041,6.441988204000097],[3.200612776000071,6.431697970000073],[3.202145901000165,6.400765412000112],[3.406374478000089,6.390175753000108],[3.399880366000104,6.434388748000117],[3.380949058000112,6.418076174000134],[3.379137985000114,6.43323034500014],[3.335814242000083,6.428444826000032],[3.316458920000173,6.459038160000034]]]}},{"type":"Feature","properties":{"adm2_pcode":"NG025005","adm2_name":"Apapa","adm1_name":"Lagos"},"geometry":{"type":"Polygon","coordinates":[[[3.365058359000102,6.475946754000176],[3.341692472000091,6.474906935000035],[3.356998175,6.453532905999964],[3.332357884000089,6.430071473000055],[3.379137985000114,6.43323034500014],[3.380949058000112,6.418076174000134],[3.399880366000104,6.434388748000117],[3.365058359000102,6.475946754000176]]]}},{"type":"Feature","properties":{"adm2_pcode":"NG025006","adm2_name":"Badagry","adm1_name":"Lagos"},"geometry":{"type":"Polygon","coordinates":[[[3.103946204000067,6.499459311000066],[2.912132825000128,6.514171536000106],[2.886929308000106,6.5109530900001],[2.893034696000086,6.480108271000177],[2.842185499000038,6.443988688000047],[2.799232483000026,6.460095886000147],[2.744410998000092,6.449075298000082],[2.713794237000059,6.459021061000101],[2.702610966000123,6.452376882000067],[2.703980441,6.372600470000123],[3.10688689,6.409130541000081],[3.09367156400009,6.467073786000185],[3.11664581600013,6.480288902999973],[3.103946204000067,6.499459311000066]]]}},{"type":"Feature","properties":{"adm2_pcode":"NG025007","adm2_name":"Epe","adm1_name":"Lagos"},"geometry":{"type":"Polygon","coordinates":[[[4.091480698000169,6.678992647000086],[3.699962121000056,6.682374854999978],[3.682281758999977,6.639965514000153],[3.704659215,6.604873677000171],[3.642526403999966,6.550214757999981],[3.620148160000099,6.487076162000164],[3.642058130000123,6.479602258000114],[3.856750228000124,6.562026889000094],[3.959901997000145,6.499246722000123],[3.959666470000116,6.431384080000043],[3.997103413000161,6.425187169000083],[4.003656817000035,6.490732147000074],[4.071949922000158,6.433693786],[4.195358303000035,6.423658021],[4.241102759000057,6.38229992700019],[4.350837715000125,6.371037511],[4.350837749000107,6.427625099000181],[4.337199247000171,6.439528069],[4.245267316000138,6.434468201000072],[4.217325681000091,6.463053265000156],[4.161073195000142,6.474720079],[4.156153691000043,6.498784591000174],[4.222256721000065,6.537740708000115],[4.228733101000159,6.557616090000067],[4.211760601000037,6.581735105000064],[4.162237171000186,6.592182036000167],[4.109479467000028,6.54843030800015],[4.064938036000115,6.562396160000162],[4.050481298000022,6.619155887999966],[4.095231067000043,6.65151937700017],[4.091480698000169,6.678992647000086]]]}},{"type":"Feature","properties":{"adm2_pcode":"NG025008","adm2_name":"Eti-Osa","adm1_name":"Lagos"},"geometry":{"type":"Polygon","coordinates":[[[3.629457022000054,6.517911843000036],[3.589456557000062,6.526234740000064],[3.559218911000187,6.476871059000189],[3.500292555000158,6.461903530000143],[3.406318196000029,6.464496134000058],[3.398027196000101,6.406690605000165],[3.419122503000153,6.418664994000153],[3.63080310099997,6.422573109000155],[3.673037068999975,6.475641097],[3.663826953000182,6.491602414000056],[3.620148160000099,6.487076162000164],[3.629457022000054,6.517911843000036]]]}},{"type":"Feature","properties":{"adm2_pcode":"NG025009","adm2_name":"Ibeju/Lekki","adm1_name":"Lagos"},"geometry":{"type":"MultiPolygon","coordinates":[[[[3.959666470000116,6.431384080000043],[3.959901997000145,6.499246722000123],[3.848567224000021,6.563018836000026],[3.663826953000182,6.491602414000056],[3.673037068999975,6.475641097],[3.63080310099997,6.422573109000155],[3.810325156999966,6.437934308000024],[3.959666470000116,6.431384080000043]]],[[[4.241102759000057,6.38229992700019],[4.195358303000035,6.423658021],[4.071949922000158,6.433693786],[3.997103504000052,6.490765021000129],[3.997103413000161,6.425187169000083],[4.241102759000057,6.38229992700019]]]]}},{"type":"Feature","properties":{"adm2_pcode":"NG025010","adm2_name":"Ifako-Ijaye","adm1_name":"Lagos"},"geometry":{"type":"Polygon","coordinates":[[[3.344835586000102,6.672755034000147],[3.259441050000135,6.690226274000111],[3.337293838000107,6.625395255000115],[3.344835586000102,6.672755034000147]]]}},{"type":"Feature","properties":{"adm2_pcode":"NG025011","adm2_name":"Ikeja","adm1_name":"Lagos"},"geometry":{"type":"Polygon","coordinates":[[[3.370129142000167,6.641183662],[3.352653629000088,6.658717711000122],[3.342293468999969,6.650308967],[3.336869918000048,6.613312710000059],[3.315539825999963,6.604737054000168],[3.313536843000065,6.55033163500002],[3.339713045000167,6.587204634999978],[3.352580998,6.554777732000048],[3.368380118000061,6.557161007],[3.382953448000023,6.593806693000033],[3.365811318000112,6.617477992999966],[3.370129142000167,6.641183662]]]}},{"type":"Feature","properties":{"adm2_pcode":"NG025012","adm2_name":"Ikorodu","adm1_name":"Lagos"},"geometry":{"type":"Polygon","coordinates":[[[3.699962121000056,6.682374854999978],[3.459111612000129,6.687321545000032],[3.464591333000101,6.668950854000116],[3.442200700000171,6.670141268000066],[3.457663547000152,6.639433479000104],[3.434690753000041,6.639135703000136],[3.435331820000101,6.620542640000167],[3.465509415000042,6.585466483000062],[3.481291506000161,6.591194661000088],[3.467783440000176,6.550670514000046],[3.484390012,6.535755014000131],[3.56329605600007,6.531301030000066],[3.59035206600015,6.558677125000031],[3.642526403999966,6.550214757999981],[3.698787945000049,6.597031152999989],[3.682281758999977,6.639965514000153],[3.699962121000056,6.682374854999978]]]}},{"type":"Feature","properties":{"adm2_pcode":"NG025013","adm2_name":"Kosofe","adm1_name":"Lagos"},"geometry":{"type":"Polygon","coordinates":[[[3.434690753000041,6.639135703000136],[3.370129142000167,6.641183662],[3.365684059000159,6.630534650000186],[3.382953448000023,6.593806693000033],[3.368380118000061,6.557161007],[3.39762044600019,6.549210893000179],[3.408886174000088,6.526292315000148],[3.41147397400016,6.559661882000057],[3.432192068000177,6.553639948000068],[3.465509415000042,6.585466483000062],[3.434690753000041,6.639135703000136]]]}},{"type":"Feature","properties":{"adm2_pcode":"NG025014","adm2_name":"Lagos Island","adm1_name":"Lagos"},"geometry":{"type":"Polygon","coordinates":[[[3.406318196000029,6.464496134000058],[3.387251623000168,6.466870736000089],[3.375053161000153,6.456705018000093],[3.399880366000104,6.434388748000117],[3.406318196000029,6.464496134000058]]]}},{"type":"Feature","properties":{"adm2_pcode":"NG025015","adm2_name":"Lagos Mainland","adm1_name":"Lagos"},"geometry":{"type":"Polygon","coordinates":[[[3.405478275000121,6.523253338000131],[3.368411839000089,6.523363913000139],[3.364403493000054,6.468319394000048],[3.394038714000089,6.468209752],[3.405478275000121,6.523253338000131]]]}},{"type":"Feature","properties":{"adm2_pcode":"NG025016","adm2_name":"Mushin","adm1_name":"Lagos"},"geometry":{"type":"Polygon","coordinates":[[[3.367718297000067,6.55717796100015],[3.33927036100016,6.548194787000114],[3.324479816000178,6.500229991000026],[3.368344047000164,6.518561858999988],[3.367718297000067,6.55717796100015]]]}},{"type":"Feature","properties":{"adm2_pcode":"NG025017","adm2_name":"Ojo","adm1_name":"Lagos"},"geometry":{"type":"Polygon","coordinates":[[[3.250477102000104,6.478355464000174],[3.219520795000165,6.491877450000061],[3.203960405000032,6.529477442000143],[3.174613267000097,6.507490034000057],[3.103946204000067,6.499459311000066],[3.11664581600013,6.480288902999973],[3.09367156400009,6.467073786000185],[3.10688689,6.409130541000081],[3.047050778000028,6.39556315700014],[3.202145901000165,6.400765412000112],[3.200612776000071,6.431697970000073],[3.228396585000041,6.441988204000097],[3.250477102000104,6.478355464000174]]]}},{"type":"Feature","properties":{"adm2_pcode":"NG025018","adm2_name":"Oshodi-Isolo","adm1_name":"Lagos"},"geometry":{"type":"Polygon","coordinates":[[[3.352580998,6.554777732000048],[3.339713045000167,6.587204634999978],[3.318274972000154,6.551136036],[3.28757407300003,6.556172421000099],[3.29118756600019,6.48150867600009],[3.315178132000085,6.487811494000084],[3.352580998,6.554777732000048]]]}},{"type":"Feature","properties":{"adm2_pcode":"NG025019","adm2_name":"Shomolu","adm1_name":"Lagos"},"geometry":{"type":"Polygon","coordinates":[[[3.368380118000061,6.557161007],[3.368411839000089,6.523363913000139],[3.408886174000088,6.526292315000148],[3.39762044600019,6.549210893000179],[3.368380118000061,6.557161007]]]}},{"type":"Feature","properties":{"adm2_pcode":"NG025020","adm2_name":"Surulere","adm1_name":"Lagos"},"geometry":{"type":"Polygon","coordinates":[[[3.368344047000164,6.518561858999988],[3.32354770600017,6.501919409000038],[3.316458920000173,6.459038160000034],[3.365058359000102,6.475946754000176],[3.368344047000164,6.518561858999988]]]}},{"type":"Feature","properties":{"adm2_pcode":"NG026001","adm2_name":"Akwanga","adm1_name":"Nasarawa"},"geometry":{"type":"Polygon","coordinates":[[[8.524262374999978,8.90537412500015],[8.473918935000142,9.072973297999965],[8.387766659000022,9.175688801000149],[8.294405780000034,9.204573730000106],[8.251018157999965,9.19097581799997],[8.238259575000143,9.139926757000069],[8.16540623000003,9.071158112000091],[8.197204561000149,9.025838263000082],[8.202288948999978,8.959921529000042],[8.231142104000185,8.940024237999978],[8.251306528000043,8.853443818000187],[8.27617028100019,8.875599544000124],[8.270147544000054,8.922724599000105],[8.336337904000118,8.8957330180001],[8.370263561000058,8.916039370000021],[8.405342539000117,8.89890967500014],[8.524262374999978,8.90537412500015]]]}},{"type":"Feature","properties":{"adm2_pcode":"NG026002","adm2_name":"Awe","adm1_name":"Nasarawa"},"geometry":{"type":"Polygon","coordinates":[[[9.273347147000152,8.463870887000098],[9.174925971000107,8.467225953000025],[9.13239408800007,8.428657547000114],[9.097158672000035,8.440607017000104],[9.101412669000183,8.473614694000105],[9.06993490100001,8.487661259000106],[9.049360359000161,8.519665751000161],[9.019470297000055,8.509875242000021],[8.988257193000152,8.52288545600004],[8.976010239000061,8.484859377000134],[9.00774274400004,8.406078311000101],[9.020703952000076,8.280022351000014],[8.945738795000011,8.250147881000032],[8.944259782000131,8.231074204000038],[9.023369558000184,8.139190679000137],[9.130944984000053,7.930758902999969],[9.173732415000131,7.905212294000023],[9.335518035000064,7.985507863000066],[9.415376428000116,8.06192500700007],[9.38694678500002,8.148825743000089],[9.41182341900003,8.176929396000048],[9.323423626000078,8.253451275000145],[9.36327667200004,8.34053698300005],[9.389716939999971,8.349109536000128],[9.492509578000067,8.303939797000112],[9.609673514000121,8.29127222000011],[9.617530084000066,8.302932677000115],[9.621475490000023,8.38899316900006],[9.571774599000094,8.42888348200006],[9.4916242810001,8.430870612000149],[9.36240330600009,8.489967542999977],[9.273347147000152,8.463870887000098]]]}},{"type":"Feature","properties":{"adm2_pcode":"NG026003","adm2_name":"Doma","adm1_name":"Nasarawa"},"geometry":{"type":"Polygon","coordinates":[[[8.443530227,8.425130882000076],[8.390136129000155,8.493022104000033],[8.29062837000015,8.538022482000144],[8.26651053,8.521155660999966],[8.237116916000161,8.440450966000071],[8.191480567000099,8.379474733000166],[8.103382821000139,8.361150617000135],[8.058278336000058,8.325206685000069],[8.078011514000139,8.308292500000107],[8.156241275000127,8.294197204000056],[8.168222322000133,8.213147094000021],[8.162584110000068,8.161699308000095],[8.061801776000095,8.090516912000112],[8.047706555000104,8.029201474000104],[8.063361437000083,7.925603133000095],[8.092413127000043,7.904586951000056],[8.143574721000107,7.903624949000061],[8.101983316000087,7.867123959000082],[8.183121598000128,7.85317268200015],[8.403155590000097,7.766182888000174],[8.41199402400008,7.776416914000151],[8.392920342000025,7.820144546000108],[8.405386953000061,7.861023544000091],[8.36451063800007,7.920345803000089],[8.36029632800006,7.987276193000184],[8.390506523000056,8.077907638000056],[8.472741367000026,8.142471808000096],[8.469042618000174,8.325599383000053],[8.443530227,8.425130882000076]]]}},{"type":"Feature","properties":{"adm2_pcode":"NG026004","adm2_name":"Karu","adm1_name":"Nasarawa"},"geometry":{"type":"Polygon","coordinates":[[[7.997315167000181,9.317783487000156],[7.999076890000026,9.354002787000013],[7.92067049800005,9.405098668000107],[7.833882416000108,9.310784406000039],[7.740754213000059,9.348780955000166],[7.667606114000023,9.303650689000165],[7.588679113000126,9.129055956000059],[7.591669137000054,8.83487518700008],[7.518496926000012,8.698686511000062],[7.725535823000143,8.713538264000135],[7.928194567000105,8.651935723000122],[7.927336784999966,8.835207170000103],[7.912384929000098,8.838838747000125],[7.864478700000177,8.802314799000044],[7.828633874000161,8.80523888700003],[7.803547120000133,8.88370263100012],[7.819358649000037,8.927613115999975],[7.886312558000157,8.962852361000103],[7.949742582000113,9.06504419700019],[8.03533697600011,9.076638083000091],[8.071514216000082,9.1474293980001],[8.106128437000109,9.1738141350001],[8.11490948800008,9.224345663000122],[7.997315167000181,9.317783487000156]]]}},{"type":"Feature","properties":{"adm2_pcode":"NG026005","adm2_name":"Keana","adm1_name":"Nasarawa"},"geometry":{"type":"Polygon","coordinates":[[[8.942127258000085,8.243443382000123],[8.959122656000147,8.281416781000132],[8.890951964000124,8.273079902000177],[8.831304235,8.303553158],[8.74480152500007,8.259347076000097],[8.596670761000155,8.253011246000028],[8.553165127000113,8.267967028999976],[8.506908695000163,8.337436631000173],[8.465081881000117,8.354595476000156],[8.472741367000026,8.142471808000096],[8.503682833000084,8.158167761000186],[8.588485535000075,8.156070427000031],[8.621654845000023,8.120214861000022],[8.780536437000023,8.07520205000003],[8.910846894000088,8.056263920000163],[9.025375094000026,8.062576341000124],[9.056972797000071,8.07764538400005],[9.008656216000134,8.16076946000004],[8.947597582000071,8.22256463600013],[8.942127258000085,8.243443382000123]]]}},{"type":"Feature","properties":{"adm2_pcode":"NG026006","adm2_name":"Keffi","adm1_name":"Nasarawa"},"geometry":{"type":"Polygon","coordinates":[[[7.927336784999966,8.835207170000103],[7.905860330000166,8.889168037000047],[7.81258902400009,8.909842793000053],[7.812470478000023,8.824859437000043],[7.828633874000161,8.80523888700003],[7.864478700000177,8.802314799000044],[7.912384929000098,8.838838747000125],[7.927336784999966,8.835207170000103]]]}},{"type":"Feature","properties":{"adm2_pcode":"NG026007","adm2_name":"Kokona","adm1_name":"Nasarawa"},"geometry":{"type":"Polygon","coordinates":[[[8.16540623000003,9.071158112000091],[8.107876980000128,9.052711628000054],[8.098590705000106,9.162779951],[8.084530758000028,9.156665544000134],[8.03533697600011,9.076638083000091],[7.949742582000113,9.06504419700019],[7.886312558000157,8.962852361000103],[7.819358649000037,8.927613115999975],[7.81258902400009,8.909842793000053],[7.888047498000162,8.89978433500005],[7.91764104400005,8.876198775000091],[7.933444499000132,8.761110264000024],[7.90662066100009,8.543200894000165],[8.08453299000007,8.351887236000096],[8.191480567000099,8.379474733000166],[8.237116916000161,8.440450966000071],[8.26651053,8.521155660999966],[8.29062837000015,8.538022482000144],[8.17619358200011,8.565755069000147],[8.216235230000109,8.687109080000084],[8.251914974000101,8.695918903000063],[8.258962668000095,8.718824298000186],[8.238700005000169,8.739086233000023],[8.25455755500019,8.843040191000114],[8.231142104000185,8.940024237999978],[8.202288948999978,8.959921529000042],[8.197204561000149,9.025838263000082],[8.16540623000003,9.071158112000091]]]}},{"type":"Feature","properties":{"adm2_pcode":"NG026008","adm2_name":"Lafia","adm1_name":"Nasarawa"},"geometry":{"type":"Polygon","coordinates":[[[9.060153692000142,9.020597519000091],[8.927272734999974,9.016075088999969],[8.89030463000006,8.92696604800011],[8.823932031000027,8.862127282000074],[8.776456920999976,8.841138721000164],[8.639021923000087,8.826942413000097],[8.70869747900008,8.784896928000137],[8.713102185000025,8.768158184000185],[8.694602270000132,8.713538263000032],[8.639101074000166,8.663322300000118],[8.485812115000044,8.650989670000058],[8.40035810500018,8.60870257400012],[8.336047170000086,8.619274148000159],[8.26733236399997,8.55848797700014],[8.243545634000043,8.56641579100011],[8.251914974000101,8.695918903000063],[8.228568915000153,8.695037808999984],[8.188925513000072,8.626321656000073],[8.17619358200011,8.565755069000147],[8.308751691000168,8.533251568000082],[8.390136129000155,8.493022104000033],[8.457186180000065,8.416877219000071],[8.550227114000108,8.400156160000108],[8.568538283,8.443397098000105],[8.634132768000143,8.477533150000113],[8.706057284000053,8.482006013000102],[8.829402140000127,8.404025931999968],[9.00857616899998,8.40040402600016],[8.975092667000126,8.47333424400017],[8.98343153899998,8.596580632000098],[8.951176418000102,8.621312075000105],[8.940243882000061,8.667230721000124],[8.91394714300003,8.686176204000162],[8.891933419000054,8.740353659000107],[8.90719671200003,8.775965590000112],[8.945146484000134,8.799559834999968],[8.958789974000126,8.849521869000114],[9.016206831000034,8.857862373000103],[9.071894816999986,8.945277061000013],[9.060153692000142,9.020597519000091]]]}},{"type":"Feature","properties":{"adm2_pcode":"NG026009","adm2_name":"Nasarawa","adm1_name":"Nasarawa"},"geometry":{"type":"Polygon","coordinates":[[[7.928194567000105,8.651935723000122],[7.725535823000143,8.713538264000135],[7.518496926000012,8.698686511000062],[7.493228465000186,8.65073673300003],[7.512379262000138,8.646954617000063],[7.591598395000062,8.51833169400004],[7.494116424000026,8.45803385500011],[7.431847034000157,8.39691248500003],[7.442593872000089,8.34535315700009],[7.432968555000116,8.268348649000131],[7.381631941000137,8.144820195000136],[7.404485174000172,8.04296491499997],[7.583472535000055,8.037686194000116],[7.879907328000058,7.985363015000132],[8.06291611600011,7.92698881300015],[8.049820971000088,8.057392108000101],[8.061801776000095,8.090516912000112],[8.162584110000068,8.161699308000095],[8.16399393000006,8.278691201000015],[8.146374896999987,8.299835206000068],[8.061096905000113,8.318159013000127],[8.08453299000007,8.351887236000096],[7.911206304000189,8.53543322000013],[7.928194567000105,8.651935723000122]]]}},{"type":"Feature","properties":{"adm2_pcode":"NG026010","adm2_name":"Nasarawa-Eggon","adm1_name":"Nasarawa"},"geometry":{"type":"Polygon","coordinates":[[[8.524262374999978,8.90537412500015],[8.405342539000117,8.89890967500014],[8.370263561000058,8.916039370000021],[8.336337904000118,8.8957330180001],[8.270147544000054,8.922724599000105],[8.27617028100019,8.875599544000124],[8.251306528000043,8.853443818000187],[8.238699667000105,8.752301404000036],[8.24222397800014,8.721467139000083],[8.258962668000095,8.718824298000186],[8.242664575999981,8.673013636000178],[8.25676087100004,8.644822208000107],[8.243545634000043,8.56641579100011],[8.277903618000153,8.563773115000117],[8.311380549999967,8.610464928000113],[8.336047170000086,8.619274148000159],[8.40035810500018,8.60870257400012],[8.485812115000044,8.650989670000058],[8.639101074000166,8.663322300000118],[8.677863259000048,8.691513881000105],[8.706546869000135,8.733104686000104],[8.70869747900008,8.784896928000137],[8.639548166,8.823659139000029],[8.579195244000118,8.799873475000027],[8.509598552000057,8.82453986000013],[8.500347902999977,8.837755250000043],[8.531182388000161,8.879159725000079],[8.524262374999978,8.90537412500015]]]}},{"type":"Feature","properties":{"adm2_pcode":"NG026011","adm2_name":"Obi","adm1_name":"Nasarawa"},"geometry":{"type":"Polygon","coordinates":[[[9.00857616899998,8.40040402600016],[8.829402140000127,8.404025931999968],[8.706057284000053,8.482006013000102],[8.634132768000143,8.477533150000113],[8.568538283,8.443397098000105],[8.550227114000108,8.400156160000108],[8.443530227,8.425130882000076],[8.465081881000117,8.354595476000156],[8.506908695000163,8.337436631000173],[8.553165127000113,8.267967028999976],[8.596670761000155,8.253011246000028],[8.74480152500007,8.259347076000097],[8.831304235,8.303553158],[8.890951964000124,8.273079902000177],[8.959122656000147,8.281416781000132],[8.956422337999982,8.254094358000145],[8.988745191000021,8.262345731000096],[9.020703952000076,8.280022351000014],[9.00857616899998,8.40040402600016]]]}},{"type":"Feature","properties":{"adm2_pcode":"NG026012","adm2_name":"Toto","adm1_name":"Nasarawa"},"geometry":{"type":"Polygon","coordinates":[[[7.404485174000172,8.04296491499997],[7.381631941000137,8.144820195000136],[7.432968555000116,8.268348649000131],[7.442593872000089,8.34535315700009],[7.431847034000157,8.39691248500003],[7.494116424000026,8.45803385500011],[7.591598395000062,8.51833169400004],[7.499545269000066,8.650162666000028],[7.355688874000066,8.51244291200004],[7.116741289,8.46622187800017],[6.984174740000185,8.459377342000153],[6.934631299000102,8.310421832999964],[7.002655441000059,8.167018791000089],[6.97094158900012,8.030051162000063],[6.978295218000028,7.985927653000147],[6.952556542000082,7.917903358999979],[6.963587837000034,7.879294880000032],[6.994654750000052,7.925270790000184],[7.052934449000134,7.932279774000165],[7.253840822000143,8.015046954000127],[7.404485174000172,8.04296491499997]]]}},{"type":"Feature","properties":{"adm2_pcode":"NG026013","adm2_name":"Wamba","adm1_name":"Nasarawa"},"geometry":{"type":"Polygon","coordinates":[[[8.927272734999974,9.016075088999969],[8.798154860000182,9.031578333000027],[8.799438432000159,9.071156268000095],[8.760068892,9.105177133000097],[8.764998372000036,9.16524126100012],[8.667521241000031,9.189869605000013],[8.657099450000032,9.226499106],[8.626448106000055,9.191892307000046],[8.611172395000096,9.105943630000183],[8.566833533000022,9.060831114000052],[8.554131472000051,9.020358844000157],[8.504346156000167,9.001431368000112],[8.531182388000161,8.879159725000079],[8.500347902999977,8.837755250000043],[8.579195244000118,8.799873475000027],[8.659679155000049,8.83540179800002],[8.79947642400009,8.847343728999988],[8.89030463000006,8.92696604800011],[8.927272734999974,9.016075088999969]]]}},{"type":"Feature","properties":{"adm2_pcode":"NG027001","adm2_name":"Agaie","adm1_name":"Niger"},"geometry":{"type":"Polygon","coordinates":[[[6.526823941000089,9.229965097],[6.484598515000073,9.244264802000032],[6.467775739000103,9.282957217000046],[6.403008030000024,9.280433710000011],[6.390390736000029,9.25099349500016],[6.307959032999975,9.191272528000184],[6.298706561000074,9.146692340000016],[6.322258467999973,9.105476496000051],[6.26814343500007,9.046885044000078],[6.286341946999983,8.914395332000083],[6.276175796000075,8.859329379000144],[6.325509526000076,8.852066208000053],[6.346645996000063,8.774584404000052],[6.320099359000153,8.736513786999978],[6.387026411000079,8.691634161000081],[6.384096722999971,8.644262261000051],[6.410115761000043,8.595393092000052],[6.467980269000122,8.579115731000172],[6.501017188000105,8.587782005000122],[6.535678263000136,8.627859103],[6.546510209000189,8.690682360000153],[6.534594871000024,8.748631751000062],[6.575755473000186,8.786542993000182],[6.599043880000181,8.842867956000134],[6.579005100000018,8.932770952000055],[6.601603608000062,8.98843294400018],[6.529957201000173,9.126461574000189],[6.538474086000065,9.19160672400011],[6.526823941000089,9.229965097]]]}},{"type":"Feature","properties":{"adm2_pcode":"NG027002","adm2_name":"Agwara","adm1_name":"Niger"},"geometry":{"type":"Polygon","coordinates":[[[4.741997292000178,10.873195546000147],[4.6970493930001,10.930759109000121],[4.644910535000122,10.940068258000053],[4.626578816000119,10.915440411000077],[4.587351770000055,10.906388158000084],[4.539826386000072,10.919966986000077],[4.429085009,10.883934962000183],[4.343673701000114,10.911533459999987],[4.352260603000047,10.796083354000189],[4.373899483000059,10.740687182000045],[4.312444284000151,10.547665393000102],[4.398689557000068,10.546803817000068],[4.476241538000068,10.594141397999977],[4.510856909999973,10.535522782000044],[4.606965007000042,10.575974637000115],[4.689191289000064,10.642358854000179],[4.741997292000178,10.873195546000147]]]}},{"type":"Feature","properties":{"adm2_pcode":"NG027003","adm2_name":"Bida","adm1_name":"Niger"},"geometry":{"type":"Polygon","coordinates":[[[6.05498878800006,9.111719024000024],[6.026967157000115,9.13752867400018],[5.99525730300013,9.124255032000065],[5.972455844000081,9.067770212000084],[6.025864301000183,9.061228554000081],[6.05498878800006,9.111719024000024]]]}},{"type":"Feature","properties":{"adm2_pcode":"NG027004","adm2_name":"Borgu","adm1_name":"Niger"},"geometry":{"type":"Polygon","coordinates":[[[4.347932747000073,10.905144536000023],[4.28820849400006,10.928515406000031],[4.288208534000034,10.980448987999978],[4.256182704000025,10.985642705000146],[4.213769894000109,11.030652027000087],[3.993915750999975,11.017668509000146],[3.890913258000069,11.054022585000041],[3.793969656000058,11.11288047100004],[3.722127653000143,11.127595699000096],[3.716934239000125,11.028055222000091],[3.759346957000162,10.996894999000176],[3.771464826000113,10.925052433000076],[3.750691399000061,10.81858803300014],[3.791373056000111,10.739821255000038],[3.84338206200016,10.698880155000097],[3.851962517000175,10.594405871000106],[3.818205575000093,10.537279044000059],[3.787045195000076,10.405712305000122],[3.691832822000038,10.457646142000044],[3.649420043000077,10.436872620000031],[3.58709905000012,10.267221501999984],[3.614098044000059,10.219825641],[3.703017207000073,10.152737685999966],[3.715393776000099,10.089399265000054],[3.730682397000066,10.068287141000098],[3.743058938000104,10.084304042000099],[3.775092104000066,10.033341587000052],[3.788196553000148,10.034069049000038],[3.784556419000012,10.0624628],[3.818045698000105,10.0668306500001],[3.903416333999985,10.019194762000097],[3.890322237000078,10.015920603000154],[3.887048768000056,9.988095440000109],[3.949246105999975,9.991369079000037],[3.934515234000116,9.966817891000062],[3.970524137999973,9.94881335600013],[3.934515238000074,9.927535018000071],[3.945972466,9.907892987000025],[3.980017411000063,9.906583608000119],[3.985255249000033,9.893489774000102],[4.002277808000088,9.906583506000118],[4.021918801000083,9.856825623000077],[4.083461784000178,9.851588052000068],[4.095246316000157,9.87777723500011],[4.114887674000101,9.881705516000125],[4.118815909000148,9.855516345000126],[4.152861122000047,9.862063141000021],[4.350583491,9.588395326000125],[4.50116677200009,9.440430649],[4.609726900000055,9.361758013999975],[4.611144961000036,9.436298399000066],[4.55245831600007,9.50747116700012],[4.542469104000077,9.561162853000098],[4.609896246,9.704133748],[4.636742170000105,9.719741977000126],[4.621134308000137,9.827125564000028],[4.57992891300006,9.879569031000187],[4.592415285000016,9.902668724000023],[4.572436750000179,9.975714785000093],[4.58554741100005,10.033777430000157],[4.526861212000085,10.111193731000128],[4.568690776000039,10.2460480740001],[4.541819514000167,10.287129579000066],[4.482961218000071,10.328677284000037],[4.485557995000079,10.469764763000114],[4.510856909999973,10.535522782000044],[4.494577925000158,10.577667315000042],[4.457526469000129,10.59082018800018],[4.398689557000068,10.546803817000068],[4.309847851000029,10.554590431],[4.373899483000059,10.740687182000045],[4.356588349000049,10.771847752000042],[4.347932747000073,10.905144536000023]]]}},{"type":"Feature","properties":{"adm2_pcode":"NG027005","adm2_name":"Bosso","adm1_name":"Niger"},"geometry":{"type":"Polygon","coordinates":[[[6.648762681000164,9.535008319000042],[6.669649989000163,9.573150669000086],[6.682267308000064,9.677451824000173],[6.620022819000042,9.722873430000163],[6.588059404000091,9.780912359000183],[6.553572314000178,9.796052961000044],[6.486280838000084,9.810352167000133],[6.411326526000153,9.749959249000085],[6.293567176000181,9.708875194000086],[6.223156923000033,9.707136013000024],[6.197769508000135,9.680816411000137],[6.20029299800018,9.579038790000084],[6.22973295200012,9.536981863999983],[6.210659038000074,9.499354580000102],[6.27094885300005,9.462120251000158],[6.280201311000155,9.402399316000015],[6.365997671000116,9.388941077000027],[6.421513155000184,9.427633408000133],[6.480735704000097,9.423735781000175],[6.473663774000102,9.467166710000186],[6.50226260800008,9.517635082000083],[6.558619099000055,9.536981463000075],[6.648762681000164,9.535008319000042]],[[6.559460090000073,9.658105793000061],[6.58813356100012,9.618346072000065],[6.583602379000183,9.59185916500013],[6.551586280000151,9.579256517999966],[6.49132782300012,9.593338085000084],[6.510865020000097,9.642926579],[6.559460090000073,9.658105793000061]]]}},{"type":"Feature","properties":{"adm2_pcode":"NG027006","adm2_name":"Chanchaga","adm1_name":"Niger"},"geometry":{"type":"Polygon","coordinates":[[[6.559460090000073,9.658105793000061],[6.510865020000097,9.642926579],[6.49132782300012,9.593338085000084],[6.551586280000151,9.579256517999966],[6.583602379000183,9.59185916500013],[6.58813356100012,9.618346072000065],[6.559460090000073,9.658105793000061]]]}},{"type":"Feature","properties":{"adm2_pcode":"NG027007","adm2_name":"Edati","adm1_name":"Niger"},"geometry":{"type":"Polygon","coordinates":[[[5.82613091900015,9.155597199000113],[5.796534705000056,9.128436490000183],[5.774566616000072,9.174907795000024],[5.748113217000025,9.16589204100012],[5.667654938000055,9.192703273000177],[5.625376607000021,9.188253517000078],[5.552049975000102,9.145068280000146],[5.499187656000061,9.140226293000183],[5.515006660000097,9.119525106000026],[5.502816080000059,9.105302769],[5.432722117000026,9.102763139],[5.407071621000057,9.067208487000016],[5.474118350000083,9.04892367400015],[5.535069415,8.977305520000186],[5.765922888000034,8.89806861000011],[5.83754069500003,8.944290359000092],[5.80503324600005,9.006765413000096],[5.79944611500008,9.052986117000103],[5.82613091900015,9.155597199000113]]]}},{"type":"Feature","properties":{"adm2_pcode":"NG027008","adm2_name":"Gbako","adm1_name":"Niger"},"geometry":{"type":"Polygon","coordinates":[[[6.220836187000032,9.52676483],[6.203211295000131,9.541637200000082],[6.173390306000044,9.532230209000033],[6.133155886000111,9.579245323000066],[6.089647691000096,9.555648084000097],[5.96037408799998,9.551151596000182],[5.91467374500013,9.505005491000077],[5.89939270900004,9.381615408000073],[5.85514695300003,9.291650851999975],[5.847772498000097,9.155964182000162],[5.819750818999978,9.071898632000057],[5.824313258000132,9.018797662999987],[5.860309222000183,8.977507407000132],[5.970922582000071,9.065260961000035],[5.99525730300013,9.124255032000065],[6.026967157000115,9.13752867400018],[6.058862181000165,9.111569666000094],[6.082273563000115,9.153752599000029],[6.123392840000179,9.10106302500003],[6.14355791700001,9.094497815000011],[6.170027126000093,9.113931868000122],[6.184311395000123,9.175291159000096],[6.21711590200016,9.190431686000068],[6.222162696000112,9.20893669700007],[6.145618993000028,9.253517032000161],[6.152348153000105,9.294733228000155],[6.127954989000102,9.312396804000059],[6.146460180000076,9.391464240000118],[6.172535381000102,9.418380972000023],[6.176741023999966,9.475578149000057],[6.210659038000074,9.499354580000102],[6.220836187000032,9.52676483]]]}},{"type":"Feature","properties":{"adm2_pcode":"NG027009","adm2_name":"Gurara","adm1_name":"Niger"},"geometry":{"type":"Polygon","coordinates":[[[7.262890080000147,9.35456244500017],[7.256255540000097,9.375785765000103],[7.289505812000186,9.425437218000184],[7.221594366000147,9.447816876],[7.211304339000094,9.500891836000108],[7.162020198000164,9.479228021999972],[7.09973814000017,9.477062053000111],[7.095946802000128,9.452149379000105],[7.11381919500019,9.44727516600011],[7.114902099000062,9.428861716000029],[7.009293547000084,9.416404876000115],[6.936641436000116,9.36542876600015],[6.891453493000029,9.39357929800019],[6.838694662000023,9.392575105000105],[6.861982838000074,9.355747068000028],[6.835444952000103,9.329750770999965],[6.831925007000109,9.289673533000098],[6.783182105000094,9.339499721000152],[6.743646731000126,9.33137595500017],[6.762422953000055,9.273104281000144],[6.745879956000067,9.202765624000051],[6.77082410600002,9.133615364000036],[6.795526473999985,9.112392936],[6.800290570000186,9.225106816000107],[7.043642942000076,9.232153884000184],[7.156177129000127,9.146846621000122],[7.140099968000129,9.185816176000117],[7.147938624000176,9.278842078000139],[7.188350980000109,9.296070562000125],[7.201896417000057,9.263401149],[7.246604411000135,9.271653585000024],[7.234623101000182,9.300832502000105],[7.262890080000147,9.35456244500017]]]}},{"type":"Feature","properties":{"adm2_pcode":"NG027010","adm2_name":"Katcha","adm1_name":"Niger"},"geometry":{"type":"Polygon","coordinates":[[[6.480735704000097,9.423735781000175],[6.421513155000184,9.427633408000133],[6.378614854000034,9.391464205000034],[6.35127470700013,9.389253329000098],[6.270948827000041,9.405763415000138],[6.27094885300005,9.462120251000158],[6.210659038000074,9.499354580000102],[6.176741023999966,9.475578149000057],[6.172535381000102,9.418380972000023],[6.146460180000076,9.391464240000118],[6.127954989000102,9.312396804000059],[6.152348153000105,9.294733228000155],[6.145618993000028,9.253517032000161],[6.175899971000092,9.245105711000065],[6.221321683000099,9.199684159000128],[6.184311395000123,9.175291159000096],[6.170027126000093,9.113931868000122],[6.144837403,9.101747304000071],[6.147884740000165,9.067208393000044],[6.110298126000089,9.015907973000026],[6.138234054000122,8.933115715000099],[6.137726331000124,8.873687952000068],[6.177344904000051,8.811720822000154],[6.16058294600009,8.791911353000046],[6.186487577000037,8.77006997899997],[6.320099359000153,8.736513786999978],[6.346645996000063,8.774584404000052],[6.325509526000076,8.852066208000053],[6.276175796000075,8.859329379000144],[6.286341946999983,8.914395332000083],[6.268810141000188,9.051049176000163],[6.322258467999973,9.105476496000051],[6.298706561000074,9.146692340000016],[6.307959032999975,9.191272528000184],[6.390390736000029,9.25099349500016],[6.403008030000024,9.280433710000011],[6.467775739000103,9.282957217000046],[6.484598515000073,9.244264802000032],[6.526823941000089,9.229965097],[6.487963063999985,9.296415091000085],[6.503103726000063,9.31407931700005],[6.506468392000102,9.37632348700015],[6.480735704000097,9.423735781000175]]]}},{"type":"Feature","properties":{"adm2_pcode":"NG027011","adm2_name":"Kontagora","adm1_name":"Niger"},"geometry":{"type":"Polygon","coordinates":[[[5.711857785000177,10.234745796000027],[5.679864146,10.289648032000173],[5.696820514000024,10.357115066000063],[5.673483311000098,10.539672635000102],[5.626979646000052,10.582006965000062],[5.571575634000112,10.67397238600006],[5.493346724000162,10.615872056000171],[5.463543088000108,10.565070119999973],[5.396772212000087,10.57726985800008],[5.355644866000034,10.62116413200016],[5.322294128000124,10.55566237500011],[5.348124852000069,10.422668074000171],[5.336462435000101,10.378027247000091],[5.314765585000089,10.36075108000017],[5.224419984000065,10.356568083000184],[5.173681889000079,10.292115028000183],[5.32564031000004,10.242800892000048],[5.40678352600014,10.246146352000096],[5.458452684000122,10.200256122999974],[5.5012381680001,10.246901330000014],[5.612569896000082,10.216030934],[5.711857785000177,10.234745796000027]]]}},{"type":"Feature","properties":{"adm2_pcode":"NG027012","adm2_name":"Lapai","adm1_name":"Niger"},"geometry":{"type":"Polygon","coordinates":[[[6.795526473999985,9.112392936],[6.77082410600002,9.133615364000036],[6.745879956000067,9.202765624000051],[6.762422953000055,9.273104281000144],[6.743646731000126,9.33137595500017],[6.783182105000094,9.339499721000152],[6.831925007000109,9.289673533000098],[6.835444952000103,9.329750770999965],[6.861982838000074,9.355747068000028],[6.837201546000131,9.387348901000053],[6.72306621700011,9.352498149000041],[6.724691005000068,9.277759340999978],[6.682447392000029,9.219809771000143],[6.634246243000064,9.22089282800016],[6.621789964000129,9.237140650000129],[6.533417000000156,9.22373268900003],[6.529957201000173,9.126461574000189],[6.601603608000062,8.98843294400018],[6.579005100000018,8.932770952000055],[6.599043880000181,8.842867956000134],[6.575755473000186,8.786542993000182],[6.534594871000024,8.748631751000062],[6.546510209000189,8.690682360000153],[6.535678263000136,8.627859103],[6.486394360000077,8.579115866000109],[6.410115761000043,8.595393092000052],[6.452945710000051,8.448309082000094],[6.608298331000185,8.314098467000065],[6.691258404000052,8.183006379000062],[6.712633242000095,8.201951013000098],[6.719986854000126,8.274571459000072],[6.761353148000069,8.272732820000044],[6.751241306999987,8.304905798],[6.766868595000176,8.30858328200003],[6.772384208000119,8.335241333999988],[6.807315304000042,8.342595105000157],[6.837650704000168,8.396831477999967],[6.824781385,8.404185285000096],[6.82764408800017,8.453450603000135],[6.778666576000148,8.453830541000116],[6.795526473999985,9.112392936]]]}},{"type":"Feature","properties":{"adm2_pcode":"NG027013","adm2_name":"Lavun","adm1_name":"Niger"},"geometry":{"type":"Polygon","coordinates":[[[5.707648372000108,9.610616441000104],[5.541902886000116,9.730631795000022],[5.398176617000047,9.682385417000091],[5.324008624000044,9.678523588000019],[5.302544580000131,9.654431637000187],[5.287321549000069,9.54445586300011],[5.330374607000181,9.5258676790001],[5.429928319000169,9.425805911000054],[5.414182750000066,9.351139986000021],[5.500784431000113,9.27698313500008],[5.501799931000107,9.212475834000031],[5.483328013000119,9.176687974000117],[5.499187656000061,9.140226293000183],[5.552049975000102,9.145068280000146],[5.656647305000092,9.19380395900015],[5.748113217000025,9.16589204100012],[5.774566616000072,9.174907795000024],[5.80039883500001,9.129019317000143],[5.827636146000089,9.159651790000112],[5.82286698900009,9.261357661000034],[5.89303392100004,9.481610976000184],[5.833499438000104,9.509716044000186],[5.798276069000053,9.48219659400013],[5.780297393000012,9.489535149000062],[5.742137828000068,9.526592952000158],[5.707648372000108,9.610616441000104]]]}},{"type":"Feature","properties":{"adm2_pcode":"NG027014","adm2_name":"Magama","adm1_name":"Niger"},"geometry":{"type":"Polygon","coordinates":[[[5.355644866000034,10.62116413200016],[5.349381513000026,10.766348641000093],[5.296368161000032,10.738646431000177],[5.265409812000144,10.758938987000022],[5.265410026000154,10.733006540000076],[5.234458475999986,10.713765871000021],[5.206853041000045,10.713766215000021],[5.149969102000171,10.74973688600005],[5.11232510200017,10.74053556299998],[5.098797226000158,10.760563952999973],[5.049585378000074,10.738025834999974],[5.020306942,10.746391368],[5.008595617000083,10.721295602000112],[4.941673219000165,10.688670364000075],[4.814520869000035,10.704564259],[4.7961172360001,10.62927735900007],[4.823722421000184,10.594979372000068],[4.818703129000028,10.507144174000132],[4.853419294000162,10.460297360000027],[4.840286555000091,10.371505075000073],[4.854647685000089,10.294360397000105],[4.712882535000062,10.310559452000064],[4.705353771000091,10.252839301000108],[4.669383038000035,10.226069255000084],[4.712882450000109,10.16165757500005],[4.69991642500014,10.11983025],[4.579357998000148,10.131970085000034],[4.526921198000082,10.114263504],[4.58554741100005,10.033777430000157],[4.572436750000179,9.975714785000093],[4.592415285000016,9.902668724000023],[4.57992891300006,9.879569031000187],[4.622090779000132,9.823873410000033],[4.698243135999974,9.926591950000045],[4.766838576000168,9.988495930000056],[4.893991000000142,9.959216972000092],[4.913649528000064,9.998534335000102],[4.912812769000027,10.103100108000092],[4.928707092000025,10.164166717000171],[4.978898466000089,10.199300804000075],[5.108560505000185,10.232762238000078],[5.224419984000065,10.356568083000184],[5.328772484000069,10.36853237400004],[5.348124852000069,10.422668074000171],[5.322294128000124,10.55566237500011],[5.355644866000034,10.62116413200016]]]}},{"type":"Feature","properties":{"adm2_pcode":"NG027015","adm2_name":"Mariga","adm1_name":"Niger"},"geometry":{"type":"Polygon","coordinates":[[[6.008521716000075,11.141016],[5.974084851000157,11.136355366000032],[5.911436229000174,11.064871568000171],[5.795777211000086,11.043989411000155],[5.656825933000107,10.966882462000171],[5.458438757000124,10.953229096000086],[5.440509057000043,10.985444467000036],[5.363662774000147,10.901022103000116],[5.366072313000075,10.815080733],[5.34738978900009,10.725478437000106],[5.355644866000034,10.62116413200016],[5.422839430000067,10.56724796300017],[5.463543088000108,10.565070119999973],[5.493346724000162,10.615872056000171],[5.571575634000112,10.67397238600006],[5.626979646000052,10.582006965000062],[5.673483311000098,10.539672635000102],[5.696820514000024,10.357115066000063],[5.679864146,10.289648032000173],[5.711857785000177,10.234745796000027],[5.778202406000162,10.229416002000107],[5.933796987000051,10.137397756000155],[5.999166365000065,10.07035088200007],[6.026292357000045,10.0849839710001],[6.03030811800005,10.10425929700017],[6.011031646000106,10.117914445000054],[6.03353666300012,10.132295377000105],[6.017456940000102,10.15887653500016],[6.018662047000021,10.228753989000154],[6.058821139000145,10.297827928],[6.041150965000043,10.339594138000052],[6.047576397000057,10.442401894000113],[6.089743977000069,10.475332521000155],[6.092956500000014,10.546012846000053],[6.127493763000132,10.569305654000175],[6.1122330930001,10.605448926000179],[6.137132262000137,10.669703626000171],[6.091350055000078,10.70022487600005],[6.113036169000111,10.739580872000147],[6.099381809000079,10.770905754000069],[6.108217157000126,10.813474448000079],[6.131098409000117,10.824039584000104],[6.122674327000141,10.844799104],[6.164440178000063,10.872910558000171],[6.14596685500004,10.957244638000134],[6.114642674000038,11.00142015],[6.052797202000079,11.043186414000047],[6.008521716000075,11.141016]]]}},{"type":"Feature","properties":{"adm2_pcode":"NG027016","adm2_name":"Mashegu","adm1_name":"Niger"},"geometry":{"type":"Polygon","coordinates":[[[5.711857785000177,10.234745796000027],[5.612569896000082,10.216030934],[5.5012381680001,10.246901330000014],[5.458452684000122,10.200256122999974],[5.40678352600014,10.246146352000096],[5.32564031000004,10.242800892000048],[5.173681889000079,10.292115028000183],[5.108560505000185,10.232762238000078],[4.978898466000089,10.199300804000075],[4.921178321000127,10.144089774000179],[4.913649528000064,9.998534335000102],[4.893991000000142,9.959216972000092],[4.766838576000168,9.988495930000056],[4.698243135999974,9.926591950000045],[4.622090779000132,9.823873410000033],[4.636742170000105,9.719741977000126],[4.609896246,9.704133748],[4.542469104000077,9.561162853000098],[4.55245831600007,9.50747116700012],[4.611859343,9.42796233700011],[4.636290576000022,9.47913857500015],[4.644417245,9.549740648000125],[4.665242680000119,9.59291456800014],[4.693178606000174,9.598501473000113],[4.753114218,9.54821685100012],[4.830827227000043,9.537549901000034],[4.844541039000035,9.380599983000138],[4.951714111000172,9.349108786000045],[5.276751337000178,9.511983053000051],[5.302544580000131,9.654431637000187],[5.324008624000044,9.678523588000019],[5.398176617000047,9.682385417000091],[5.541902886000116,9.730631795000022],[5.607848304000186,9.685833937000154],[5.595977093000045,9.728523259000156],[5.659900940999989,9.760150608000174],[5.782384871999966,9.716623111],[5.833344517000114,9.720668709000051],[5.907856776000187,9.895229505000088],[5.985661392000111,9.950014928000087],[5.981479038000089,9.982639042000017],[6.004065593000064,10.001879488000043],[5.991517514,10.032830909000097],[5.999166365000065,10.07035088200007],[5.933796987000051,10.137397756000155],[5.778202406000162,10.229416002000107],[5.711857785000177,10.234745796000027]]]}},{"type":"Feature","properties":{"adm2_pcode":"NG027017","adm2_name":"Mokwa","adm1_name":"Niger"},"geometry":{"type":"Polygon","coordinates":[[[5.287321549000069,9.54445586300011],[5.276751337000178,9.511983053000051],[5.234376012000098,9.480662346000031],[5.114759050000089,9.440027969000084],[4.938508063000143,9.349108919000116],[4.839461738000125,9.386187708000023],[4.830827227000043,9.537549901000034],[4.753114218,9.54821685100012],[4.676924744000189,9.600024996000116],[4.644417245,9.549740648000125],[4.636290576000022,9.47913857500015],[4.611859343,9.42796233700011],[4.61705022600006,9.330439541000146],[4.737516839000136,9.268896205000146],[4.75453949700011,9.24794560200013],[4.751920746000053,9.17985651500004],[4.785332682000046,9.135293749000084],[4.828239856000152,9.134221816000093],[4.971552792000182,9.200583511000104],[5.016323103000161,9.205331823000051],[5.159452777000126,9.10697296700016],[5.208971875000032,9.035068563000152],[5.525417717000096,8.940100508000057],[5.642038403000186,8.835411332000092],[5.728248146000112,8.819958811000106],[5.795751941000105,8.741881567],[6.084474026,8.760587648000126],[6.131645289000062,8.751641379000034],[6.149537985999984,8.720735539000088],[6.267717300000072,8.738791289000119],[6.343095898000115,8.697424873000159],[6.384096722999971,8.644262261000051],[6.387026411000079,8.691634161000081],[6.338240235000114,8.731367127000112],[6.186487577000037,8.77006997899997],[6.161599202,8.789371630000176],[6.177344904000051,8.811720822000154],[6.137726331000124,8.873687952000068],[6.138234054000122,8.933115715000099],[6.110298126000089,9.015907973000026],[6.14991650900015,9.07584311100004],[6.082273563000115,9.153752599000029],[6.042737366000154,9.073526530000095],[6.016422959000067,9.05894101900003],[5.972455844000081,9.067770212000084],[5.880219453000109,8.981932875000155],[5.860309222000183,8.977507407000132],[5.824313258000132,9.018797662999987],[5.819750818999978,9.071898632000057],[5.847772498000097,9.155964182000162],[5.849984998000025,9.266577790000042],[5.89939270900004,9.381615408000073],[5.912466805000179,9.501477797],[5.860459065000043,9.40085853300019],[5.82286698900009,9.261357661000034],[5.827636146000089,9.159651790000112],[5.79944611500008,9.052986117000103],[5.80503324600005,9.006765413000096],[5.83754069500003,8.944290359000092],[5.765922888000034,8.89806861000011],[5.535069415,8.977305520000186],[5.474118350000083,9.04892367400015],[5.407071621000057,9.067208487000016],[5.432722117000026,9.102763139],[5.498244844000055,9.103779923000104],[5.515006660000097,9.119525106000026],[5.484022727000024,9.167778235000071],[5.501799931000107,9.212475834000031],[5.500784431000113,9.27698313500008],[5.414182750000066,9.351139986000021],[5.429928319000169,9.425805911000054],[5.330374607000181,9.5258676790001],[5.287321549000069,9.54445586300011]]]}},{"type":"Feature","properties":{"adm2_pcode":"NG027018","adm2_name":"Muya","adm1_name":"Niger"},"geometry":{"type":"Polygon","coordinates":[[[7.254066906000048,10.039226540000186],[7.105361603000119,10.026526391000175],[7.064986747000091,10.042508172999987],[6.952273235,10.04755521800007],[6.914422137000088,10.077835818000096],[6.89339356500011,10.07278925300011],[6.845448381999972,9.91717817600005],[6.858600202000162,9.816481018],[6.903576602000044,9.768086429000164],[6.830308020000132,9.707732919000023],[6.835354789000178,9.654741048000119],[6.922335735000104,9.557329344000095],[6.920411298000147,9.526862748000099],[6.956479027,9.52268246400007],[6.984236710000118,9.564739363000115],[7.030052317000127,9.55331936000016],[7.081116455000085,9.668270186000086],[7.135497239000074,9.655516848],[7.164541600000064,9.62872952500004],[7.200394834000065,9.641069280000067],[7.205436133000035,9.684533593000026],[7.164241383,9.701003770000057],[7.141530446000047,9.739696270000138],[7.181905225000094,9.745584651000172],[7.193681235000156,9.767454289000113],[7.204739963000122,9.758295778],[7.231532464000168,9.791006028000027],[7.273589717,9.783435729000075],[7.291253644000051,9.800258672000155],[7.297982704000106,9.898673109000072],[7.277795293000167,10.016432903000066],[7.254066906000048,10.039226540000186]]]}},{"type":"Feature","properties":{"adm2_pcode":"NG027019","adm2_name":"Paikoro","adm1_name":"Niger"},"geometry":{"type":"Polygon","coordinates":[[[7.280318653000052,9.72455584800008],[7.193681235000156,9.767454289000113],[7.181905225000094,9.745584651000172],[7.141530446000047,9.739696270000138],[7.164241383,9.701003770000057],[7.205436133000035,9.684533593000026],[7.193425920000038,9.633215705000168],[7.164541600000064,9.62872952500004],[7.135497239000074,9.655516848],[7.081116455000085,9.668270186000086],[7.030052317000127,9.55331936000016],[6.984236710000118,9.564739363000115],[6.956479027,9.52268246400007],[6.864794794000034,9.52688777000003],[6.777316070000154,9.558851513000036],[6.711707114000035,9.51931744300009],[6.620022754000104,9.541187057000059],[6.50226260800008,9.517635082000083],[6.473663774000102,9.467166710000186],[6.506468392000102,9.37632348700015],[6.503103726000063,9.31407931700005],[6.487963063999985,9.296415091000085],[6.511515256000052,9.24931168600017],[6.535322292000046,9.220931245000031],[6.621789964000129,9.237140650000129],[6.634246243000064,9.22089282800016],[6.682447392000029,9.219809771000143],[6.724691005000068,9.277759340999978],[6.716025714000125,9.312420652000071],[6.731190069999968,9.358996441000045],[6.855483617000118,9.39961516500017],[6.936641436000116,9.36542876600015],[7.009293547000084,9.416404876000115],[7.114902099000062,9.428861716000029],[7.11381919500019,9.44727516600011],[7.095946802000128,9.452149379000105],[7.09973814000017,9.477062053000111],[7.227326797000103,9.494924409000134],[7.285171304000016,9.554209094000043],[7.294064887000047,9.594096906000061],[7.343521591000069,9.622648876000085],[7.282842045000109,9.684181045000173],[7.280318653000052,9.72455584800008]]]}},{"type":"Feature","properties":{"adm2_pcode":"NG027020","adm2_name":"Rafi","adm1_name":"Niger"},"geometry":{"type":"Polygon","coordinates":[[[6.540331802000139,10.54521006200008],[6.506597855000052,10.609464887000172],[6.439130272000057,10.592598225000131],[6.396561666000082,10.572518327000125],[6.370056080000097,10.532359050000082],[6.263232120000055,10.456859331000032],[6.249577905000137,10.421519265000086],[6.201386939000031,10.38698196300004],[6.168456195999966,10.383768891000159],[6.132312709000018,10.464087735000021],[6.105004190000159,10.456859395000038],[6.089743977000069,10.475332521000155],[6.054002396000158,10.45364641700013],[6.037938146000045,10.397423818000107],[6.058821139000145,10.297827928],[6.018662047000021,10.228753989000154],[6.017456940000102,10.15887653500016],[6.03353666300012,10.132295377000105],[6.011031646000106,10.117914445000054],[6.03030811800005,10.10425929700017],[6.026292357000045,10.0849839710001],[5.999166365000065,10.07035088200007],[5.991517514,10.032830909000097],[6.004065593000064,10.001879488000043],[5.981479038000089,9.982639042000017],[5.982556737000152,9.933815856000024],[5.967672337000181,9.907542636000073],[5.921879915999966,9.884446670000102],[5.917119207000155,9.825152198000183],[6.147989970000026,9.820297985000082],[6.217852059000052,9.917919864000169],[6.300580427,9.897037684000054],[6.339033469000185,9.923206681000181],[6.434441910000089,9.872667687999979],[6.496558269,9.894628712000042],[6.504226093000113,9.96047681400006],[6.551133552000181,9.988190352000174],[6.53202931300018,10.001763514],[6.508185246000039,10.076097535000088],[6.417747396999971,10.147928098000136],[6.42924551700014,10.176595003000159],[6.415874139000096,10.233014170000104],[6.431112460000122,10.262060090000148],[6.492943716000184,10.305859609000095],[6.550773673000151,10.390998024999988],[6.540331802000139,10.54521006200008]]]}},{"type":"Feature","properties":{"adm2_pcode":"NG027021","adm2_name":"Rijau","adm1_name":"Niger"},"geometry":{"type":"Polygon","coordinates":[[[5.203025441000079,11.330726718000165],[5.100217400000076,11.345987563000108],[5.100217414000042,11.279322476000061],[5.057648235000102,11.204625907000036],[5.058451567000134,11.27048797000009],[5.011866503000022,11.252014311000039],[4.966085028,11.362051060000056],[4.952430716000038,11.369279640000059],[4.933957569000029,11.354019252],[4.905845704000114,11.373295817999974],[4.74088391700019,11.300804328000083],[4.746725293000168,11.258413880000091],[4.70340625700004,11.228543278000188],[4.699915415000078,11.203408154999977],[4.78858759000002,11.118925125000146],[4.839656404999971,11.113859402000173],[4.908678974000054,11.08192067400006],[4.979896026,11.080523477000156],[4.995954389000076,11.053992120000089],[5.040639727000041,11.051896982000073],[5.082210148000115,10.92708119100007],[5.025326131999975,10.890273859000047],[5.038710455000114,10.83589936900006],[5.09977721700011,10.808294511000042],[5.11232510200017,10.74053556299998],[5.149969102000171,10.74973688600005],[5.206853041000045,10.713766215000021],[5.234458475999986,10.713765871000021],[5.265410026000154,10.733006540000076],[5.265409812000144,10.758938987000022],[5.296368161000032,10.738646431000177],[5.349381513000026,10.766348641000093],[5.366072313000075,10.815080733],[5.363662774000147,10.901022103000116],[5.418224856000165,10.946515830000067],[5.439965179000126,10.99820714000009],[5.428761206000104,11.04097993900018],[5.384337953000056,11.05958597199998],[5.387065115000098,11.11033413400014],[5.41697187200009,11.156316733999972],[5.37410408400001,11.191775485000107],[5.358040337000034,11.227115915000127],[5.336900143000094,11.33545123100015],[5.293351553000036,11.338644120000083],[5.243881209000108,11.315993708000065],[5.241240983000125,11.260728917000051],[5.158801384000185,11.206215372000031],[5.112985418999983,11.233572975000072],[5.152906620000067,11.225430878000054],[5.209069153000087,11.264943453000058],[5.216678997000031,11.299402345000146],[5.203025441000079,11.330726718000165]]]}},{"type":"Feature","properties":{"adm2_pcode":"NG027022","adm2_name":"Shiroro","adm1_name":"Niger"},"geometry":{"type":"Polygon","coordinates":[[[6.901178894000111,10.076381575000141],[6.88208814900014,10.117111173000183],[6.885301151000078,10.150844707000147],[6.915019043000086,10.188594632000104],[6.942326900000126,10.180563165000024],[6.954472459999977,10.19199845300011],[6.982486818000098,10.244014710000101],[7.008188654000037,10.242407938000042],[7.05075748400003,10.317104237000024],[7.020236529000101,10.354051728000059],[6.926263300000073,10.370115313000042],[6.953519878000066,10.482178771000122],[6.91260915700019,10.537980858000026],[6.869102364000128,10.555356963000065],[6.839519050000035,10.531555130000015],[6.841929004000121,10.572518387000116],[6.816628363000063,10.63837906700013],[6.7290812600001,10.648820815000079],[6.713820525000187,10.634363406000148],[6.725868303000141,10.58938505000009],[6.647069931999965,10.593429600999968],[6.540331802000139,10.54521006200008],[6.550773673000151,10.390998024999988],[6.492943716000184,10.305859609000095],[6.431112460000122,10.262060090000148],[6.415874139000096,10.233014170000104],[6.42924551700014,10.176595003000159],[6.417747396999971,10.147928098000136],[6.508185246000039,10.076097535000088],[6.551191317000075,9.979628181000066],[6.510215846,9.9690797720001],[6.502180478000071,9.901856230000135],[6.458424309000122,9.873748245000172],[6.39375977300017,9.884272284000076],[6.339033469000185,9.923206681000181],[6.300580427,9.897037684000054],[6.208213810000075,9.913904066000043],[6.2375580100001,9.872369678000041],[6.223156923000033,9.707136013000024],[6.358906239000078,9.728553598000076],[6.411326526000153,9.749959249000085],[6.486280838000084,9.810352167000133],[6.553572314000178,9.796052961000044],[6.588059404000091,9.780912359000183],[6.620022819000042,9.722873430000163],[6.682267308000064,9.677451824000173],[6.669649989000163,9.573150669000086],[6.648762681000164,9.535008319000042],[6.711707114000035,9.51931744300009],[6.777316070000154,9.558851513000036],[6.864794794000034,9.52688777000003],[6.920411298000147,9.526862748000099],[6.922335735000104,9.557329344000095],[6.835354789000178,9.654741048000119],[6.830308020000132,9.707732919000023],[6.903576602000044,9.768086429000164],[6.858600202000162,9.816481018],[6.845448381999972,9.91717817600005],[6.901178894000111,10.076381575000141]]]}},{"type":"Feature","properties":{"adm2_pcode":"NG027023","adm2_name":"Suleja","adm1_name":"Niger"},"geometry":{"type":"Polygon","coordinates":[[[7.219984847000092,9.264526913000111],[7.194296121000036,9.270681388000128],[7.192237065000029,9.29474187000011],[7.155521038000131,9.289673844000049],[7.140099968000129,9.185816176000117],[7.156177129000127,9.146846621000122],[7.218979095,9.101579750000042],[7.23396595700018,9.133502264000072],[7.20454665900013,9.207207225000161],[7.219984847000092,9.264526913000111]]]}},{"type":"Feature","properties":{"adm2_pcode":"NG027024","adm2_name":"Tafa","adm1_name":"Niger"},"geometry":{"type":"Polygon","coordinates":[[[7.388168444000144,9.349822979000066],[7.360388661000172,9.367021642000111],[7.262890080000147,9.35456244500017],[7.234623101000182,9.300832502000105],[7.246604411000135,9.271653585000024],[7.22304547300007,9.271059997000123],[7.205384643,9.2190821800001],[7.23396595700018,9.133502264000072],[7.388168444000144,9.349822979000066]]]}},{"type":"Feature","properties":{"adm2_pcode":"NG027025","adm2_name":"Wushishi","adm1_name":"Niger"},"geometry":{"type":"Polygon","coordinates":[[[6.206390391000127,9.900596799000084],[6.147989970000026,9.820297985000082],[5.917119207000155,9.825152198000183],[5.921879915999966,9.884446670000102],[5.967672337000181,9.907542636000073],[5.980642207000187,9.942486664000114],[5.907856776000187,9.895229505000088],[5.833344517000114,9.720668709000051],[5.782384871999966,9.716623111],[5.659900940999989,9.760150608000174],[5.595002525000041,9.719133167000052],[5.618121608000024,9.675193596000042],[5.707648372000108,9.610616441000104],[5.742137828000068,9.526592952000158],[5.790570660000128,9.48256369500001],[5.833499438000104,9.509716044000186],[5.89303392100004,9.481610976000184],[5.96037408799998,9.551151596000182],[6.089647691000096,9.555648084000097],[6.133155886000111,9.579245323000066],[6.173390306000044,9.532230209000033],[6.203211295000131,9.541637200000082],[6.220836187000032,9.52676483],[6.22973295200012,9.536981863999983],[6.20029299800018,9.579038790000084],[6.192722923000076,9.663993871000173],[6.225829329000021,9.71418518900009],[6.2375580100001,9.872369678000041],[6.206390391000127,9.900596799000084]]]}},{"type":"Feature","properties":{"adm2_pcode":"NG028001","adm2_name":"Abeokuta North","adm1_name":"Ogun"},"geometry":{"type":"Polygon","coordinates":[[[3.14390257000008,7.390937708000138],[3.098468669999988,7.429409127000156],[3.078620861000104,7.391996307000056],[3.016356143999985,7.392787332000069],[3.005357673000105,7.358595699000148],[3.015243327000064,7.322984943000108],[3.063708402000032,7.310265582000113],[3.061060914000166,7.241166572000054],[3.088936800000056,7.200368604],[3.101541062000024,7.139111552000088],[3.125906694000037,7.114365176000149],[3.122822042999985,7.070918099000039],[3.148368852000146,7.077816489000099],[3.196719412000164,7.054212473000177],[3.271351657000025,7.07504198700002],[3.33282352000009,7.142370206000066],[3.352602766000075,7.193115175],[3.329773998000178,7.224430212000129],[3.209092623000117,7.287208913000143],[3.19196056800007,7.327184184000032],[3.155792704000135,7.352692130000094],[3.14390257000008,7.390937708000138]]]}},{"type":"Feature","properties":{"adm2_pcode":"NG028002","adm2_name":"Abeokuta South","adm1_name":"Ogun"},"geometry":{"type":"Polygon","coordinates":[[[3.393548502000044,7.132639405000077],[3.390702470000122,7.18743840400009],[3.367140027,7.198893295000062],[3.301615196000171,7.117555869000114],[3.393548502000044,7.132639405000077]]]}},{"type":"Feature","properties":{"adm2_pcode":"NG028003","adm2_name":"Ado-Odo/Ota","adm1_name":"Ogun"},"geometry":{"type":"Polygon","coordinates":[[[3.287864544,6.687031433000186],[3.26734181900008,6.743930848000105],[3.240725869000187,6.761045224000043],[3.201559774000089,6.747538251000037],[3.04595684100002,6.7454534580001],[3.010740784000063,6.671975626000119],[2.966197260000115,6.683777719000091],[2.916323897000154,6.65103636200007],[2.933455942000023,6.606873463000056],[2.881096356000171,6.543698715000062],[2.881434913000021,6.519949469000039],[3.101540839000108,6.499492355000143],[3.177074440000069,6.508471149000172],[3.203960405000032,6.529477442000143],[3.196898010000041,6.576189628000122],[3.24000762300011,6.61602544800013],[3.262002861000099,6.697911902999977],[3.287864544,6.687031433000186]]]}},{"type":"Feature","properties":{"adm2_pcode":"NG028004","adm2_name":"Egbado North","adm1_name":"Ogun"},"geometry":{"type":"Polygon","coordinates":[[[3.120576622000101,7.02984670900014],[3.125906694000037,7.114365176000149],[3.101541062000024,7.139111552000088],[3.088936800000056,7.200368604],[3.061060914000166,7.241166572000054],[3.063708402000032,7.310265582000113],[3.014514011000074,7.323689585000182],[3.013598015000127,7.387886049000144],[2.949156200000061,7.364672265000024],[2.885987784,7.311849579000182],[2.808171420000065,7.352865912000084],[2.746655118000149,7.338599914000099],[2.746801621000088,7.257683284000109],[2.772206071000141,7.188684568000156],[2.737290861000133,7.121011679000048],[2.759585616000152,7.088512811000101],[2.750086072000158,7.067107808000173],[2.772492410000098,7.045614196000088],[2.723978757000168,7.009837197000138],[2.711799624000093,6.953106895000076],[2.739866024000094,6.917695415000026],[2.74101325800018,6.859332562000191],[2.819241768000154,6.835682957000131],[2.851983070000017,6.862713331000066],[2.900934066000161,6.873045799000181],[2.924017633000062,6.949134471000036],[3.061457399,6.937674548000132],[3.074891070000149,6.994821046000141],[3.120576622000101,7.02984670900014]]]}},{"type":"Feature","properties":{"adm2_pcode":"NG028005","adm2_name":"Egbado South","adm1_name":"Ogun"},"geometry":{"type":"Polygon","coordinates":[[[3.061457399,6.937674548000132],[2.920248640000068,6.947990482000137],[2.908966323000129,6.878046155],[2.842084641000042,6.858144851000077],[2.819241768000154,6.835682957000131],[2.826368808999973,6.803121309],[2.813360926000087,6.772619487000156],[2.842896659000075,6.753109022999979],[2.868079415000011,6.691280672000119],[2.835093281000127,6.638336932000016],[2.891953369000078,6.584402577000162],[2.930029392000051,6.595832781000126],[2.920892480000077,6.657127997000032],[2.966197260000115,6.683777719000091],[3.010740784000063,6.671975626000119],[3.04595684100002,6.7454534580001],[3.091118584000071,6.743239823000181],[3.050715664000052,6.838347402000068],[3.077824533000125,6.891358240000045],[3.061457399,6.937674548000132]]]}},{"type":"Feature","properties":{"adm2_pcode":"NG028006","adm2_name":"Ewekoro","adm1_name":"Ogun"},"geometry":{"type":"Polygon","coordinates":[[[3.301615196000171,7.117555869000114],[3.271351657000025,7.07504198700002],[3.208944768000038,7.056657133000158],[3.148368852000146,7.077816489000099],[3.122822042999985,7.070918099000039],[3.120576622000101,7.02984670900014],[3.06232762000019,6.967409717000066],[3.077824533000125,6.891358240000045],[3.050396422000119,6.84601401499998],[3.061767893000138,6.821310701000073],[3.094784382000171,6.846209013000134],[3.224226240000064,6.836916324000128],[3.276661978,6.873968923000177],[3.319708487000185,6.881972671000028],[3.301087100000188,7.007912840000131],[3.323108463000153,7.053676603999975],[3.301615196000171,7.117555869000114]]]}},{"type":"Feature","properties":{"adm2_pcode":"NG028007","adm2_name":"Ifo","adm1_name":"Ogun"},"geometry":{"type":"Polygon","coordinates":[[[3.438339896000116,6.689821885000129],[3.395668404000105,6.698444206999966],[3.396023019999973,6.801799247000076],[3.319708487000185,6.881972671000028],[3.276661978,6.873968923000177],[3.224226240000064,6.836916324000128],[3.094784382000171,6.846209013000134],[3.061767893000138,6.821310701000073],[3.091118584000071,6.743239823000181],[3.249258387000054,6.758227419000036],[3.287864544,6.687031433000186],[3.344835586000102,6.672755034000147],[3.370129142000167,6.641183662],[3.457663547000152,6.639433479000104],[3.438339896000116,6.689821885000129]]]}},{"type":"Feature","properties":{"adm2_pcode":"NG028008","adm2_name":"Ijebu East","adm1_name":"Ogun"},"geometry":{"type":"Polygon","coordinates":[[[4.365075514000125,7.059701074000031],[4.284764281000093,7.091782971000157],[4.203627631000188,7.046032427000171],[4.171346691000167,6.983780337000098],[4.125174642000047,6.950985005000177],[4.142062251000141,6.871323775000178],[4.101726552000059,6.869600499000057],[4.064556656000036,6.841393394000022],[4.00749619200019,6.844995924000045],[3.96975877400007,6.789235460000157],[3.97052027,6.762966139000071],[4.02229740000007,6.756113642000173],[4.003261559,6.731747661000043],[4.054657984000073,6.724895052000136],[4.058845991000112,6.698625448000143],[4.091480698000169,6.678992647000086],[4.095231067000043,6.65151937700017],[4.050481298000022,6.619155887999966],[4.064938036000115,6.562396160000162],[4.109479467000028,6.54843030800015],[4.166342255000188,6.59337370500009],[4.199585025000033,6.588473749],[4.220036558000118,6.567516704000184],[4.296188322000035,6.618220854000072],[4.362478791000171,6.629821180000135],[4.418231484000046,6.76039632700008],[4.547595562000026,6.840522250999982],[4.56160872900017,6.988337432000151],[4.609585837,7.031077780000146],[4.516273511000065,7.02261299800017],[4.488861999000108,6.991775472000029],[4.424521397000092,7.00243512600008],[4.390379985000152,6.980854894000117],[4.365075514000125,7.059701074000031]]]}},{"type":"Feature","properties":{"adm2_pcode":"NG028009","adm2_name":"Ijebu North","adm1_name":"Ogun"},"geometry":{"type":"Polygon","coordinates":[[[4.203627631000188,7.046032427000171],[4.16897245600012,7.173986243],[4.085114932000181,7.13187784400003],[3.997550919000048,7.126167310000028],[3.938921004000122,7.083908190999978],[3.819608694000124,7.073227566000071],[3.793107535000047,7.04774043599997],[3.757891656000083,6.930480356000146],[3.818996158000061,6.890886363000163],[3.955481976000101,6.893931716000168],[3.999324695000098,6.92203749100014],[4.157260357000155,6.969694077000099],[4.203627631000188,7.046032427000171]]]}},{"type":"Feature","properties":{"adm2_pcode":"NG028010","adm2_name":"Ijebu North East","adm1_name":"Ogun"},"geometry":{"type":"Polygon","coordinates":[[[3.96969994,6.788862869000127],[4.00749619200019,6.844995924000045],[4.064556656000036,6.841393394000022],[4.101726552000059,6.869600499000057],[4.142062251000141,6.871323775000178],[4.126702449000049,6.953741226999966],[3.936264796999978,6.891647828000032],[3.915647332,6.852935194000054],[3.96969994,6.788862869000127]]]}},{"type":"Feature","properties":{"adm2_pcode":"NG028011","adm2_name":"Ijebu Ode","adm1_name":"Ogun"},"geometry":{"type":"Polygon","coordinates":[[[3.96969994,6.788862869000127],[3.948676261000173,6.802072134000184],[3.937193918000048,6.841829108000013],[3.911950127000068,6.84965014200003],[3.901230367000039,6.810175034],[3.950723197000059,6.766012173000036],[3.916836717000081,6.680703983000114],[4.078527024000039,6.679176339000037],[4.054657984000073,6.724895052000136],[4.003261559,6.731747661000043],[4.02229740000007,6.756113642000173],[3.97052027,6.762966139000071],[3.96969994,6.788862869000127]]]}},{"type":"Feature","properties":{"adm2_pcode":"NG028012","adm2_name":"Ikenne","adm1_name":"Ogun"},"geometry":{"type":"Polygon","coordinates":[[[3.753829643000188,6.908132763000026],[3.701545958999986,6.937333016000139],[3.649578551000047,7.000912643000106],[3.604378942000039,6.940316073000133],[3.677180259000124,6.879845642000134],[3.716936341000121,6.799603585999989],[3.753829643000188,6.908132763000026]]]}},{"type":"Feature","properties":{"adm2_pcode":"NG028013","adm2_name":"Imeko-Afon","adm1_name":"Ogun"},"geometry":{"type":"Polygon","coordinates":[[[3.025958563000017,7.791801102000136],[2.985782862000065,7.859221405000142],[2.952445496000053,7.779732701000171],[2.914625643000136,7.750614558999985],[2.911287309000159,7.795777915000087],[2.879450792000057,7.822867423000105],[2.891305211000088,7.899950421000142],[2.919821744000103,7.92381669100007],[2.83858680600008,7.931006953000065],[2.807890655,7.951730318000102],[2.777106534000154,7.944650999000089],[2.762470253000174,7.905204829000013],[2.69328356300008,7.868426219000014],[2.738270053000122,7.778838729000086],[2.729495283000119,7.575503698000034],[2.748521803000131,7.535618701000146],[2.783859250000035,7.514336103000119],[2.795920368000168,7.474421397000128],[2.791693216000169,7.422855308000123],[2.742494992000047,7.421536899000159],[2.746655118000149,7.338599914000099],[2.808171420000065,7.352865912000084],[2.885987784,7.311849579000182],[2.984026290000031,7.383704622000096],[3.090208123000139,7.400737224000068],[3.098468669999988,7.429409127000156],[3.07537960600007,7.451386507000109],[3.064471976000164,7.519765894000045],[3.00682617800004,7.555838454000082],[2.972573046999969,7.610381930000187],[2.997302525000123,7.649600575000022],[3.002021811000134,7.673367142000131],[2.989851232000092,7.679108236000161],[3.011975531000189,7.700630570000101],[3.025958563000017,7.791801102000136]]]}},{"type":"Feature","properties":{"adm2_pcode":"NG028014","adm2_name":"Ipokia","adm1_name":"Ogun"},"geometry":{"type":"Polygon","coordinates":[[[2.819241768000154,6.835682957000131],[2.74101325800018,6.859332562000191],[2.723979960000179,6.781621391000101],[2.786893846000112,6.750167024],[2.779953486000124,6.695159322000052],[2.728180162000058,6.62405932900009],[2.743225093000149,6.563198552000131],[2.701519249000114,6.512343012000144],[2.713952305000134,6.47987132500009],[2.702610966000123,6.452376882000067],[2.799232483000026,6.460095886000147],[2.842185499000038,6.443988688000047],[2.896670582000183,6.48774336800011],[2.87929701500002,6.537911424000072],[2.924190300000078,6.586749646999976],[2.891953369000078,6.584402577000162],[2.83679672300002,6.633498767000049],[2.868079415000011,6.691280672000119],[2.842896659000075,6.753109022999979],[2.813360926000087,6.772619487000156],[2.826368808999973,6.803121309],[2.819241768000154,6.835682957000131]]]}},{"type":"Feature","properties":{"adm2_pcode":"NG028015","adm2_name":"Obafemi-Owode","adm1_name":"Ogun"},"geometry":{"type":"Polygon","coordinates":[[[3.66198540400012,7.034650870000178],[3.727434392000021,7.096852427000044],[3.792917279999983,7.132258814000068],[3.763578881,7.230654550000168],[3.575124567000103,7.159960460000093],[3.531907931000148,7.153370665000125],[3.506788541000105,7.167595090000134],[3.468254301000115,7.137816350000037],[3.399307195,7.152992769000093],[3.395444666000117,7.1334417220001],[3.314984675000119,7.116504072000055],[3.323108463000153,7.053676603999975],[3.301087100000188,7.007912840000131],[3.307694738000123,6.913656097000114],[3.33568002700008,6.85509929900013],[3.396023019999973,6.801799247000076],[3.39842945200013,6.694701221000059],[3.438339896000116,6.689821885000129],[3.453130275000035,6.77705287200007],[3.485490813000069,6.84443907400015],[3.569628726000019,6.903449417000104],[3.59528658000005,6.903966013000058],[3.589806572000157,6.927815310000085],[3.641583449000052,6.97350117600007],[3.66198540400012,7.034650870000178]]]}},{"type":"Feature","properties":{"adm2_pcode":"NG028016","adm2_name":"Odeda","adm1_name":"Ogun"},"geometry":{"type":"Polygon","coordinates":[[[3.545752558000174,7.440804434000029],[3.474449628000173,7.388873631000138],[3.482859587000121,7.417231929000138],[3.459404926000047,7.449734592000084],[3.466583995000121,7.4711455260001],[3.442431207000141,7.49206553700003],[3.393082837000179,7.45583213600014],[3.385816836000174,7.401284731000146],[3.319375973000035,7.314007202000084],[3.286995904000094,7.32452350799997],[3.249144310000133,7.367492242000026],[3.183035868000047,7.369993652000062],[3.14390257000008,7.390937708000138],[3.142087004000132,7.380103044],[3.209092623000117,7.287208913000143],[3.329773998000178,7.224430212000129],[3.352938199,7.19073419700004],[3.383840325000165,7.19583809400018],[3.399452042,7.152769009000053],[3.426480302000073,7.141776610000136],[3.468254301000115,7.137816350000037],[3.506788541000105,7.167595090000134],[3.531907931000148,7.153370665000125],[3.575124567000103,7.159960460000093],[3.763578881,7.230654550000168],[3.76189314800007,7.300967577000051],[3.714346629999966,7.304794336000043],[3.707093001000146,7.447305212000174],[3.545752558000174,7.440804434000029]]]}},{"type":"Feature","properties":{"adm2_pcode":"NG028017","adm2_name":"Odogbolu","adm1_name":"Ogun"},"geometry":{"type":"Polygon","coordinates":[[[3.936264796999978,6.891647828000032],[3.8014834,6.894693468000128],[3.757891656000083,6.930480356000146],[3.736952304000056,6.831875405000062],[3.700784446000114,6.773626419000152],[3.699962121000056,6.682374854999978],[3.916836717000081,6.680703983000114],[3.950723197000059,6.766012173000036],[3.898565355000187,6.820454081000094],[3.936264796999978,6.891647828000032]]]}},{"type":"Feature","properties":{"adm2_pcode":"NG028018","adm2_name":"Ogun waterside","adm1_name":"Ogun"},"geometry":{"type":"Polygon","coordinates":[[[4.567274613,6.636568613000179],[4.496610628000042,6.505059626000048],[4.454317098000047,6.60731838300012],[4.377055184000142,6.645117222000067],[4.345906288000037,6.624435427000094],[4.316904081000132,6.62567853600018],[4.229897962000166,6.579689513000062],[4.222256721000065,6.537740708000115],[4.156153691000043,6.498784591000174],[4.161073195000142,6.474720079],[4.217325681000091,6.463053265000156],[4.245267316000138,6.434468201000072],[4.337199247000171,6.439528069],[4.350837749000107,6.427625099000181],[4.350837715000125,6.371037511],[4.460481124000069,6.343330435000098],[4.497422214000039,6.359172776000037],[4.57561402500005,6.304204504000097],[4.596694509000088,6.368289517000051],[4.514828218000105,6.397127112000135],[4.473125430000039,6.393202701000064],[4.479822716000115,6.409050120000074],[4.538778388000082,6.414685036000037],[4.56433102200009,6.498971379000182],[4.605220786000075,6.49215506000013],[4.575093690000074,6.578736685000138],[4.581601440000156,6.63306512000014],[4.567274613,6.636568613000179]]]}},{"type":"Feature","properties":{"adm2_pcode":"NG028019","adm2_name":"Remo North","adm1_name":"Ogun"},"geometry":{"type":"Polygon","coordinates":[[[3.842820781000171,7.082940291],[3.727600573000132,7.083577640000101],[3.66198540400012,7.034650870000178],[3.649578551000047,7.000912643000106],[3.701545958999986,6.937333016000139],[3.753829643000188,6.908132763000026],[3.793107535000047,7.04774043599997],[3.842820781000171,7.082940291]]]}},{"type":"Feature","properties":{"adm2_pcode":"NG028020","adm2_name":"Shagamu","adm1_name":"Ogun"},"geometry":{"type":"Polygon","coordinates":[[[3.716936341000121,6.799603585999989],[3.677180259000124,6.879845642000134],[3.604378942000039,6.940316073000133],[3.589806572000157,6.927815310000085],[3.59528658000005,6.903966013000058],[3.569628726000019,6.903449417000104],[3.485490813000069,6.84443907400015],[3.453130275000035,6.77705287200007],[3.438755310000033,6.673625839000124],[3.464591333000101,6.668950854000116],[3.459111612000129,6.687321545000032],[3.699962121000056,6.682374854999978],[3.700784446000114,6.773626419000152],[3.716936341000121,6.799603585999989]]]}},{"type":"Feature","properties":{"adm2_pcode":"NG029001","adm2_name":"Akoko North East","adm1_name":"Ondo"},"geometry":{"type":"Polygon","coordinates":[[[6.004125679000083,7.529235776],[6.00793768200009,7.582143861000077],[5.940000477000126,7.645110143000068],[5.843293837000033,7.551650492000135],[5.773354083000186,7.539881905000072],[5.767927082000142,7.551605223000024],[5.672527755999965,7.555480376000105],[5.650965320000068,7.519861168000091],[5.613048434000063,7.520358276000024],[5.609946444000059,7.485031837000179],[5.945872884000096,7.500161640000158],[5.97564324800004,7.530212843000129],[6.004125679000083,7.529235776]]]}},{"type":"Feature","properties":{"adm2_pcode":"NG029002","adm2_name":"Akoko North West","adm1_name":"Ondo"},"geometry":{"type":"Polygon","coordinates":[[[5.940000477000126,7.645110143000068],[5.921491280000168,7.716093091000062],[5.928738980000162,7.746604504000118],[5.816439269999989,7.727848906000077],[5.773028439000086,7.747318798000094],[5.699404293000043,7.682898142],[5.68096214100018,7.62374408400018],[5.649406726999985,7.636792102000072],[5.619847923000179,7.62390502900007],[5.627886526000111,7.596319651999977],[5.60475915100011,7.519921984000177],[5.650965320000068,7.519861168000091],[5.672527755999965,7.555480376000105],[5.827780387000189,7.545693732000188],[5.893457346,7.588513973000147],[5.940000477000126,7.645110143000068]]]}},{"type":"Feature","properties":{"adm2_pcode":"NG029003","adm2_name":"Akoko South East","adm1_name":"Ondo"},"geometry":{"type":"Polygon","coordinates":[[[5.957695131000094,7.344322314000181],[5.986694959999966,7.355247853000094],[5.968483950000063,7.414854125000033],[5.987259918000177,7.44792701700004],[5.963303177000171,7.460363947000189],[5.95117176600013,7.501221538000095],[5.827208976000065,7.496734239000148],[5.846866132000059,7.394510777000107],[5.957695131000094,7.344322314000181]]]}},{"type":"Feature","properties":{"adm2_pcode":"NG029004","adm2_name":"Akoko South West","adm1_name":"Ondo"},"geometry":{"type":"Polygon","coordinates":[[[5.827208976000065,7.496734239000148],[5.610309213000164,7.484452224000108],[5.526381832000027,7.340863481000042],[5.622694187000093,7.33097097000018],[5.669749175000049,7.30010938300012],[5.703096829,7.305834375000018],[5.790880393000123,7.356034143000102],[5.815507807000131,7.398528462000058],[5.846866132000059,7.394510777000107],[5.827208976000065,7.496734239000148]]]}},{"type":"Feature","properties":{"adm2_pcode":"NG029005","adm2_name":"Akure North","adm1_name":"Ondo"},"geometry":{"type":"Polygon","coordinates":[[[5.418754175000174,7.249780721000036],[5.358230109000147,7.295613214000127],[5.346626219000143,7.381421536000062],[5.320331008000039,7.44129466000004],[5.192399841000054,7.436892026000123],[5.180828562000158,7.390902291000145],[5.201478744999974,7.333919313000138],[5.191441935000171,7.327134983000121],[5.272141004,7.147321995000027],[5.344045634000054,7.12170904300018],[5.365155357000049,7.092512129000113],[5.449725219000186,7.064807064000092],[5.490021267000031,7.106131128000129],[5.427817806000064,7.120560114000057],[5.418754175000174,7.249780721000036]]]}},{"type":"Feature","properties":{"adm2_pcode":"NG029006","adm2_name":"Akure South","adm1_name":"Ondo"},"geometry":{"type":"Polygon","coordinates":[[[5.191441935000171,7.327134983000121],[5.158852282000112,7.334215413000152],[5.104150791000166,7.299746055000071],[5.083865683000056,7.279319850000093],[5.086837391000074,7.245171630000129],[5.234051726000075,7.116716742000051],[5.365155357000049,7.092512129000113],[5.344045634000054,7.12170904300018],[5.272141004,7.147321995000027],[5.191441935000171,7.327134983000121]]]}},{"type":"Feature","properties":{"adm2_pcode":"NG029007","adm2_name":"Ese-Odo","adm1_name":"Ondo"},"geometry":{"type":"Polygon","coordinates":[[[5.073347528000113,6.23953480299997],[4.955071176,6.36203856000003],[4.89985458700005,6.361424134000174],[4.904349826000157,6.416747795000049],[4.929723739,6.434431481000047],[4.921462118000079,6.441504769000176],[4.882121595000115,6.447616940000046],[4.804722784000148,6.404810398000109],[4.829335260000164,6.357556589000183],[4.870309878000057,6.332614886000158],[4.83269076199997,6.261307235000061],[4.850618172000054,6.165369215999988],[4.832472591000112,6.085251567000114],[4.999207704000071,5.921783577000099],[5.137675883999975,6.173091926000041],[5.122468124000079,6.205872113000055],[5.095841467000071,6.197087793000094],[5.075622570000064,6.21343428],[5.073347528000113,6.23953480299997]]]}},{"type":"Feature","properties":{"adm2_pcode":"NG029008","adm2_name":"Idanre","adm1_name":"Ondo"},"geometry":{"type":"Polygon","coordinates":[[[5.083097555000109,7.250691042000142],[5.036707509000109,7.255974283],[5.035117946000128,7.208409585000027],[5.01057218800014,7.163184313000102],[5.014961966999977,7.123198592000051],[4.99269853800007,7.077435736000098],[5.014496762000135,7.001077959000099],[4.98806904300011,6.898733716000095],[5.002203949999966,6.791332822000129],[5.062835814999971,6.726109934000135],[5.126022778,6.701529105000134],[5.150810691000061,6.745987820000096],[5.201615824000044,6.780433539000057],[5.254822129000104,6.883221749000143],[5.537059795000062,6.884796622000181],[5.475494850000132,7.050649154000155],[5.376054806000127,7.091649590000031],[5.234051726000075,7.116716742000051],[5.158651925000129,7.169854090000172],[5.083097555000109,7.250691042000142]]]}},{"type":"Feature","properties":{"adm2_pcode":"NG029009","adm2_name":"Ifedore","adm1_name":"Ondo"},"geometry":{"type":"Polygon","coordinates":[[[5.192399841000054,7.436892026000123],[5.048568173000035,7.457332668000106],[5.022725134999973,7.435952167999972],[4.989844521000123,7.377728888000036],[5.040922562999981,7.321590271000048],[5.036707509000109,7.255974283],[5.071982049000042,7.248782583000036],[5.11245976500004,7.306255935000081],[5.158852282000112,7.334215413000152],[5.201478744999974,7.333919313000138],[5.180828562000158,7.390902291000145],[5.192399841000054,7.436892026000123]]]}},{"type":"Feature","properties":{"adm2_pcode":"NG029010","adm2_name":"Ilaje","adm1_name":"Ondo"},"geometry":{"type":"Polygon","coordinates":[[[4.593438008000021,6.492928491000043],[4.56433102200009,6.498971379000182],[4.559962306000102,6.450932356000123],[4.53793358900009,6.413980681000112],[4.479822716000115,6.409050120000074],[4.473125430000039,6.393202701000064],[4.514828218000105,6.397127112000135],[4.596694509000088,6.368289517000051],[4.57561402500005,6.304204504000097],[4.497422214000039,6.359172776000037],[4.460481124000069,6.343330435000098],[4.761161778000087,6.118713328000069],[4.957698317000052,5.942855822000013],[4.983859100000188,5.898479872000109],[4.999207704000071,5.921783577000099],[4.832472591000112,6.085251567000114],[4.850618172000054,6.165369215999988],[4.83269076199997,6.261307235000061],[4.86935185700014,6.338149526000166],[4.829335260000164,6.357556589000183],[4.804722784000148,6.404810398000109],[4.700270161000105,6.397231039000133],[4.593438008000021,6.492928491000043]]]}},{"type":"Feature","properties":{"adm2_pcode":"NG029011","adm2_name":"Ile-Oluji-Okeigbo","adm1_name":"Ondo"},"geometry":{"type":"Polygon","coordinates":[[[4.985594776000084,7.376762323000094],[4.860786406000102,7.377806782999983],[4.778379957000027,7.35703615500006],[4.764666620000014,7.322995566000031],[4.747471880000035,7.321077430000116],[4.742083549000142,7.214637382000092],[4.708982529000139,7.164592641000127],[4.671884571000021,7.166234111000051],[4.672955451000121,7.140385693999974],[4.616705367000066,7.08467247699997],[4.759250626999972,7.128859872000078],[4.756145514000025,7.18701467],[4.774434113000041,7.221351056000117],[4.813413271000059,7.218757865000043],[4.856594511000083,7.183926171000167],[4.91713609500016,7.182602611000107],[4.993895951000127,7.228837340000098],[5.01439338400013,7.22497579200018],[4.990364581000165,7.281449254999984],[4.985594776000084,7.376762323000094]]]}},{"type":"Feature","properties":{"adm2_pcode":"NG029012","adm2_name":"Irele","adm1_name":"Ondo"},"geometry":{"type":"Polygon","coordinates":[[[5.160645795999983,6.563108169000031],[5.017512183000122,6.621005228000058],[4.974672890000079,6.658846543000152],[4.915778149000062,6.659736717000101],[4.876938858000187,6.64105411200012],[4.867042177000144,6.59772803200002],[4.842023566000023,6.593309324000188],[4.828789703000041,6.462578904000054],[4.854925599000183,6.431329386000129],[4.896801633000052,6.451464874000123],[4.929723739,6.434431481000047],[4.909314859000176,6.43010971700005],[4.89985458700005,6.361424134000174],[4.955071176,6.36203856000003],[5.015618871000186,6.292353136000088],[5.035301164000032,6.328475905000062],[5.029245388999982,6.363562967000121],[5.052824987000179,6.384150880000107],[5.075731239000106,6.377276878000146],[5.109570911000105,6.412541874000169],[5.102981092000107,6.442285655000092],[5.153385110000045,6.498033024999984],[5.160645795999983,6.563108169000031]]]}},{"type":"Feature","properties":{"adm2_pcode":"NG029013","adm2_name":"Odigbo","adm1_name":"Ondo"},"geometry":{"type":"Polygon","coordinates":[[[4.98806904300011,6.898733716000095],[4.937047075,6.940106604000107],[4.874319576000175,6.956159461000027],[4.686514406000128,6.869915845000037],[4.566077646000167,6.851705124000034],[4.418231484000046,6.76039632700008],[4.389735168000186,6.715917009000066],[4.377055184000142,6.645117222000067],[4.454317098000047,6.60731838300012],[4.496610628000042,6.505059626000048],[4.537379163000026,6.60061057300004],[4.50999741600009,6.630147163000174],[4.577576044000125,6.65854135100011],[4.559436072000096,6.68407645000002],[4.559864002000154,6.725767322000024],[4.638102503000141,6.738530751000098],[4.713235412000017,6.733406486000035],[4.80979878200003,6.572856207000086],[4.867042177000144,6.59772803200002],[4.876938858000187,6.64105411200012],[4.926888928000039,6.662567968000133],[4.974672890000079,6.658846543000152],[5.017512183000122,6.621005228000058],[5.160645795999983,6.563108169000031],[5.128054205000126,6.588160895000044],[5.11253114800013,6.626662344000067],[5.122329590000163,6.698738423000179],[5.062835814999971,6.726109934000135],[5.002203949999966,6.791332822000129],[4.98806904300011,6.898733716000095]]]}},{"type":"Feature","properties":{"adm2_pcode":"NG029014","adm2_name":"Okitipupa","adm1_name":"Ondo"},"geometry":{"type":"Polygon","coordinates":[[[4.842077487000097,6.588557516000094],[4.806348366000179,6.576030956000182],[4.713235412000017,6.733406486000035],[4.563574355000071,6.72767882300019],[4.558120322000093,6.689971038000124],[4.577576044000125,6.65854135100011],[4.50999741600009,6.630147163000174],[4.52632776400003,6.59884768500001],[4.567274613,6.636568613000179],[4.581601440000156,6.63306512000014],[4.575093690000074,6.578736685000138],[4.606054249000181,6.499202349000086],[4.595540143000107,6.481903003000127],[4.716990501000112,6.391783840000187],[4.790021401000104,6.397026124000149],[4.854925599000183,6.431329386000129],[4.827836431000037,6.46719021500013],[4.842077487000097,6.588557516000094]]]}},{"type":"Feature","properties":{"adm2_pcode":"NG029015","adm2_name":"Ondo East","adm1_name":"Ondo"},"geometry":{"type":"Polygon","coordinates":[[[5.035117946000128,7.208409585000027],[5.040922562999981,7.321590271000048],[4.985594776000084,7.376762323000094],[4.990364581000165,7.281449254999984],[5.01439338400013,7.22497579200018],[4.993895951000127,7.228837340000098],[4.91713609500016,7.182602611000107],[4.856594511000083,7.183926171000167],[4.813413271000059,7.218757865000043],[4.778364061000104,7.222200819000136],[4.755259526000088,7.179622603000098],[4.761996319000161,7.135338909000097],[4.840493943000183,7.128227259000028],[4.919859457000086,7.092815334000022],[4.968532544000027,7.051952272000165],[4.956633931999988,6.964933756000107],[4.998771064000152,6.938887652000119],[5.014496762000135,7.001077959000099],[4.993616824000014,7.086323016000051],[5.014961966999977,7.123198592000051],[5.01057218800014,7.163184313000102],[5.035117946000128,7.208409585000027]]]}},{"type":"Feature","properties":{"adm2_pcode":"NG029016","adm2_name":"Ondo West","adm1_name":"Ondo"},"geometry":{"type":"Polygon","coordinates":[[[4.998771064000152,6.938887652000119],[4.956633931999988,6.964933756000107],[4.97164501400016,7.045900908000021],[4.92730231000013,7.088240134000046],[4.840493943000183,7.128227259000028],[4.766819681000072,7.13893999600009],[4.616705367000066,7.08467247699997],[4.609585837,7.031077780000146],[4.56160872900017,6.988337432000151],[4.548315941000055,6.844217190999984],[4.629028723000033,6.869597332000069],[4.686514406000128,6.869915845000037],[4.874319576000175,6.956159461000027],[4.937047075,6.940106604000107],[4.98806904300011,6.898733716000095],[4.998771064000152,6.938887652000119]]]}},{"type":"Feature","properties":{"adm2_pcode":"NG029017","adm2_name":"Ose","adm1_name":"Ondo"},"geometry":{"type":"Polygon","coordinates":[[[5.957695131000094,7.344322314000181],[5.818276328000138,7.4002191350001],[5.787208554000131,7.353391540000018],[5.669749175000049,7.30010938300012],[5.726898268000184,7.194239541000172],[5.761337409000134,7.170423149000101],[5.689268687000038,7.124778684999967],[5.703869872000098,7.040677925000125],[5.68925271400002,7.000474617000123],[5.58433476200014,6.986616673000128],[5.571213290000173,6.845269804000168],[5.543510881000032,6.824802272000056],[5.576634821000141,6.704025769000111],[5.629253363000146,6.745868255000062],[5.667370893000054,6.727611926000066],[5.702557533000174,6.736117457000091],[5.770835513000179,6.796513963000109],[5.769666641000072,6.839905828000042],[5.799811719000104,6.921328581000068],[5.785642282000026,6.968341459999976],[5.792581188000042,7.021655213000031],[5.823740972,7.081441065000149],[5.854922710000039,7.096343068000067],[5.842559893000043,7.118010956000035],[5.893875102000095,7.18287888600014],[5.884325119000152,7.199862119000159],[5.903480916000149,7.217193074000136],[5.907060990000105,7.274871934000146],[5.97933839600006,7.316370081000116],[5.957695131000094,7.344322314000181]]]}},{"type":"Feature","properties":{"adm2_pcode":"NG029018","adm2_name":"Owo","adm1_name":"Ondo"},"geometry":{"type":"Polygon","coordinates":[[[5.669749175000049,7.30010938300012],[5.622694187000093,7.33097097000018],[5.526381832000027,7.340863481000042],[5.388226154000165,7.283186924000177],[5.418754175000174,7.249780721000036],[5.427817806000064,7.120560114000057],[5.490021267000031,7.106131128000129],[5.449725219000186,7.064807064000092],[5.478301912,7.04604764600009],[5.537059795000062,6.884796622000181],[5.565518851000036,6.876023304000057],[5.587090930000102,6.991248482000117],[5.68925271400002,7.000474617000123],[5.703869872000098,7.040677925000125],[5.689268687000038,7.124778684999967],[5.761337409000134,7.170423149000101],[5.726898268000184,7.194239541000172],[5.669749175000049,7.30010938300012]]]}},{"type":"Feature","properties":{"adm2_pcode":"NG030001","adm2_name":"Aiyedade","adm1_name":"Osun"},"geometry":{"type":"Polygon","coordinates":[[[4.365075514000125,7.059701074000031],[4.356014196000046,7.089106591000075],[4.396422942000186,7.169923391000111],[4.384795670000017,7.228248661000123],[4.405381250000119,7.265607491000026],[4.3958510920001,7.337275128999977],[4.411099385000114,7.362434757000187],[4.378887156000189,7.389119765000089],[4.393373005000171,7.456212500000163],[4.382318063000127,7.476035469000124],[4.443569399000125,7.614920384000186],[4.367824135000092,7.610389615000031],[4.334160841000141,7.586720831999969],[4.285537622000049,7.547595282000145],[4.290446347,7.52330580500012],[4.252189701000134,7.472385308000185],[4.295402024000168,7.454687956000157],[4.301120337000157,7.406655405000038],[4.331616952000047,7.355573046000075],[4.278998328000057,7.33486072900007],[4.290099704,7.238031541999987],[4.314882681000029,7.198102136999978],[4.312009646000092,7.151760083000056],[4.16897245600012,7.173986243],[4.200775603000125,7.047416577000092],[4.284764281000093,7.091782971000157],[4.365075514000125,7.059701074000031]]]}},{"type":"Feature","properties":{"adm2_pcode":"NG030002","adm2_name":"Aiyedire","adm1_name":"Osun"},"geometry":{"type":"Polygon","coordinates":[[[4.350677472000086,7.652536307999981],[4.319902478000131,7.678954005000094],[4.150541743000076,7.590780189000043],[4.161171588,7.488221651000174],[4.204238748000023,7.503954013000111],[4.234026865000089,7.465743052],[4.252189701000134,7.472385308000185],[4.290446347,7.52330580500012],[4.285537622000049,7.547595282000145],[4.367824135000092,7.610389615000031],[4.350677472000086,7.652536307999981]]]}},{"type":"Feature","properties":{"adm2_pcode":"NG030003","adm2_name":"Atakumosa East","adm1_name":"Osun"},"geometry":{"type":"Polygon","coordinates":[[[4.834250885000188,7.374184176000028],[4.844917302000169,7.508057582000106],[4.80927424500004,7.591542628000184],[4.731562611000015,7.563328372],[4.700829282000086,7.535510677000104],[4.664026437000132,7.43387613100009],[4.69510128700017,7.365103354999974],[4.691670344999977,7.269038242000079],[4.749408743000117,7.231298472000162],[4.748355670000137,7.322587082000155],[4.764666620000014,7.322995566000031],[4.778379957000027,7.35703615500006],[4.834250885000188,7.374184176000028]]]}},{"type":"Feature","properties":{"adm2_pcode":"NG030004","adm2_name":"Atakumosa West","adm1_name":"Osun"},"geometry":{"type":"Polygon","coordinates":[[[4.697696648999965,7.655236224000078],[4.633752484000183,7.726888051000117],[4.599313262000123,7.740444146000073],[4.578496513000175,7.727839035000102],[4.569111403000079,7.652155021000169],[4.528321763000065,7.618608528000152],[4.556150007000042,7.598404523000113],[4.580928818000075,7.539316793000069],[4.625340020000124,7.520255999000028],[4.655286974000092,7.409075736000034],[4.700829282000086,7.535510677000104],[4.723648991,7.558811020000178],[4.697696648999965,7.655236224000078]]]}},{"type":"Feature","properties":{"adm2_pcode":"NG030005","adm2_name":"Boluwaduro","adm1_name":"Osun"},"geometry":{"type":"Polygon","coordinates":[[[4.798218761000157,7.86372715300007],[4.880174397000133,7.903473019000103],[4.888296451000144,7.926895141000045],[4.851719058000185,7.947726220000106],[4.821281938000141,8.010111797999969],[4.793553793000171,8.028666520000058],[4.762384904000044,7.938063129],[4.732655193000028,7.952502106],[4.733842589000062,7.916463989000079],[4.798218761000157,7.86372715300007]]]}},{"type":"Feature","properties":{"adm2_pcode":"NG030006","adm2_name":"Boripe","adm1_name":"Osun"},"geometry":{"type":"Polygon","coordinates":[[[4.732655193000028,7.952502106],[4.714352576000067,7.95254887800013],[4.66936970200004,7.888886821000085],[4.600370398,7.834755002000179],[4.607994548000079,7.763849627000127],[4.663378107000142,7.790148547000058],[4.719672834000107,7.880423600000142],[4.782589459000178,7.879356273000042],[4.733842589000062,7.916463989000079],[4.732655193000028,7.952502106]]]}},{"type":"Feature","properties":{"adm2_pcode":"NG030007","adm2_name":"Ede North","adm1_name":"Osun"},"geometry":{"type":"Polygon","coordinates":[[[4.565920416000154,7.695727091000037],[4.524488466000037,7.770891341000095],[4.484035688000176,7.754028452000114],[4.418532912000103,7.755844117000152],[4.376599821000013,7.6925636470001],[4.441786733000072,7.710861660000035],[4.565920416000154,7.695727091000037]]]}},{"type":"Feature","properties":{"adm2_pcode":"NG030008","adm2_name":"Ede South","adm1_name":"Osun"},"geometry":{"type":"Polygon","coordinates":[[[4.565920416000154,7.695727091000037],[4.428063395000038,7.7081927750001],[4.364782330000025,7.68684521400013],[4.350677472000086,7.652536307999981],[4.375456378000024,7.606028534000018],[4.453197206000141,7.623181905000081],[4.522603547000131,7.616702605000114],[4.569111403000079,7.652155021000169],[4.565920416000154,7.695727091000037]]]}},{"type":"Feature","properties":{"adm2_pcode":"NG030009","adm2_name":"Egbedore","adm1_name":"Osun"},"geometry":{"type":"Polygon","coordinates":[[[4.422693161000154,7.886240539000141],[4.380739236000124,7.882427776000043],[4.329329518000122,7.755082056000049],[4.356895024000096,7.67855678799998],[4.418532912000103,7.755844117000152],[4.484035688000176,7.754028452000114],[4.533277481000084,7.774904735000177],[4.526034370000048,7.808832709000058],[4.56110573,7.841998176000118],[4.543349252000098,7.871244844999978],[4.473046237000119,7.806164384000169],[4.464794620000134,7.84262510200017],[4.422693161000154,7.886240539000141]]]}},{"type":"Feature","properties":{"adm2_pcode":"NG030010","adm2_name":"Ejigbo","adm1_name":"Osun"},"geometry":{"type":"Polygon","coordinates":[[[4.365649790000077,7.859468261000131],[4.328186009000149,7.935013213000104],[4.26528646700018,7.970084794000172],[4.240786492000097,7.958597001000101],[4.230215030000124,7.92777011000004],[4.191331378000029,7.91023457100016],[4.21717570200002,7.870616938000182],[4.091146486000071,7.850165927000148],[4.072491595000088,7.808732969000118],[4.13948672700019,7.817219256000044],[4.176464017000114,7.838567380000143],[4.239364127000101,7.830942512000036],[4.298451429000124,7.770330529999967],[4.315987047000078,7.684557841000128],[4.350677472000086,7.652536307999981],[4.360589086,7.669690639000123],[4.329329518000122,7.755082056000049],[4.355251775000113,7.796252599000127],[4.365649790000077,7.859468261000131]]]}},{"type":"Feature","properties":{"adm2_pcode":"NG030011","adm2_name":"Ife Central","adm1_name":"Osun"},"geometry":{"type":"Polygon","coordinates":[[[4.580928818000075,7.539316793000069],[4.532896034000089,7.61784611000013],[4.515463005000129,7.576283259000149],[4.478383005000069,7.557233436000047],[4.497324685000024,7.497198329000184],[4.553593444000171,7.476161567000077],[4.580928818000075,7.539316793000069]]]}},{"type":"Feature","properties":{"adm2_pcode":"NG030012","adm2_name":"Ife East","adm1_name":"Osun"},"geometry":{"type":"Polygon","coordinates":[[[4.648405037000089,7.437064523000117],[4.614102346000038,7.533244715000023],[4.580928818000075,7.539316793000069],[4.553593444000171,7.476161567000077],[4.511560606000103,7.492842483],[4.547343530000148,7.436334083000077],[4.55036398600015,7.347096505000081],[4.572483931000079,7.316962456],[4.579344792000143,7.269271027000116],[4.599227008000071,7.273993897000082],[4.610022151000067,7.330925202000117],[4.59251800100003,7.419507147000104],[4.648405037000089,7.437064523000117]]]}},{"type":"Feature","properties":{"adm2_pcode":"NG030013","adm2_name":"Ife North","adm1_name":"Osun"},"geometry":{"type":"Polygon","coordinates":[[[4.526352952000138,7.617952403000118],[4.446304861000158,7.618474508000077],[4.382318063000127,7.476035469000124],[4.393373005000171,7.456212500000163],[4.378887156000189,7.389119765000089],[4.411099385000114,7.362434757000187],[4.3958510920001,7.337275128999977],[4.405381250000119,7.265607491000026],[4.384795670000017,7.228248661000123],[4.392229611000062,7.152768999000045],[4.354489862000037,7.082244813000045],[4.390379985000152,6.980854894000117],[4.438227135000091,7.00471973000009],[4.488861999000108,6.991775472000029],[4.516273511000065,7.02261299800017],[4.610748279000063,7.035215293000078],[4.563202357000023,7.05746643700013],[4.534230269999966,7.111597884000162],[4.489628828000036,7.11159804],[4.446170838000171,7.153531421000082],[4.550130941000134,7.405966397999975],[4.547343530000148,7.436334083000077],[4.478002072000095,7.536648129000071],[4.481432871000038,7.569051213000023],[4.515463005000129,7.576283259000149],[4.526352952000138,7.617952403000118]]]}},{"type":"Feature","properties":{"adm2_pcode":"NG030014","adm2_name":"Ife South","adm1_name":"Osun"},"geometry":{"type":"Polygon","coordinates":[[[4.667082312000105,7.416947914000161],[4.655286974000092,7.409075736000034],[4.648405037000089,7.437064523000117],[4.59251800100003,7.419507147000104],[4.611160639000104,7.359675327000105],[4.594789573000014,7.268417973000055],[4.579344792000143,7.269271027000116],[4.545030535000024,7.388049689000184],[4.502417985000136,7.314662661000057],[4.446170838000171,7.153531421000082],[4.489628828000036,7.11159804],[4.534230269999966,7.111597884000162],[4.563202357000023,7.05746643700013],[4.606660360000149,7.034975024000175],[4.613949820000016,7.080040332000124],[4.672955451000121,7.140385693999974],[4.669123592000062,7.162525287000108],[4.708982529000139,7.164592641000127],[4.749408743000117,7.231298472000162],[4.691670344999977,7.269038242000079],[4.69510128700017,7.365103354999974],[4.667082312000105,7.416947914000161]]]}},{"type":"Feature","properties":{"adm2_pcode":"NG030015","adm2_name":"Ifedayo","adm1_name":"Osun"},"geometry":{"type":"Polygon","coordinates":[[[5.054930121000098,8.049190382000063],[5.039715686000079,8.07186804100013],[4.969572942000127,8.017354998000144],[4.966904721999981,8.046708116],[4.956738516000144,8.053548416000012],[4.952796600000113,7.971410899000034],[4.911100837000163,7.850109557999986],[4.942035269000087,7.899925614000097],[5.016461853000123,7.955217458000163],[5.054930121000098,8.049190382000063]]]}},{"type":"Feature","properties":{"adm2_pcode":"NG030016","adm2_name":"Ifelodun","adm1_name":"Osun"},"geometry":{"type":"Polygon","coordinates":[[[4.721976767000058,7.958984728000132],[4.700103470999977,7.973494066000171],[4.556531416999974,7.947974711000143],[4.602873826,7.906086493000146],[4.597638210000071,7.86328490600016],[4.612980587000038,7.843417995000095],[4.721976767000058,7.958984728000132]]]}},{"type":"Feature","properties":{"adm2_pcode":"NG030017","adm2_name":"Ila","adm1_name":"Osun"},"geometry":{"type":"Polygon","coordinates":[[[4.956738516000144,8.053548416000012],[4.913153708999971,8.085591218000047],[4.854066381000166,8.095502729000088],[4.857497206000062,8.07263086000006],[4.830050021000091,8.055476178],[4.79295621,8.066541575000144],[4.793553793000171,8.028666520000058],[4.821281938000141,8.010111797999969],[4.851719058000185,7.947726220000106],[4.888296451000144,7.926895141000045],[4.880174397000133,7.903473019000103],[4.833099802000049,7.875925410000093],[4.889900204000071,7.844666523000058],[4.910020833000146,7.841811727000106],[4.906291904000057,7.864108162000036],[4.952796600000113,7.971410899000034],[4.956738516000144,8.053548416000012]]]}},{"type":"Feature","properties":{"adm2_pcode":"NG030018","adm2_name":"Ilesha East","adm1_name":"Osun"},"geometry":{"type":"Polygon","coordinates":[[[4.80927424500004,7.591542628000184],[4.779076903000146,7.657233342000154],[4.705023685000128,7.601463541999976],[4.723648991,7.558811020000178],[4.80927424500004,7.591542628000184]]]}},{"type":"Feature","properties":{"adm2_pcode":"NG030019","adm2_name":"Ilesha West","adm1_name":"Osun"},"geometry":{"type":"Polygon","coordinates":[[[4.779076903000146,7.657233342000154],[4.756158861000131,7.675790194000058],[4.679073883000115,7.67178618100013],[4.697696648999965,7.655236224000078],[4.705023685000128,7.601463541999976],[4.779076903000146,7.657233342000154]]]}},{"type":"Feature","properties":{"adm2_pcode":"NG030020","adm2_name":"Irepodun","adm1_name":"Osun"},"geometry":{"type":"Polygon","coordinates":[[[4.476858065000044,7.806545343000153],[4.543028381000056,7.884988340000177],[4.503051838999966,7.878684684000177],[4.481083677000072,7.841374415000132],[4.464794620000134,7.84262510200017],[4.461990853000032,7.817981633000102],[4.476858065000044,7.806545343000153]]]}},{"type":"Feature","properties":{"adm2_pcode":"NG030021","adm2_name":"Irewole","adm1_name":"Osun"},"geometry":{"type":"Polygon","coordinates":[[[4.295402024000168,7.454687956000157],[4.234026865000089,7.465743052],[4.204238748000023,7.503954013000111],[4.161171588,7.488221651000174],[4.134980631000019,7.363748529000134],[4.278998328000057,7.33486072900007],[4.332379359000186,7.350617325000087],[4.301120337000157,7.406655405000038],[4.295402024000168,7.454687956000157]]]}},{"type":"Feature","properties":{"adm2_pcode":"NG030022","adm2_name":"Isokan","adm1_name":"Osun"},"geometry":{"type":"Polygon","coordinates":[[[4.278998328000057,7.33486072900007],[4.134980631000019,7.363748529000134],[4.125375785000074,7.257791399999974],[4.081381857999986,7.200964528000156],[4.071991917000162,7.162779230000069],[4.085450709000156,7.151198420000071],[4.073244039000031,7.135548625000069],[4.187942547000034,7.178715577000162],[4.308165911000117,7.147383281000145],[4.314882681000029,7.198102136999978],[4.290099704,7.238031541999987],[4.278998328000057,7.33486072900007]]]}},{"type":"Feature","properties":{"adm2_pcode":"NG030023","adm2_name":"Iwo","adm1_name":"Osun"},"geometry":{"type":"Polygon","coordinates":[[[4.251944120000132,7.652536396000187],[4.155497495000134,7.734115195000129],[4.07083325900004,7.759752189000039],[4.061939321000068,7.748830206000093],[4.077789663999965,7.710499103000132],[4.024728968000147,7.664917644000184],[4.096600383,7.594710268000085],[4.129870119000145,7.599820254000065],[4.108078010000156,7.567443220000143],[4.134326455000064,7.528703931000166],[4.15892642600005,7.529891559000021],[4.150541743000076,7.590780189000043],[4.251944120000132,7.652536396000187]]]}},{"type":"Feature","properties":{"adm2_pcode":"NG030024","adm2_name":"Obokun","adm1_name":"Osun"},"geometry":{"type":"Polygon","coordinates":[[[4.782589459000178,7.879356273000042],[4.719672834000107,7.880423600000142],[4.663378107000142,7.790148547000058],[4.607994548000079,7.763849627000127],[4.599313262000123,7.740444146000073],[4.633752484000183,7.726888051000117],[4.679073883000115,7.67178618100013],[4.752854810999963,7.673883842000066],[4.806224358,7.736402502000146],[4.879364948000045,7.724381692000122],[4.89547393099997,7.734076845000175],[4.914290367000092,7.783000491000166],[4.910020833000146,7.841811727000106],[4.833099802000049,7.875925410000093],[4.798218761000157,7.86372715300007],[4.782589459000178,7.879356273000042]]]}},{"type":"Feature","properties":{"adm2_pcode":"NG030025","adm2_name":"Odo-Otin","adm1_name":"Osun"},"geometry":{"type":"Polygon","coordinates":[[[4.79295621,8.066541575000144],[4.721214226000086,8.064244390000056],[4.665557331000173,8.043276767000066],[4.621718383000029,8.075679913000045],[4.560724787000026,8.053951244000132],[4.556531416999974,7.947974711000143],[4.703248346000066,7.97353083600018],[4.762384904000044,7.938063129],[4.795550269000159,8.005918579000024],[4.79295621,8.066541575000144]]]}},{"type":"Feature","properties":{"adm2_pcode":"NG030026","adm2_name":"Ola-oluwa","adm1_name":"Osun"},"geometry":{"type":"Polygon","coordinates":[[[4.319902478000131,7.678954005000094],[4.298451429000124,7.770330529999967],[4.239364127000101,7.830942512000036],[4.176464017000114,7.838567380000143],[4.13948672700019,7.817219256000044],[4.072491595000088,7.808732969000118],[4.07083325900004,7.759752189000039],[4.155497495000134,7.734115195000129],[4.221447002000104,7.667403244000127],[4.251944120000132,7.652536396000187],[4.319902478000131,7.678954005000094]]]}},{"type":"Feature","properties":{"adm2_pcode":"NG030027","adm2_name":"Olorunda","adm1_name":"Osun"},"geometry":{"type":"Polygon","coordinates":[[[4.556531416999974,7.947974711000143],[4.557550025000069,7.982039825000129],[4.525482403000126,7.960378147000029],[4.56110573,7.841998176000118],[4.5259724820001,7.805612758000166],[4.561987670000178,7.770100568000146],[4.599284667000177,7.801316332000113],[4.59655857600012,7.828274345000182],[4.612980587000038,7.843417995000095],[4.597638210000071,7.86328490600016],[4.602873826,7.906086493000146],[4.556531416999974,7.947974711000143]]]}},{"type":"Feature","properties":{"adm2_pcode":"NG030028","adm2_name":"Oriade","adm1_name":"Osun"},"geometry":{"type":"Polygon","coordinates":[[[4.893228493000038,7.730335228000115],[4.806224358,7.736402502000146],[4.756158861000131,7.675790194000058],[4.790751205999982,7.654129177000073],[4.844917302000169,7.508057582000106],[4.832337442000039,7.379208048000066],[4.989844521000123,7.377728888000036],[5.006159324000066,7.413699601000076],[4.952418860000137,7.447825949],[4.902247873000022,7.576392719000125],[4.863861503000066,7.622681664000027],[4.893228493000038,7.730335228000115]]]}},{"type":"Feature","properties":{"adm2_pcode":"NG030029","adm2_name":"Orolu","adm1_name":"Osun"},"geometry":{"type":"Polygon","coordinates":[[[4.543028381000056,7.884988340000177],[4.525482403000126,7.960378147000029],[4.429317897000089,7.936733101000129],[4.440281105,7.904212203000156],[4.425013539000133,7.877450551000095],[4.464794620000134,7.84262510200017],[4.481083677000072,7.841374415000132],[4.503051838999966,7.878684684000177],[4.543028381000056,7.884988340000177]]]}},{"type":"Feature","properties":{"adm2_pcode":"NG030030","adm2_name":"Osogbo","adm1_name":"Osun"},"geometry":{"type":"Polygon","coordinates":[[[4.599284667000177,7.801316332000113],[4.561987670000178,7.770100568000146],[4.524509385000101,7.802733483000054],[4.539506149000147,7.732717592000085],[4.569351050000137,7.693642020000084],[4.607994548000079,7.763849627000127],[4.599284667000177,7.801316332000113]]]}},{"type":"Feature","properties":{"adm2_pcode":"NG031001","adm2_name":"Afijio","adm1_name":"Oyo"},"geometry":{"type":"Polygon","coordinates":[[[4.020828842000071,7.678366419000156],[3.907801298000095,7.737090035000108],[3.985894949000169,7.806582049000156],[3.987158762000035,7.834513765000054],[3.958115418000034,7.830285075000063],[3.928764297000043,7.79435451900008],[3.882978604000073,7.824046813000166],[3.755369564000148,7.807392100000129],[3.756300069000133,7.758024908000039],[3.807840354000177,7.74411976100015],[3.757334926000055,7.708826958000088],[3.817799154000113,7.667551142000093],[3.909636357000124,7.677246423000042],[3.955635315000109,7.661859768000113],[4.020828842000071,7.678366419000156]]]}},{"type":"Feature","properties":{"adm2_pcode":"NG031002","adm2_name":"Akinyele","adm1_name":"Oyo"},"geometry":{"type":"Polygon","coordinates":[[[4.020828842000071,7.678366419000156],[3.955635315000109,7.661859768000113],[3.909636357000124,7.677246423000042],[3.817799154000113,7.667551142000093],[3.757334926000055,7.708826958000088],[3.726904188,7.590275672000132],[3.807147559000157,7.552548542000181],[3.868300558000101,7.454470798000102],[3.909918399000048,7.454856569000128],[3.939787485000124,7.429025787000057],[4.012488327000142,7.577921083000092],[4.052281250000078,7.617115958000113],[4.080248882000035,7.618933727000126],[4.020828842000071,7.678366419000156]]]}},{"type":"Feature","properties":{"adm2_pcode":"NG031003","adm2_name":"Atiba","adm1_name":"Oyo"},"geometry":{"type":"Polygon","coordinates":[[[3.963522906000151,8.614751883000167],[3.822780623000085,8.596618544000023],[3.807624795000038,8.539650774000052],[3.813773198000092,8.458184331000155],[3.781291973000123,8.45526398900006],[3.772830274000114,8.439951983000071],[3.799222964000023,8.331560256000046],[3.73987365500011,8.156508469000187],[3.731768601000056,8.050846585000045],[3.786611071000038,8.075451022000038],[3.858359819000157,8.014053715999978],[3.874450292000176,7.948937724000132],[3.927514677000033,7.905624743000146],[3.921183678000148,7.865073089000077],[3.944255624000107,7.841368279000164],[4.056508282000038,7.948369900000046],[4.022934894000059,8.120192655000096],[3.96402099400018,8.202670976999968],[3.965199204000101,8.233306807000133],[4.047678538000071,8.362917027000094],[3.958129575000044,8.531410195000092],[3.963522906000151,8.614751883000167]]]}},{"type":"Feature","properties":{"adm2_pcode":"NG031004","adm2_name":"Atigbo","adm1_name":"Oyo"},"geometry":{"type":"Polygon","coordinates":[[[3.781291973000123,8.45526398900006],[3.766786093000178,8.485887535000074],[3.524012778000156,8.539076856000179],[3.453900621000173,8.574131911000109],[3.442421897000088,8.600106118000099],[3.330455929000038,8.564498069000024],[3.19736287500001,8.593048217000103],[3.105179196000108,8.556628422000017],[3.032020580000051,8.436422864000178],[2.744720454000117,8.464934354000036],[2.733840938000014,8.436326140000176],[2.708858493000037,8.425848905000066],[2.6955614150001,8.321487454000135],[2.751486538000051,8.206275822000123],[2.855126860000098,8.209468923999964],[3.025564338000038,8.21965058700016],[3.027690141000164,8.310688400000117],[3.084400579000146,8.364737553000055],[3.205224682000107,8.363863374000118],[3.309936984000046,8.315161261000071],[3.401212323000095,8.316561385000114],[3.617097831000024,8.355729498000187],[3.72387266200019,8.291266443000097],[3.763361003000114,8.206647858000167],[3.799222964000023,8.331560256000046],[3.772830274000114,8.439951983000071],[3.781291973000123,8.45526398900006]]]}},{"type":"Feature","properties":{"adm2_pcode":"NG031005","adm2_name":"Egbeda","adm1_name":"Oyo"},"geometry":{"type":"Polygon","coordinates":[[[4.148307190000025,7.458775323],[4.116535501000101,7.469884938000064],[4.054477706000057,7.461009872999966],[4.035947894000117,7.51193457800008],[3.993533860000127,7.431128565000108],[3.949653664000152,7.410197],[3.931683638000095,7.379152892000093],[4.074476170000082,7.353288332000034],[4.128886655000144,7.310589725000057],[4.148307190000025,7.458775323]]]}},{"type":"Feature","properties":{"adm2_pcode":"NG031006","adm2_name":"Ibadan North","adm1_name":"Oyo"},"geometry":{"type":"Polygon","coordinates":[[[3.939787485000124,7.429025787000057],[3.903457178,7.455725485000073],[3.870986583000047,7.437690718000113],[3.89863939300011,7.379713278000111],[3.939787485000124,7.429025787000057]]]}},{"type":"Feature","properties":{"adm2_pcode":"NG031007","adm2_name":"Ibadan North East","adm1_name":"Oyo"},"geometry":{"type":"Polygon","coordinates":[[[3.926626080000176,7.36559416],[3.94022654500003,7.427430939000033],[3.899884596,7.375758683000186],[3.926626080000176,7.36559416]]]}},{"type":"Feature","properties":{"adm2_pcode":"NG031008","adm2_name":"Ibadan North West","adm1_name":"Oyo"},"geometry":{"type":"Polygon","coordinates":[[[3.898402167000029,7.379959911000185],[3.871193684000048,7.427673338000147],[3.85377170300012,7.418127847],[3.864840323000067,7.397890445000144],[3.898402167000029,7.379959911000185]]]}},{"type":"Feature","properties":{"adm2_pcode":"NG031009","adm2_name":"Ibadan South East","adm1_name":"Oyo"},"geometry":{"type":"Polygon","coordinates":[[[3.898389419000182,7.378933325000162],[3.871110880000117,7.340127237000047],[3.873455570000147,7.336291524000046],[3.919269475000135,7.348914737000086],[3.926626080000176,7.36559416],[3.898389419000182,7.378933325000162]]]}},{"type":"Feature","properties":{"adm2_pcode":"NG031010","adm2_name":"Ibadan South West","adm1_name":"Oyo"},"geometry":{"type":"Polygon","coordinates":[[[3.856325830000173,7.407917838000174],[3.826621737000096,7.392244107000124],[3.800072554000167,7.405578829000149],[3.815006321000055,7.36550986400016],[3.849699809000185,7.336287547000154],[3.873901624999974,7.342176346000088],[3.898312103000023,7.378980755000157],[3.856325830000173,7.407917838000174]]]}},{"type":"Feature","properties":{"adm2_pcode":"NG031011","adm2_name":"Ibarapa Central","adm1_name":"Oyo"},"geometry":{"type":"Polygon","coordinates":[[[3.356237168,7.593204427999979],[3.189166245000024,7.520459209000137],[3.128871208000021,7.522296612],[3.087038475000099,7.595734560999972],[3.025914657000158,7.552198141000019],[3.064471976000164,7.519765894000045],[3.07537960600007,7.451386507000109],[3.115294470000038,7.408086395000169],[3.16162469700015,7.375266450000026],[3.249144310000133,7.367492242000026],[3.286995904000094,7.32452350799997],[3.319375973000035,7.314007202000084],[3.385816836000174,7.401284731000146],[3.38147619300014,7.430837771000029],[3.400228050000123,7.449320710000165],[3.345766542000035,7.506747746000087],[3.356237168,7.593204427999979]]]}},{"type":"Feature","properties":{"adm2_pcode":"NG031012","adm2_name":"Ibarapa East","adm1_name":"Oyo"},"geometry":{"type":"Polygon","coordinates":[[[3.664498701000127,7.741064439000127],[3.621420746000013,7.742756114000031],[3.554373985000041,7.781548445000112],[3.524345382000149,7.691222618000097],[3.448943493,7.694046106000144],[3.330943050000087,7.666017934000081],[3.356237174000057,7.62439971200007],[3.345766542000035,7.506747746000087],[3.393082837000179,7.45583213600014],[3.453482648000147,7.494930635000117],[3.459404926000047,7.449734592000084],[3.482859587000121,7.417231929000138],[3.474449628000173,7.388873631000138],[3.51584314500019,7.409030906000055],[3.562298111000018,7.46298382100008],[3.578143032000185,7.648182383000062],[3.642099231000088,7.679042961000164],[3.664498701000127,7.741064439000127]]]}},{"type":"Feature","properties":{"adm2_pcode":"NG031013","adm2_name":"Ibarapa North","adm1_name":"Oyo"},"geometry":{"type":"Polygon","coordinates":[[[3.247025749999978,7.80963942000011],[3.219795576000081,7.799199912000176],[3.070591524,7.831779202000178],[3.057989239000108,7.803305730000091],[3.01922538000008,7.789857475000133],[3.011975531000189,7.700630570000101],[2.996879110000179,7.698830692000058],[2.997302525000123,7.649600575000022],[2.972631903000092,7.616174309000087],[3.00682617800004,7.555838454000082],[3.025914657000158,7.552198141000019],[3.087038475000099,7.595734560999972],[3.128871208000021,7.522296612],[3.189166245000024,7.520459209000137],[3.356237168,7.593204427999979],[3.354427568000062,7.638877433000062],[3.288336058000141,7.695623354000077],[3.278421400000127,7.754283781000026],[3.247025749999978,7.80963942000011]]]}},{"type":"Feature","properties":{"adm2_pcode":"NG031014","adm2_name":"Ido","adm1_name":"Oyo"},"geometry":{"type":"Polygon","coordinates":[[[3.747347243000092,7.693665834000115],[3.735117168000102,7.71417774300005],[3.690029429000106,7.731483935000028],[3.656937327000151,7.688456992000056],[3.578143032000185,7.648182383000062],[3.564604355000085,7.60557781100016],[3.573105100000078,7.510293288000184],[3.545752558000174,7.440804434000029],[3.707093001000146,7.447305212000174],[3.714346629999966,7.304794336000043],[3.746779654000136,7.299490849000108],[3.792005059000132,7.327492719000077],[3.849699809000185,7.336287547000154],[3.815006321000055,7.36550986400016],[3.800072554000167,7.405578829000149],[3.826621737000096,7.392244107000124],[3.850218606000055,7.403877262000151],[3.885399267000082,7.452805150000131],[3.868300558000101,7.454470798000102],[3.807147559000157,7.552548542000181],[3.726904188,7.590275672000132],[3.747347243000092,7.693665834000115]]]}},{"type":"Feature","properties":{"adm2_pcode":"NG031015","adm2_name":"Irepo","adm1_name":"Oyo"},"geometry":{"type":"Polygon","coordinates":[[[4.210460188000184,8.970032953000043],[4.012060235000092,9.034599247000017],[3.990540481000153,9.048433267000178],[3.921370700000182,9.172939180000128],[3.86296051000005,9.188310909],[3.770734316000073,9.146808348000036],[3.743066318000047,9.04689712700008],[3.720009789000017,9.01308086400013],[3.682179721000068,8.9941652010001],[3.738178499000185,8.960880481000174],[3.830650832000174,8.949074525000185],[3.977229044000183,8.875539518000153],[4.126759023000091,8.90579019200004],[4.172995090000029,8.9264487640001],[4.210460188000184,8.970032953000043]]]}},{"type":"Feature","properties":{"adm2_pcode":"NG031016","adm2_name":"Iseyin","adm1_name":"Oyo"},"geometry":{"type":"Polygon","coordinates":[[[3.763361003000114,8.206647858000167],[3.72387266200019,8.291266443000097],[3.647887596000032,8.33677086900019],[3.630521500000043,8.203005659000155],[3.576613736000127,8.088834269000074],[3.457087047000016,8.047817264000116],[3.449361353000143,7.934641451000061],[3.389402849000135,7.866775910000172],[3.374261124999975,7.822858787000087],[3.247025749999978,7.80963942000011],[3.301555121000092,7.679099092000115],[3.330943050000087,7.666017934000081],[3.448943493,7.694046106000144],[3.524345382000149,7.691222618000097],[3.554373985000041,7.781548445000112],[3.621420746000013,7.742756114000031],[3.664498701000127,7.741064439000127],[3.723234654000123,7.840766796000025],[3.714891668000121,7.959678581000048],[3.739929172000132,7.969562111000187],[3.72687339700002,8.038989068000092],[3.734437937000109,8.128650630000152],[3.763361003000114,8.206647858000167]]]}},{"type":"Feature","properties":{"adm2_pcode":"NG031017","adm2_name":"Itesiwaju","adm1_name":"Oyo"},"geometry":{"type":"Polygon","coordinates":[[[3.647887596000032,8.33677086900019],[3.617097831000024,8.355729498000187],[3.401212323000095,8.316561385000114],[3.309936984000046,8.315161261000071],[3.205224682000107,8.363863374000118],[3.084400579000146,8.364737553000055],[3.027690141000164,8.310688400000117],[3.025172470000086,8.207176973000117],[3.19077599100018,8.124536490000082],[3.203918187000113,8.092584335000026],[3.246085390000189,8.089051702],[3.277376766000032,8.093849552000165],[3.273626079999985,8.135396833000073],[3.294523519000052,8.181063601000119],[3.334056622000162,8.212031228000058],[3.428935782000053,8.139554077000184],[3.406533718000105,8.09145546700006],[3.458767711000178,8.047450639999965],[3.576613736000127,8.088834269000074],[3.630521500000043,8.203005659000155],[3.647887596000032,8.33677086900019]]]}},{"type":"Feature","properties":{"adm2_pcode":"NG031018","adm2_name":"Iwajowa","adm1_name":"Oyo"},"geometry":{"type":"Polygon","coordinates":[[[3.025564338000038,8.21965058700016],[2.751486538000051,8.206275822000123],[2.697489496,7.94020026700008],[2.66853356300004,7.890432359000044],[2.683916337000085,7.867810347000045],[2.756649262000167,7.899967696000033],[2.793960812000023,7.95167203200009],[2.83858680600008,7.931006953000065],[2.917507167000167,7.926123684000061],[2.891305211000088,7.899950421000142],[2.879450792000057,7.822867423000105],[2.911287309000159,7.795777915000087],[2.914625643000136,7.750614558999985],[2.952445496000053,7.779732701000171],[2.985782862000065,7.859221405000142],[3.025958563000017,7.791801102000136],[3.057989239000108,7.803305730000091],[3.070591524,7.831779202000178],[3.219795576000081,7.799199912000176],[3.233686607000038,7.81263557300008],[3.330472489000158,7.808813019000183],[3.374261124999975,7.822858787000087],[3.383472911000126,7.847009613000125],[3.283378826000103,7.924481834000119],[3.26189736300006,8.006276197000147],[3.277376766000032,8.093849552000165],[3.203918187000113,8.092584335000026],[3.19077599100018,8.124536490000082],[3.025172470000086,8.207176973000117],[3.025564338000038,8.21965058700016]]]}},{"type":"Feature","properties":{"adm2_pcode":"NG031019","adm2_name":"Kajola","adm1_name":"Oyo"},"geometry":{"type":"Polygon","coordinates":[[[3.457087047000016,8.047817264000116],[3.406533718000105,8.09145546700006],[3.432889244000137,8.134283137000125],[3.416417132000049,8.153390934000072],[3.334056622000162,8.212031228000058],[3.310336808000045,8.205442459000153],[3.273626079999985,8.135396833000073],[3.261897307000083,8.048412200000143],[3.287509668000155,7.914567591000036],[3.383472911000126,7.847009613000125],[3.449361353000143,7.934641451000061],[3.457087047000016,8.047817264000116]]]}},{"type":"Feature","properties":{"adm2_pcode":"NG031020","adm2_name":"Lagelu","adm1_name":"Oyo"},"geometry":{"type":"Polygon","coordinates":[[[4.15892642600005,7.529891559000021],[4.12551764799997,7.531503999000051],[4.128153182000119,7.553125020000095],[4.108078010000156,7.567443220000143],[4.129870119000145,7.599820254000065],[4.103072003000079,7.591879720000179],[4.081765061,7.619925015000092],[4.052281250000078,7.617115958000113],[4.004706436000106,7.566690485000095],[3.948343272000102,7.457557695000162],[3.941347843000074,7.409837619000086],[3.993533860000127,7.431128565000108],[4.035947894000117,7.51193457800008],[4.054477706000057,7.461009872999966],[4.116535501000101,7.469884938000064],[4.148307190000025,7.458775323],[4.165897398000027,7.506261837000125],[4.15892642600005,7.529891559000021]]]}},{"type":"Feature","properties":{"adm2_pcode":"NG031021","adm2_name":"Ogbomosho North","adm1_name":"Oyo"},"geometry":{"type":"Polygon","coordinates":[[[4.282382516000098,8.083375868000076],[4.301712057000088,8.12108754000019],[4.297052349000182,8.15697947200016],[4.260525383000072,8.189953872],[4.249700260000111,8.222974593],[4.220885303999978,8.20031446300004],[4.190389864999986,8.129159453000057],[4.235648968000135,8.132147106000048],[4.282382516000098,8.083375868000076]]]}},{"type":"Feature","properties":{"adm2_pcode":"NG031022","adm2_name":"Ogbomosho South","adm1_name":"Oyo"},"geometry":{"type":"Polygon","coordinates":[[[4.282382516000098,8.083375868000076],[4.227967442000136,8.135258216000068],[4.189265613999964,8.128838144000042],[4.177770845000055,8.112188987000138],[4.205772228000058,8.0935293120001],[4.232484838000175,8.11234283500005],[4.282382516000098,8.083375868000076]]]}},{"type":"Feature","properties":{"adm2_pcode":"NG031023","adm2_name":"Ogo Oluwa","adm1_name":"Oyo"},"geometry":{"type":"Polygon","coordinates":[[[4.280046923000043,8.08108807400015],[4.232484838000175,8.11234283500005],[4.205772228000058,8.0935293120001],[4.182275191000087,8.10113627700008],[4.181167396000149,8.078933569000128],[4.146787203000088,8.054984549000096],[4.083780408000052,7.943938165000134],[4.091146486000071,7.850165927000148],[4.21717570200002,7.870616938000182],[4.191331378000029,7.91023457100016],[4.233576952000078,7.930633927000144],[4.242376991000185,7.960456666000027],[4.276530357000013,7.97111533400016],[4.249848411000187,8.045840875000124],[4.280046923000043,8.08108807400015]]]}},{"type":"Feature","properties":{"adm2_pcode":"NG031024","adm2_name":"Olorunsogo","adm1_name":"Oyo"},"geometry":{"type":"Polygon","coordinates":[[[4.334852221000119,8.95774488100011],[4.316407144000152,8.997709318000148],[4.253385500000036,8.966966721000176],[4.210460188000184,8.970032953000043],[4.172995090000029,8.9264487640001],[4.126759023000091,8.90579019200004],[3.977229044000183,8.875539518000153],[3.896561883000174,8.750357720000125],[3.877870640000026,8.6923170930001],[3.923945180000032,8.617599440000106],[4.104286137000031,8.613432861999968],[4.147325583000054,8.624192202000074],[4.213420827000107,8.682601929999976],[4.182902261000095,8.765195413000072],[4.186058465000087,8.805596089000119],[4.257996989000105,8.900871186000188],[4.334852221000119,8.95774488100011]]]}},{"type":"Feature","properties":{"adm2_pcode":"NG031025","adm2_name":"Oluyole","adm1_name":"Oyo"},"geometry":{"type":"Polygon","coordinates":[[[3.995383007999976,7.125019771000041],[3.98720076800015,7.293975769000099],[3.94764219700005,7.346386666000058],[3.926362628000049,7.362564760000168],[3.901698303000046,7.338494175000108],[3.824484501000029,7.335646799000074],[3.769743665000078,7.313325673000122],[3.763602279000168,7.230482978],[3.79444003500015,7.139492104000112],[3.727434392000021,7.096852427000044],[3.727600573000132,7.083577640000101],[3.938921004000122,7.083908190999978],[3.995383007999976,7.125019771000041]]]}},{"type":"Feature","properties":{"adm2_pcode":"NG031026","adm2_name":"Ona-Ara","adm1_name":"Oyo"},"geometry":{"type":"Polygon","coordinates":[[[4.128886655000144,7.310589725000057],[4.074476170000082,7.353288332000034],[3.926990904000149,7.374714882999967],[3.98720076800015,7.293975769000099],[3.995383007999976,7.125019771000041],[4.088356089,7.133446168000091],[4.071053048000181,7.138991741000041],[4.085450709000156,7.151198420000071],[4.072617985000079,7.167474233000178],[4.094214431000125,7.228194661000146],[4.125375785000074,7.257791399999974],[4.128886655000144,7.310589725000057]]]}},{"type":"Feature","properties":{"adm2_pcode":"NG031027","adm2_name":"Orelope","adm1_name":"Oyo"},"geometry":{"type":"Polygon","coordinates":[[[3.977229044000183,8.875539518000153],[3.830650832000174,8.949074525000185],[3.738178499000185,8.960880481000174],[3.682179721000068,8.9941652010001],[3.603774280000152,8.96012997600019],[3.680137144000071,8.837911869000152],[3.685055976000115,8.754292591000024],[3.810975768999981,8.663787810000088],[3.822780623000085,8.596618544000023],[3.923945180000032,8.617599440000106],[3.877870640000026,8.6923170930001],[3.896561883000174,8.750357720000125],[3.977229044000183,8.875539518000153]]]}},{"type":"Feature","properties":{"adm2_pcode":"NG031028","adm2_name":"Ori Ire","adm1_name":"Oyo"},"geometry":{"type":"Polygon","coordinates":[[[4.375293417000137,8.31818662400002],[4.209143677000043,8.680658442000151],[4.147325583000054,8.624192202000074],[3.963522906000151,8.614751883000167],[3.958129575000044,8.531410195000092],[4.047678538000071,8.362917027000094],[3.965199204000101,8.233306807000133],[3.96402099400018,8.202670976999968],[4.022934894000059,8.120192655000096],[4.044272792000015,7.991635052000106],[4.083780408000052,7.943938165000134],[4.146787203000088,8.054984549000096],[4.181167396000149,8.078933569000128],[4.177770845000055,8.112188987000138],[4.220885303999978,8.20031446300004],[4.336343197000019,8.301284818000113],[4.375293417000137,8.31818662400002]]]}},{"type":"Feature","properties":{"adm2_pcode":"NG031029","adm2_name":"Oyo East","adm1_name":"Oyo"},"geometry":{"type":"Polygon","coordinates":[[[4.083780408000052,7.943938165000134],[4.044272792000015,7.991635052000106],[4.053029395000067,7.942652983000187],[4.001467216000151,7.907824500000174],[3.975775402000181,7.860006082000098],[3.944255624000107,7.841368279000164],[3.93056686400007,7.849985194],[3.914765528999965,7.809404544000188],[3.928764297000043,7.79435451900008],[3.958115418000034,7.830285075000063],[3.987158762000035,7.834513765000054],[3.985894949000169,7.806582049000156],[3.907801298000095,7.737090035000108],[4.01442071200006,7.692238373],[4.024728968000147,7.664917644000184],[4.077789663999965,7.710499103000132],[4.061259718999963,7.754265721000138],[4.091146486000071,7.850165927000148],[4.083780408000052,7.943938165000134]]]}},{"type":"Feature","properties":{"adm2_pcode":"NG031030","adm2_name":"Oyo West","adm1_name":"Oyo"},"geometry":{"type":"Polygon","coordinates":[[[3.931859103000136,7.851146652000182],[3.927514677000033,7.905624743000146],[3.874450292000176,7.948937724000132],[3.858359819000157,8.014053715999978],[3.786611071000038,8.075451022000038],[3.768599946000052,8.074888041000065],[3.72687339700002,8.038989068000092],[3.741246924000109,7.976809897000123],[3.714891668000121,7.959678581000048],[3.726751583000066,7.860186966000185],[3.713567807000118,7.80587663700004],[3.663520190000099,7.739634163000062],[3.642099231000088,7.679042961000164],[3.690029429000106,7.731483935000028],[3.735117168000102,7.71417774300005],[3.747347243000092,7.693665834000115],[3.761130415000139,7.718921628999965],[3.805308831000048,7.736173353000083],[3.799776949000147,7.75323432700003],[3.756300069000133,7.758024908000039],[3.761736933,7.812064596000027],[3.882978604000073,7.824046813000166],[3.914765528999965,7.809404544000188],[3.931859103000136,7.851146652000182]]]}},{"type":"Feature","properties":{"adm2_pcode":"NG031031","adm2_name":"Saki East","adm1_name":"Oyo"},"geometry":{"type":"Polygon","coordinates":[[[3.822780623000085,8.596618544000023],[3.810975768999981,8.663787810000088],[3.685055976000115,8.754292591000024],[3.680137144000071,8.837911869000152],[3.603774280000152,8.96012997600019],[3.421287402000132,8.86341090600007],[3.445972765000079,8.78983228300018],[3.538960711000186,8.684960059000161],[3.52954083700007,8.65685649],[3.493059753000125,8.65211844800001],[3.457185832000107,8.625062950000029],[3.442421897000088,8.600106118000099],[3.453900621000173,8.574131911000109],[3.584454318000155,8.517317743000035],[3.766786093000178,8.485887535000074],[3.768800767000073,8.462920172],[3.801476494000156,8.453573206999977],[3.816847592000101,8.468944555000121],[3.807624795000038,8.539650774000052],[3.822780623000085,8.596618544000023]]]}},{"type":"Feature","properties":{"adm2_pcode":"NG031032","adm2_name":"Saki West","adm1_name":"Oyo"},"geometry":{"type":"Polygon","coordinates":[[[3.442421897000088,8.600106118000099],[3.493059753000125,8.65211844800001],[3.52954083700007,8.65685649],[3.538960711000186,8.684960059000161],[3.445972765000079,8.78983228300018],[3.421287402000132,8.86341090600007],[3.237358302000189,8.78251472],[3.16357731100004,8.808645402000082],[3.103630093000106,8.750234475000127],[3.01447796500014,8.710269922000066],[2.920714386000043,8.611895650000179],[2.802357206000011,8.61035825200014],[2.761227125000119,8.570056076000128],[2.747540953000168,8.465741043000094],[3.032020580000051,8.436422864000178],[3.105179196000108,8.556628422000017],[3.19736287500001,8.593048217000103],[3.330455929000038,8.564498069000024],[3.442421897000088,8.600106118000099]]]}},{"type":"Feature","properties":{"adm2_pcode":"NG031033","adm2_name":"Surulere","adm1_name":"Oyo"},"geometry":{"type":"Polygon","coordinates":[[[4.505629043000056,8.09195905200005],[4.477091392999967,8.218340037000075],[4.386852023000074,8.291888842000162],[4.375293417000137,8.31818662400002],[4.249962360000097,8.227441076],[4.260525383000072,8.189953872],[4.297052349000182,8.15697947200016],[4.301712057000088,8.12108754000019],[4.249848411000187,8.045840875000124],[4.276530357000013,7.97111533400016],[4.328186009000149,7.935013213000104],[4.365649790000077,7.859468261000131],[4.392464788999973,7.892491977000134],[4.435022379000145,7.885078744000054],[4.429317897000089,7.936733101000129],[4.482468203000053,7.941878124000084],[4.557550025000069,7.982039825000129],[4.568998310999973,8.054756062000138],[4.505629043000056,8.09195905200005]]]}},{"type":"Feature","properties":{"adm2_pcode":"NG032001","adm2_name":"Barikin Ladi","adm1_name":"Plateau"},"geometry":{"type":"Polygon","coordinates":[[[9.08714408800006,9.698850660000062],[8.999280249000037,9.72390762800012],[8.973048902000073,9.830400354000062],[8.958024950000095,9.824390618000052],[8.945670813000106,9.758205548000035],[8.88010232800002,9.676143742000136],[8.87301934400017,9.57930381000017],[8.810226199000056,9.520530584000028],[8.804074533000176,9.472734898999988],[8.733387041000071,9.432177348000096],[8.695610279000107,9.374082814000133],[8.694150795000155,9.322327489000031],[8.806350633000022,9.354335620000143],[9.005054950000044,9.447692880000034],[9.035962269000038,9.536086097000066],[9.138778624,9.623922252000114],[9.135787078000135,9.646954577000031],[9.08714408800006,9.698850660000062]]]}},{"type":"Feature","properties":{"adm2_pcode":"NG032002","adm2_name":"Bassa","adm1_name":"Plateau"},"geometry":{"type":"Polygon","coordinates":[[[8.870192706000068,10.357634539000117],[8.77336413900008,10.395070290000035],[8.797372505,10.339702246000115],[8.782615945000146,10.291517787000089],[8.710462379000091,10.26127998100003],[8.646013427000184,10.196640175000141],[8.628693588000033,10.112859469000114],[8.679919183000152,10.005089764000104],[8.673029689000145,9.987412614000107],[8.610556731000145,9.963402545000122],[8.635500997000065,9.923970266000026],[8.618143352000175,9.882659036000177],[8.637150169000108,9.766336183000135],[8.61546522000009,9.742396615000189],[8.62857137800006,9.734005753000133],[8.698367527000187,9.733711633000098],[8.69559748,9.75114287000008],[8.74836775500006,9.76389547000008],[8.829536108000184,9.967007884000054],[8.868526804000055,10.013077345000113],[8.95783898500008,10.0367403730001],[8.978166798000018,10.180499753000106],[8.929702091000081,10.228540146000114],[8.95489228700012,10.308810082000093],[8.92977062000017,10.352089997],[8.870192706000068,10.357634539000117]]]}},{"type":"Feature","properties":{"adm2_pcode":"NG032003","adm2_name":"Bokkos","adm1_name":"Plateau"},"geometry":{"type":"Polygon","coordinates":[[[9.005054950000044,9.447692880000034],[8.806350633000022,9.354335620000143],[8.756585787000063,9.349631809000073],[8.743500058000109,9.330309585000066],[8.698085745000128,9.32057105900003],[8.67898368800013,9.275321749000113],[8.635916861000055,9.248313114000155],[8.667521241000031,9.189869605000013],[8.764998372000036,9.16524126100012],[8.760068892,9.105177133000097],[8.799438432000159,9.071156268000095],[8.798154860000182,9.031578333000027],[8.924118943000167,9.015936002000103],[9.060153692000142,9.020597519000091],[9.104999699000132,9.07107040699998],[9.131368555,9.20081348500014],[9.120612069000174,9.308444218000034],[9.005054950000044,9.447692880000034]]]}},{"type":"Feature","properties":{"adm2_pcode":"NG032004","adm2_name":"Jos East","adm1_name":"Plateau"},"geometry":{"type":"Polygon","coordinates":[[[9.291556814000046,9.903431671000021],[9.255470521,10.01713004100003],[9.217510986000093,10.046340182000051],[8.986306452000122,10.010419813000112],[8.96882637200008,9.965797655000017],[8.9871321010001,9.903095512000164],[8.963752325000144,9.856204381],[8.993154494000066,9.73135688300016],[9.034782423000081,9.706177516000025],[9.08714408800006,9.698850660000062],[9.2535544750001,9.808555366000064],[9.291556814000046,9.903431671000021]]]}},{"type":"Feature","properties":{"adm2_pcode":"NG032005","adm2_name":"Jos North","adm1_name":"Plateau"},"geometry":{"type":"Polygon","coordinates":[[[8.986306452000122,10.010419813000112],[8.956396882000035,10.03375726700017],[8.868526804000055,10.013077345000113],[8.799922056000014,9.910035371000163],[8.831473235000146,9.882361300000014],[8.899632348000182,9.89453212900014],[8.964294354000117,9.851695796000115],[8.9871321010001,9.903095512000164],[8.96882637200008,9.965797655000017],[8.986306452000122,10.010419813000112]]]}},{"type":"Feature","properties":{"adm2_pcode":"NG032006","adm2_name":"Jos South","adm1_name":"Plateau"},"geometry":{"type":"Polygon","coordinates":[[[8.974706592000075,9.838644785000042],[8.899632348000182,9.89453212900014],[8.831473235000146,9.882361300000014],[8.801460828000188,9.908163568000077],[8.80131987500016,9.88233106500013],[8.773650197000109,9.85182314400015],[8.7620073490001,9.779854100000136],[8.739264750000132,9.756664769000167],[8.69559748,9.75114287000008],[8.710854756000117,9.711099648000129],[8.69769980400008,9.662253455000041],[8.770903640000142,9.644765175000089],[8.77518475700009,9.611638742000025],[8.802513035000118,9.645671154000183],[8.857856635000132,9.635542255000132],[8.908639783000183,9.725672923000047],[8.945670813000106,9.758205548000035],[8.952612942000087,9.81642931000016],[8.974706592000075,9.838644785000042]]]}},{"type":"Feature","properties":{"adm2_pcode":"NG032007","adm2_name":"Kanam","adm1_name":"Plateau"},"geometry":{"type":"Polygon","coordinates":[[[10.576660174000097,9.446454099000164],[10.488900150000177,9.55259487700016],[10.372870191000061,9.603427939000028],[10.255872465000039,9.688255210000023],[10.14983294200016,9.681633134000094],[10.13039005500002,9.722004853000158],[10.094710169000166,9.743586693000054],[9.965747627000155,9.773833397000146],[9.93506889300005,9.722157540000069],[9.953860892000137,9.611177237000106],[9.85355395300013,9.60674498100002],[9.741759530000138,9.534790736000048],[9.790269752000029,9.452076848000047],[9.782441880000022,9.353570564000051],[9.759349561000079,9.329081787000064],[9.768572835999976,9.29628728400013],[9.78937587300004,9.303458372000136],[9.796368617000098,9.281307283000103],[9.859737872999972,9.28116507600015],[9.888074870000082,9.253717329000096],[9.884089364000033,9.214930324000079],[9.93810560500009,9.213467844999968],[9.98510763600018,9.238721125000097],[10.00510102100003,9.22603976300013],[10.025142997000103,9.259771726],[9.997063486000172,9.290140073000146],[10.060512329,9.316759511000157],[10.11838126400005,9.43425927200019],[10.141916194999965,9.45166291900017],[10.327360802000044,9.435896820000153],[10.408109891000095,9.382984992000047],[10.493920101000128,9.402239691000034],[10.569179507000115,9.399789704000113],[10.576660174000097,9.446454099000164]]]}},{"type":"Feature","properties":{"adm2_pcode":"NG032008","adm2_name":"Kanke","adm1_name":"Plateau"},"geometry":{"type":"Polygon","coordinates":[[[9.741759530000138,9.534790736000048],[9.550822386000107,9.505151583000043],[9.50875007999997,9.539963577000037],[9.490553930999965,9.528097299000024],[9.46853445,9.451305361999971],[9.523503839000114,9.413226549000171],[9.52626980000008,9.357675195000127],[9.507220731000189,9.301212852000162],[9.514748571999974,9.259777252000106],[9.477744716000188,9.242880133000142],[9.47008224199999,9.18357630100013],[9.545942579000041,9.193828183000164],[9.598171972999978,9.231192622000037],[9.628366525000047,9.286587984000164],[9.68859784700004,9.27574841600017],[9.712064908000059,9.226597972000036],[9.739838736000024,9.250996831000066],[9.768572835999976,9.29628728400013],[9.759349561000079,9.329081787000064],[9.782441880000022,9.353570564000051],[9.791338977000123,9.428958859000147],[9.779052635000141,9.486328061000108],[9.741759530000138,9.534790736000048]]]}},{"type":"Feature","properties":{"adm2_pcode":"NG032009","adm2_name":"Langtang North","adm1_name":"Plateau"},"geometry":{"type":"Polygon","coordinates":[[[9.915121052000018,9.210517043000095],[9.884089364000033,9.214930324000079],[9.888074870000082,9.253717329000096],[9.859737872999972,9.28116507600015],[9.796368617000098,9.281307283000103],[9.785673682000038,9.304254564000132],[9.70473013200018,9.218549958000096],[9.669333701000028,9.128930263000086],[9.750226916000145,9.099654386000111],[9.770798187000025,9.008799480000107],[9.834992696000086,8.984951188000082],[9.809714492000069,8.906608556000037],[9.784290084000133,8.893896875000166],[9.78018111199998,8.795259258000044],[9.858621169000173,8.808147667000185],[9.86109213800006,8.861736425000174],[9.890116961000047,8.917900273000043],[9.867911355,9.023092441000074],[9.912544962000084,9.057892708999987],[9.92457945200016,9.089315165000016],[9.915372790999982,9.12172516700008],[9.931343078000054,9.151390817000049],[9.915121052000018,9.210517043000095]]]}},{"type":"Feature","properties":{"adm2_pcode":"NG032010","adm2_name":"Langtang South","adm1_name":"Plateau"},"geometry":{"type":"Polygon","coordinates":[[[10.00801580100017,8.553002418000062],[10.010299689000135,8.610495476000153],[9.933354634000011,8.649550339000086],[9.912611219000098,8.681447892000108],[9.903367967000065,8.756326664000028],[9.872120849000169,8.807063190000065],[9.87231705400012,8.886129009000115],[9.858621169000173,8.808147667000185],[9.828430223000055,8.793540004000079],[9.812423591000083,8.806342941000082],[9.77423394300007,8.798855652999976],[9.7511080270001,8.757287863000045],[9.708895515000108,8.753483606000145],[9.676871128000073,8.731979303000173],[9.65472119500015,8.633317128000158],[9.659494325000026,8.57175455200013],[9.756654558000093,8.367341871000065],[9.86944676800016,8.431289639000113],[10.00801580100017,8.553002418000062]]]}},{"type":"Feature","properties":{"adm2_pcode":"NG032011","adm2_name":"Mangu","adm1_name":"Plateau"},"geometry":{"type":"Polygon","coordinates":[[[9.322115596,9.580175173000043],[9.3201487070001,9.618462306000083],[9.284580069000185,9.636112064000088],[9.294490636000148,9.673307484000134],[9.279338905000145,9.709314214000187],[9.261855159,9.712398747000066],[9.240032182000107,9.681838764000076],[9.152183467999976,9.74476123100004],[9.08714408800006,9.698850660000062],[9.135787078000135,9.646954577000031],[9.1352889960001,9.616044753000153],[9.064594205000105,9.569097249000095],[9.01973070400004,9.511600332000114],[9.005054950000044,9.447692880000034],[9.120612069000174,9.308444218000034],[9.131368555,9.20081348500014],[9.104999699000132,9.07107040699998],[9.120655753000051,9.057480862000148],[9.13401246,8.976992514000074],[9.237325935000115,9.076174491000074],[9.306377457000167,9.111504950999972],[9.24744749600012,9.19718141500016],[9.240673476000097,9.24788930699998],[9.28375058,9.3596981660001],[9.331574867000086,9.376267159000122],[9.329375822000145,9.455140065000137],[9.270369320000043,9.504763893000131],[9.297641272000021,9.526150831000109],[9.291788894000035,9.565079559000026],[9.322115596,9.580175173000043]]]}},{"type":"Feature","properties":{"adm2_pcode":"NG032012","adm2_name":"Mikang","adm1_name":"Plateau"},"geometry":{"type":"Polygon","coordinates":[[[9.784290084000133,8.893896875000166],[9.809714492000069,8.906608556000037],[9.834992696000086,8.984951188000082],[9.770798187000025,9.008799480000107],[9.744369871,9.103161351000097],[9.643451841000115,9.127025630000105],[9.578825096000173,9.066241479000155],[9.567696539000167,9.09856498500011],[9.381306669000026,9.097296562000054],[9.386566666000078,9.000344669000185],[9.414757787000042,8.977049734000161],[9.467196678000164,8.980203519999975],[9.513827588000026,8.93015100700012],[9.64529313800017,8.920543399999985],[9.755926378000083,8.944761048000032],[9.781725097000106,8.928531404000125],[9.784290084000133,8.893896875000166]]]}},{"type":"Feature","properties":{"adm2_pcode":"NG032013","adm2_name":"Pankshin","adm1_name":"Plateau"},"geometry":{"type":"Polygon","coordinates":[[[9.475710250000077,9.47448699600011],[9.408265109000183,9.504614002000096],[9.3947676680001,9.546486105000099],[9.356342239000185,9.572319725000057],[9.316162297000119,9.579674581],[9.291788894000035,9.565079559000026],[9.297641272000021,9.526150831000109],[9.270369320000043,9.504763893000131],[9.329375822000145,9.455140065000137],[9.331574867000086,9.376267159000122],[9.28375058,9.3596981660001],[9.250920728000096,9.297458955000138],[9.24744749600012,9.19718141500016],[9.31702580600006,9.11792497500005],[9.374087449000058,9.125029487000063],[9.381306669000026,9.097296562000054],[9.398673847000055,9.091002317000175],[9.567696539000167,9.09856498500011],[9.572789233000037,9.071765048000032],[9.588350283000011,9.068594123000082],[9.630260655000086,9.120648211000116],[9.672205857,9.13023266099998],[9.712064908000059,9.226597972000036],[9.68859784700004,9.27574841600017],[9.641736736000098,9.289111813000147],[9.598171972999978,9.231192622000037],[9.545942579000041,9.193828183000164],[9.47008224199999,9.18357630100013],[9.477744716000188,9.242880133000142],[9.514748571999974,9.259777252000106],[9.507220731000189,9.301212852000162],[9.52626980000008,9.357675195000127],[9.523503839000114,9.413226549000171],[9.47063426,9.447537585000077],[9.475710250000077,9.47448699600011]]]}},{"type":"Feature","properties":{"adm2_pcode":"NG032014","adm2_name":"Qua'an Pan","adm1_name":"Plateau"},"geometry":{"type":"Polygon","coordinates":[[[9.34013726700016,9.11297285400019],[9.305569968000043,9.126846085000125],[9.306377457000167,9.111504950999972],[9.237325935000115,9.076174491000074],[9.13401246,8.976992514000074],[9.120655753000051,9.057480862000148],[9.104999699000132,9.07107040699998],[9.060153692000142,9.020597519000091],[9.071894816999986,8.945277061000013],[9.04595552700016,8.922889912000187],[9.023541279000085,8.865909516000045],[8.958789974000126,8.849521869000114],[8.945146484000134,8.799559834999968],[8.90719671200003,8.775965590000112],[8.891933419000054,8.740353659000107],[8.91394714300003,8.686176204000162],[8.940243882000061,8.667230721000124],[8.951176418000102,8.621312075000105],[8.98343153899998,8.596580632000098],[8.979004058000044,8.530584319000127],[9.019470297000055,8.509875242000021],[9.049360359000161,8.519665751000161],[9.06993490100001,8.487661259000106],[9.101412669000183,8.473614694000105],[9.101093512000148,8.438851296000053],[9.13239408800007,8.428657547000114],[9.174925971000107,8.467225953000025],[9.273347147000152,8.463870887000098],[9.28064507200014,8.504845314000079],[9.309997256000088,8.524917241000026],[9.383412882000073,8.680625311000142],[9.347774326000092,8.771757433000175],[9.361767702000066,8.801776694000182],[9.402821785000071,8.830627565000157],[9.357973878000053,8.84214872400014],[9.341522142000088,8.864585107000153],[9.354729812000073,8.953973505000135],[9.319279902000062,9.012246065000056],[9.32358375399997,9.085844817000122],[9.34013726700016,9.11297285400019]]]}},{"type":"Feature","properties":{"adm2_pcode":"NG032015","adm2_name":"Riyom","adm1_name":"Plateau"},"geometry":{"type":"Polygon","coordinates":[[[8.698367527000187,9.733711633000098],[8.599562914999979,9.737936025000067],[8.593065361000072,9.674981823],[8.562477927000032,9.669762330000083],[8.553666266999983,9.651996673000156],[8.567339798999967,9.606272024000077],[8.554541494000034,9.549718870000106],[8.57028767700018,9.49861002400013],[8.602242729000068,9.476547362000076],[8.642338948000031,9.401108025000042],[8.695610279000107,9.374082814000133],[8.733387041000071,9.432177348000096],[8.804074533000176,9.472734898999988],[8.810226199000056,9.520530584000028],[8.865862098000036,9.567403084000148],[8.877362132000144,9.61038488600019],[8.87182433300012,9.646818295000173],[8.846913271000119,9.629728380000188],[8.802513035000118,9.645671154000183],[8.77518475700009,9.611638742000025],[8.770903640000142,9.644765175000089],[8.701812528000175,9.656643945999974],[8.710854756000117,9.711099648000129],[8.698367527000187,9.733711633000098]]]}},{"type":"Feature","properties":{"adm2_pcode":"NG032016","adm2_name":"Shendam","adm1_name":"Plateau"},"geometry":{"type":"Polygon","coordinates":[[[9.391361367000059,8.99258484100011],[9.374087449000058,9.125029487000063],[9.340469517000088,9.11357606700011],[9.32358375399997,9.085844817000122],[9.319279902000062,9.012246065000056],[9.354729812000073,8.953973505000135],[9.343713016000152,8.858890290000147],[9.402821785000071,8.830627565000157],[9.361767702000066,8.801776694000182],[9.347774326000092,8.771757433000175],[9.383412882000073,8.680625311000142],[9.309997256000088,8.524917241000026],[9.28064507200014,8.504845314000079],[9.273347147000152,8.463870887000098],[9.36240330600009,8.489967542999977],[9.4916242810001,8.430870612000149],[9.571774599000094,8.42888348200006],[9.621475490000023,8.38899316900006],[9.756654558000093,8.367341871000065],[9.661774374000117,8.564132555000185],[9.65472119500015,8.633317128000158],[9.676871128000073,8.731979303000173],[9.708895515000108,8.753483606000145],[9.7511080270001,8.757287863000045],[9.77311351700007,8.781431464000093],[9.781725097000106,8.928531404000125],[9.755926378000083,8.944761048000032],[9.64529313800017,8.920543399999985],[9.513827588000026,8.93015100700012],[9.467196678000164,8.980203519999975],[9.414757787000042,8.977049734000161],[9.391361367000059,8.99258484100011]]]}},{"type":"Feature","properties":{"adm2_pcode":"NG032017","adm2_name":"Wase","adm1_name":"Plateau"},"geometry":{"type":"Polygon","coordinates":[[[10.569179507000115,9.399789704000113],[10.493920101000128,9.402239691000034],[10.408109891000095,9.382984992000047],[10.327360802000044,9.435896820000153],[10.159549200000129,9.458598567000081],[10.11838126400005,9.43425927200019],[10.060512329,9.316759511000157],[9.997063486000172,9.290140073000146],[10.025142997000103,9.259771726],[10.009800803000076,9.228357358000153],[9.98510763600018,9.238721125000097],[9.915121052000018,9.210517043000095],[9.931343078000054,9.151390817000049],[9.915372790999982,9.12172516700008],[9.92457945200016,9.089315165000016],[9.912544962000084,9.057892708999987],[9.867911355,9.023092441000074],[9.890116961000047,8.917900273000043],[9.87222409800006,8.88814831500008],[9.872120849000169,8.807063190000065],[9.903367967000065,8.756326664000028],[9.929240985000092,8.655158938000056],[10.010299689000135,8.610495476000153],[10.00801580100017,8.553002418000062],[10.248636126,8.808208494000155],[10.406956527000034,8.934706445000074],[10.463807207000116,8.96321578200002],[10.596746346999964,8.976116127000125],[10.627225946000067,9.019009407000112],[10.640036828000063,9.073219398000106],[10.622524993000013,9.094029644000102],[10.635760371,9.126683917000037],[10.613539518000096,9.148863940000126],[10.614236805000132,9.182785085000035],[10.580149531000075,9.245836311000119],[10.580260518000102,9.326922623000087],[10.559869793000018,9.351113139000063],[10.569179507000115,9.399789704000113]]]}},{"type":"Feature","properties":{"adm2_pcode":"NG033001","adm2_name":"Abua/Odual","adm1_name":"Rivers"},"geometry":{"type":"Polygon","coordinates":[[[6.669201866000094,4.90518188700014],[6.59650891300015,4.980937015000109],[6.570669086000066,4.974615107000147],[6.549643091000064,4.941215065000108],[6.572981383000183,4.906282772],[6.543207287000087,4.892314925999983],[6.48019511200016,4.949224022000124],[6.44040200000012,4.954815865000114],[6.398606663000066,4.851465241000028],[6.445941947000108,4.730044812000131],[6.478478833000167,4.713902021000024],[6.552611951000188,4.758596881000074],[6.598032991000139,4.729859005000151],[6.629915193000159,4.758760000000166],[6.692409991000034,4.745677926999974],[6.762456996000139,4.760527133000096],[6.720118957000125,4.855014790000041],[6.676809260000027,4.877553903000035],[6.698310924000054,4.901260891000106],[6.669201866000094,4.90518188700014]]]}},{"type":"Feature","properties":{"adm2_pcode":"NG033002","adm2_name":"Ahoada East","adm1_name":"Rivers"},"geometry":{"type":"Polygon","coordinates":[[[6.717530319000161,5.182233936000102],[6.663784429000145,5.172273367000116],[6.639543108000169,5.204371933000118],[6.60316313900006,5.166160308000087],[6.59190898200012,5.03132199700002],[6.526670994000142,4.946525087000168],[6.549643091000064,4.941215065000108],[6.570669086000066,4.974615107000147],[6.59650891300015,4.980937015000109],[6.649763140000061,4.914313811000056],[6.669201866000094,4.90518188700014],[6.68524206100011,4.917295949000049],[6.66788490600004,4.932353049000142],[6.681063198000118,4.963482837000129],[6.66888709,4.991085982000072],[6.689030257000184,5.028687960000127],[6.717530319000161,5.182233936000102]]]}},{"type":"Feature","properties":{"adm2_pcode":"NG033003","adm2_name":"Ahoada West","adm1_name":"Rivers"},"geometry":{"type":"Polygon","coordinates":[[[6.629775025000129,5.190967988000125],[6.555801570000028,5.202908291000142],[6.544492122000065,5.186294112000098],[6.483337373000154,5.181286670000077],[6.477923943000064,5.137354643000151],[6.411561096000185,5.004581920000078],[6.44040200000012,4.954815865000114],[6.48019511200016,4.949224022000124],[6.543207287000087,4.892314925999983],[6.57179592600005,4.913424673],[6.525857991000066,4.95818709200006],[6.587197803000151,5.01970482500019],[6.602046386000097,5.162721161000036],[6.629775025000129,5.190967988000125]]]}},{"type":"Feature","properties":{"adm2_pcode":"NG033004","adm2_name":"Akuku Toru","adm1_name":"Rivers"},"geometry":{"type":"Polygon","coordinates":[[[6.875679495000156,4.359220975000085],[6.806723128000044,4.560155870000131],[6.836722741000017,4.618194126000049],[6.814415018000034,4.645410034000179],[6.789956992000157,4.739309747000107],[6.766444087000082,4.738150556000051],[6.762456996000139,4.760527133000096],[6.692409991000034,4.745677926999974],[6.629915193000159,4.758760000000166],[6.6072411130001,4.746353191000082],[6.56308647100019,4.67905788000013],[6.566477623000083,4.620209051000018],[6.602916128000118,4.556295753000029],[6.547496962000025,4.427616445000183],[6.560587202000079,4.376380177000158],[6.639487638000048,4.317063307000183],[6.723094487000139,4.357533943000078],[6.760044558000175,4.347712492000085],[6.875679495000156,4.359220975000085]]]}},{"type":"Feature","properties":{"adm2_pcode":"NG033005","adm2_name":"Andoni","adm1_name":"Rivers"},"geometry":{"type":"Polygon","coordinates":[[[7.458186950000083,4.571283486000141],[7.362039073000119,4.567410001000042],[7.321276218000037,4.590577105000023],[7.308760272000086,4.581352243000026],[7.305509574999974,4.543703553000171],[7.32792387000012,4.538160326000082],[7.333048899000062,4.519156008000095],[7.324562076000177,4.447428218000141],[7.414206413000102,4.429222604000131],[7.508688618000122,4.452892290000136],[7.474218679999979,4.495741824000106],[7.481689970000161,4.514299886000117],[7.439479661000064,4.515587950999986],[7.462200615000086,4.524176888000056],[7.446499135000181,4.539839679000011],[7.458186950000083,4.571283486000141]]]}},{"type":"Feature","properties":{"adm2_pcode":"NG033006","adm2_name":"Asari-Toru","adm1_name":"Rivers"},"geometry":{"type":"Polygon","coordinates":[[[6.887269006999986,4.797744733000172],[6.825103665000029,4.824153439000156],[6.812717316000032,4.790967490000128],[6.783440440999982,4.802381327000091],[6.795415854000112,4.782156937000082],[6.781087330000105,4.752602529000058],[6.835391606000144,4.709172645000024],[6.860639111000012,4.71543979400019],[6.915170149000176,4.687501888000156],[6.924643966000019,4.716330981999988],[6.86343137800003,4.774140791000093],[6.887269006999986,4.797744733000172]]]}},{"type":"Feature","properties":{"adm2_pcode":"NG033007","adm2_name":"Bonny","adm1_name":"Rivers"},"geometry":{"type":"Polygon","coordinates":[[[7.31535486000007,4.597617165000031],[7.271490868000171,4.598915004000048],[7.240745080000181,4.641889080000169],[7.208792981000101,4.626992570000084],[7.244381823000083,4.574743110000043],[7.240493867999987,4.554689124000049],[7.174843868000039,4.567981346000124],[7.15881964600004,4.556956713000034],[7.094952714000158,4.582006203000162],[7.059288981000122,4.638806834000036],[7.04974797,4.552636146],[7.072209368000074,4.504900476000103],[7.05867719400004,4.472379219000175],[7.10812053900014,4.44753933800007],[7.114868520000073,4.462482450000152],[7.169657738000069,4.451294907000033],[7.13222158800005,4.402710917999968],[7.13895426800002,4.381390071000055],[7.213472337000042,4.381839269000125],[7.327044925000166,4.418649189000064],[7.330092873000069,4.535509103000038],[7.312016997000171,4.534786233999966],[7.300402529000053,4.565188868000178],[7.31535486000007,4.597617165000031]]]}},{"type":"Feature","properties":{"adm2_pcode":"NG033008","adm2_name":"Degema","adm1_name":"Rivers"},"geometry":{"type":"Polygon","coordinates":[[[6.783440440999982,4.802381327000091],[6.737760944000115,4.820843220000086],[6.766444087000082,4.738150556000051],[6.789956992000157,4.739309747000107],[6.814415018000034,4.645410034000179],[6.836722741000017,4.618194126000049],[6.806723128000044,4.560155870000131],[6.858159136000097,4.39611197500011],[6.958494678000079,4.374656682000136],[7.006527496999979,4.380043502000149],[7.027176820000136,4.401590802000044],[7.014607428000033,4.425383074000081],[7.079228374000138,4.448738580000168],[7.05867719400004,4.472379219000175],[7.072209368000074,4.504900476000103],[7.04974797,4.552636146],[7.059288981000122,4.638806834000036],[7.046089308000148,4.656579689000012],[7.006404030000169,4.644084882000129],[7.008776249000107,4.705556461000185],[6.982153021000101,4.740253907000067],[7.00208701400004,4.743642346000058],[7.008842114000117,4.772504821000098],[6.963924062000046,4.754275807000113],[6.940553803000057,4.794005381000034],[6.881625240000119,4.794528037000134],[6.866937159000145,4.764091485000108],[6.929156676000048,4.706504832],[6.904569239000011,4.686188227000059],[6.860639111000012,4.71543979400019],[6.835391606000144,4.709172645000024],[6.783378496000125,4.750042544000053],[6.795415854000112,4.782156937000082],[6.783440440999982,4.802381327000091]]]}},{"type":"Feature","properties":{"adm2_pcode":"NG033009","adm2_name":"Eleme","adm1_name":"Rivers"},"geometry":{"type":"Polygon","coordinates":[[[7.181752315000097,4.838303095000072],[7.152400119000106,4.850656952000065],[7.078478740999969,4.822803970000109],[7.097354090000067,4.764400826000042],[7.136040179000076,4.723979949000068],[7.195190844000081,4.747754083000189],[7.20691819700005,4.786910153000065],[7.181752315000097,4.838303095000072]]]}},{"type":"Feature","properties":{"adm2_pcode":"NG033010","adm2_name":"Emohua","adm1_name":"Rivers"},"geometry":{"type":"Polygon","coordinates":[[[6.848985212000059,5.249797784000179],[6.7944498600001,5.277269841000077],[6.73206334300005,5.276231387000166],[6.710107806,5.217799108000065],[6.717951837000044,5.177526019000027],[6.696308158000079,5.119072958000174],[6.689030257000184,5.028687960000127],[6.66888709,4.991085982000072],[6.681063198000118,4.963482837000129],[6.66788490600004,4.932353049000142],[6.68524206100011,4.917295949000049],[6.669201866000094,4.90518188700014],[6.698310924000054,4.901260891000106],[6.676809260000027,4.877553903000035],[6.720118957000125,4.855014790000041],[6.720369765999976,4.832170001000122],[6.753824347000034,4.805457102000162],[6.812717316000032,4.790967490000128],[6.830245366000099,4.824153416000058],[6.918585401000144,4.784891131000165],[6.930737991000058,4.816908354000134],[6.893246296000086,4.88591863400012],[6.898756139000113,4.904881010000054],[6.861077869000098,4.913105030000168],[6.836873965000109,5.034510098000112],[6.77611195999998,5.085806890000185],[6.829332812000075,5.165572178000104],[6.831688977999988,5.221497050000153],[6.848985212000059,5.249797784000179]]]}},{"type":"Feature","properties":{"adm2_pcode":"NG033011","adm2_name":"Etche","adm1_name":"Rivers"},"geometry":{"type":"Polygon","coordinates":[[[7.242135034000057,5.1958670140001],[7.166314635000163,5.212044165000066],[7.157072414000083,5.234528506000117],[7.12101768000008,5.24639095100008],[7.093960554000148,5.225473609000062],[7.03999226000019,5.249618104000035],[6.967688246000137,5.234678875000043],[6.957395508000104,5.17403553000014],[6.987880148000158,5.033779112000047],[7.053143061000185,4.921373851000169],[7.104446756000186,4.89299489400014],[7.126119202000154,4.896553017000087],[7.168517167000118,4.94475217500019],[7.194867654000177,4.95299359500018],[7.164929831000109,5.011396875000059],[7.204145803000188,5.070292946000166],[7.242135034000057,5.1958670140001]]]}},{"type":"Feature","properties":{"adm2_pcode":"NG033012","adm2_name":"Gokana","adm1_name":"Rivers"},"geometry":{"type":"Polygon","coordinates":[[[7.31535486000007,4.597617165000031],[7.356049213000119,4.676717414999985],[7.344653147000088,4.729320048000034],[7.226068593999969,4.700393244000054],[7.252555584000049,4.685153051000043],[7.240745080000181,4.641889080000169],[7.261499475000107,4.605545869000025],[7.31535486000007,4.597617165000031]]]}},{"type":"Feature","properties":{"adm2_pcode":"NG033013","adm2_name":"Ikwerre","adm1_name":"Rivers"},"geometry":{"type":"Polygon","coordinates":[[[6.967688246000137,5.234678875000043],[6.925146091000101,5.22567935800015],[6.848985212000059,5.249797784000179],[6.831688977999988,5.221497050000153],[6.829332812000075,5.165572178000104],[6.77611195999998,5.085806890000185],[6.836873965000109,5.034510098000112],[6.861077869000098,4.913105030000168],[6.984255842000096,4.890217776000043],[6.994870185000025,4.892930977000105],[6.980868792000024,4.922411927000041],[7.039434935000145,4.934809224000048],[7.035152937000078,4.96766995500019],[6.984330320000083,5.048258760000124],[6.957395508000104,5.17403553000014],[6.967688246000137,5.234678875000043]]]}},{"type":"Feature","properties":{"adm2_pcode":"NG033014","adm2_name":"Khana","adm1_name":"Rivers"},"geometry":{"type":"Polygon","coordinates":[[[7.501562138000054,4.807817926999974],[7.447693031000028,4.800083971000106],[7.432820010000171,4.81490186000002],[7.382664328000033,4.807340110000155],[7.36076507100006,4.779076091000093],[7.321206999000083,4.783119239000087],[7.356049213000119,4.676717414999985],[7.330491134000113,4.641320242000177],[7.321276218000037,4.590577105000023],[7.362039073000119,4.567410001000042],[7.475923658,4.574282708000169],[7.510241545000099,4.532731535000039],[7.529382368000086,4.543667778000156],[7.545081370000162,4.579576994000149],[7.519696512000166,4.631034365000062],[7.517953110000178,4.676873690000036],[7.547098214000073,4.726191008000114],[7.501562138000054,4.807817926999974]]]}},{"type":"Feature","properties":{"adm2_pcode":"NG033015","adm2_name":"Obia/Akpor","adm1_name":"Rivers"},"geometry":{"type":"Polygon","coordinates":[[[7.039434935000145,4.934809224000048],[6.980868792000024,4.922411927000041],[6.994870185000025,4.892930977000105],[6.984255842000096,4.890217776000043],[6.898756139000113,4.904881010000054],[6.903507302000037,4.858153321000088],[6.92583026300008,4.839577675000044],[6.924428006000142,4.794706810999969],[6.970675709000147,4.787998841999979],[6.98734093000013,4.822984722000172],[7.076556321999988,4.813961973000119],[7.093821005000052,4.839000247000058],[7.152400119000106,4.850656952000065],[7.115599407000047,4.868023362000088],[7.126119202000154,4.896553017000087],[7.104446756000186,4.89299489400014],[7.039434935000145,4.934809224000048]]]}},{"type":"Feature","properties":{"adm2_pcode":"NG033016","adm2_name":"Ogba/Egbema/Ndoni","adm1_name":"Rivers"},"geometry":{"type":"Polygon","coordinates":[[[6.669886308000059,5.696277190000046],[6.618292829000097,5.716906120000147],[6.606450136000149,5.670234126000082],[6.617601505999971,5.631519319000063],[6.584760123000081,5.561688428000082],[6.530831348999982,5.531958621000058],[6.538163688000168,5.475804358000119],[6.52453038200008,5.438663960000042],[6.47655668900012,5.404050860000154],[6.485476966000022,5.379205287000104],[6.569632174000049,5.372142817],[6.563160091000043,5.32021287200007],[6.530881853000096,5.284537818000047],[6.566636039000059,5.236972756],[6.552762079,5.226540549999982],[6.555801570000028,5.202908291000142],[6.629775025000129,5.190967988000125],[6.639543108000169,5.204371933000118],[6.663784429000145,5.172273367000116],[6.717530319000161,5.182233936000102],[6.710107806,5.217799108000065],[6.73206334300005,5.276231387000166],[6.7944498600001,5.277269841000077],[6.755795060000139,5.323452896000106],[6.762082025000097,5.411522816000058],[6.777345051000168,5.428852678000055],[6.74903490000014,5.438793170000054],[6.749992576000182,5.476081273000034],[6.736563781000086,5.493826331000093],[6.639079972000047,5.493445818000168],[6.669886308000059,5.696277190000046]]]}},{"type":"Feature","properties":{"adm2_pcode":"NG033017","adm2_name":"Ogu/Bolo","adm1_name":"Rivers"},"geometry":{"type":"Polygon","coordinates":[[[7.252555584000049,4.685153051000043],[7.206347892000053,4.709436887000038],[7.195190844000081,4.747754083000189],[7.183183162000091,4.743652804000021],[7.175617120000027,4.735705880000125],[7.201374995000094,4.713764196000056],[7.163359994000189,4.696579479000093],[7.150341553000146,4.649191361000135],[7.176017399000045,4.602945721000026],[7.174843868000039,4.567981346000124],[7.233203709000122,4.55198242900002],[7.244381823000083,4.574743110000043],[7.208792981000101,4.626992570000084],[7.240745080000181,4.641889080000169],[7.252555584000049,4.685153051000043]]]}},{"type":"Feature","properties":{"adm2_pcode":"NG033018","adm2_name":"Okrika","adm1_name":"Rivers"},"geometry":{"type":"Polygon","coordinates":[[[7.175617120000027,4.735705880000125],[7.136040179000076,4.723979949000068],[7.076466046000178,4.804173021000054],[7.063376774,4.78849170400008],[7.07016351700014,4.727739636000024],[7.025621935000174,4.713144331000024],[7.00208701400004,4.743642346000058],[6.982153021000101,4.740253907000067],[7.008776249000107,4.705556461000185],[7.009550721000039,4.64067017800005],[7.046089308000148,4.656579689000012],[7.094952714000158,4.582006203000162],[7.166125976000046,4.556325727000058],[7.176017399000045,4.602945721000026],[7.150577203000068,4.655429817000083],[7.163359994000189,4.696579479000093],[7.201374995000094,4.713764196000056],[7.175617120000027,4.735705880000125]]]}},{"type":"Feature","properties":{"adm2_pcode":"NG033019","adm2_name":"Omumma","adm1_name":"Rivers"},"geometry":{"type":"Polygon","coordinates":[[[7.235092175999966,4.98100420600008],[7.280203562000054,5.13155286000017],[7.264797044000034,5.152110324000034],[7.284319109000137,5.170890920000033],[7.263917422000077,5.215610563999974],[7.242135034000057,5.1958670140001],[7.204145803000188,5.070292946000166],[7.164929831000109,5.011396875000059],[7.167911944000025,4.985266234999983],[7.235092175999966,4.98100420600008]]]}},{"type":"Feature","properties":{"adm2_pcode":"NG033020","adm2_name":"Opobo/Nkoro","adm1_name":"Rivers"},"geometry":{"type":"Polygon","coordinates":[[[7.529382368000086,4.543667778000156],[7.510241545000099,4.532731535000039],[7.484756548000064,4.569743731000187],[7.458186950000083,4.571283486000141],[7.446499135000181,4.539839679000011],[7.462200615000086,4.524176888000056],[7.439479661000064,4.515587950999986],[7.481689970000161,4.514299886000117],[7.474218679999979,4.495741824000106],[7.508688618000122,4.452892290000136],[7.581543187000136,4.451933841000141],[7.597398291000161,4.464844716000187],[7.590631859000041,4.490302559000099],[7.529382368000086,4.543667778000156]]]}},{"type":"Feature","properties":{"adm2_pcode":"NG033021","adm2_name":"Oyigbo","adm1_name":"Rivers"},"geometry":{"type":"Polygon","coordinates":[[[7.319818782000084,4.879619170000069],[7.205420049000111,4.858627821000084],[7.147241236000013,4.890325056000052],[7.143767811000146,4.913196095000103],[7.115289968000127,4.872883605000141],[7.335913085000072,4.78020477900003],[7.370932228000072,4.783191186000124],[7.382664328000033,4.807340110000155],[7.501562138000054,4.807817926999974],[7.429212,4.862449155999968],[7.319818782000084,4.879619170000069]]]}},{"type":"Feature","properties":{"adm2_pcode":"NG033022","adm2_name":"Port-Harcourt","adm1_name":"Rivers"},"geometry":{"type":"Polygon","coordinates":[[[7.076556321999988,4.813961973000119],[6.98734093000013,4.822984722000172],[6.971439817000089,4.788456403000112],[6.940553803000057,4.794005381000034],[6.963924062000046,4.754275807000113],[7.008842114000117,4.772504821000098],[7.00208701400004,4.743642346000058],[7.031464542000151,4.712442867000107],[7.078012280000053,4.73776043700002],[7.063376774,4.78849170400008],[7.076556321999988,4.813961973000119]]]}},{"type":"Feature","properties":{"adm2_pcode":"NG033023","adm2_name":"Tai","adm1_name":"Rivers"},"geometry":{"type":"Polygon","coordinates":[[[7.321206999000083,4.783119239000087],[7.232273130000181,4.824849142000062],[7.181752315000097,4.838303095000072],[7.20691819700005,4.786910153000065],[7.193439050000109,4.757557879999979],[7.214109895000036,4.702382108000165],[7.344653147000088,4.729320048000034],[7.321206999000083,4.783119239000087]]]}},{"type":"Feature","properties":{"adm2_pcode":"NG034001","adm2_name":"Binji","adm1_name":"Sokoto"},"geometry":{"type":"Polygon","coordinates":[[[5.05820163400017,13.166690366000125],[5.034151339,13.16896935300008],[4.978540895000094,13.22058454100005],[4.955333885000186,13.25337697100008],[4.962188078,13.28531416200019],[4.948898685000074,13.291070644000058],[4.893426977999979,13.305805441000189],[4.811387141000068,13.292381353000053],[4.720144727000161,13.302420643000062],[4.700531215000012,13.249347859000125],[4.598914419000096,13.203318293000166],[4.52287543000017,13.14050549500007],[4.57045657000009,13.10511370900008],[4.618851664999966,13.09184441800005],[4.670368687000177,13.165997609000044],[4.696907924000186,13.16990075700005],[4.708420271000136,13.156124802000022],[4.685574198000154,13.067664813000022],[4.745428097000115,13.104001963000087],[4.827795993999985,13.118224036000129],[4.882553854999969,13.115101416000186],[4.940810855000052,13.076092307000124],[4.963443205000033,13.082524981000176],[4.958462835000091,13.116887566],[5.05820163400017,13.166690366000125]]]}},{"type":"Feature","properties":{"adm2_pcode":"NG034002","adm2_name":"Bodinga","adm1_name":"Sokoto"},"geometry":{"type":"Polygon","coordinates":[[[5.226486262000094,12.932432887000175],[5.130678699000043,12.985738912000159],[5.064377764000142,12.9713437260001],[5.045446937000065,12.929120860000126],[5.100416885000129,12.863144100000113],[5.068976760000169,12.800733463000029],[5.159685246000095,12.756790106000096],[5.193958695000049,12.704591872000037],[5.242461089000187,12.68303503500016],[5.260876049999979,12.611437432000173],[5.264638630000093,12.622733160000053],[5.318785570999978,12.625627669000039],[5.341796092999971,12.691200711000022],[5.274391448000074,12.856526915000188],[5.226486262000094,12.932432887000175]]]}},{"type":"Feature","properties":{"adm2_pcode":"NG034003","adm2_name":"Dange-Shuni","adm1_name":"Sokoto"},"geometry":{"type":"Polygon","coordinates":[[[5.493614525000169,12.96780710700017],[5.392299198000046,12.987626423000052],[5.356484574000035,12.976011488000154],[5.283259827000109,13.028566817000183],[5.225332169000126,12.9909724420001],[5.190436854000041,12.94648164300014],[5.226486262000094,12.932432887000175],[5.274391448000074,12.856526915000188],[5.342382715000042,12.688460077000116],[5.450731504000032,12.644183875000067],[5.50599488,12.695029982000051],[5.581735096000159,12.682964023000125],[5.625576625000065,12.712246082000092],[5.685791565000102,12.713689971000065],[5.670721939000032,12.749801816000058],[5.571395970000026,12.819697355000073],[5.493614525000169,12.96780710700017]]]}},{"type":"Feature","properties":{"adm2_pcode":"NG034004","adm2_name":"Gada","adm1_name":"Sokoto"},"geometry":{"type":"Polygon","coordinates":[[[6.043690571000013,13.697195616000158],[5.748764142000141,13.794566994000036],[5.536184838000054,13.891264856000134],[5.431707964000054,13.878359909000096],[5.450825668,13.786536910000166],[5.485243475000175,13.781247857000153],[5.466740999000137,13.769844737000085],[5.468642009,13.722141367000177],[5.450281815000039,13.69670333900001],[5.467665987000089,13.675813935],[5.524165774000153,13.658540350000123],[5.528561754000066,13.552751722000153],[5.560727412000119,13.499007783000025],[5.573600731000113,13.50463208800005],[5.57993986800011,13.573921886000107],[5.648118580000073,13.617083416000128],[5.693197317,13.575092078000125],[5.708054180000147,13.473889431000089],[5.750305072000117,13.467360424000105],[5.820182048000049,13.583518637000054],[5.915075434000073,13.573113973000147],[6.003777849000073,13.673365195000088],[6.043690571000013,13.697195616000158]]]}},{"type":"Feature","properties":{"adm2_pcode":"NG034005","adm2_name":"Gwadabawa","adm1_name":"Sokoto"},"geometry":{"type":"Polygon","coordinates":[[[5.528517328000135,13.557349957000042],[5.434071115000108,13.48469937100009],[5.396615447000045,13.50090976600012],[5.333937805000119,13.49799919500009],[5.329724310000131,13.508881677000034],[5.383922245000122,13.539305227000057],[5.380528524000113,13.58526576700018],[5.356879572000025,13.605156956000087],[5.286096678000092,13.590662753000174],[5.302488968000148,13.551767200000029],[5.269509350000021,13.513439606000134],[5.221300278,13.512048698000171],[5.179941693000046,13.534763789000124],[5.172770864000142,13.438940997000145],[5.148058549000098,13.38069516100012],[5.125490686000035,13.368244931999982],[5.120051683000042,13.329380762000085],[5.152959473000067,13.285884347000035],[5.227525155000023,13.344855637000023],[5.25753853000009,13.33403601100008],[5.31269273900017,13.26633168900014],[5.298717439000086,13.225064683000028],[5.316424758000153,13.21604062300014],[5.398621499000114,13.313321184000074],[5.498527630000183,13.362430295000024],[5.50337222700017,13.393379193000158],[5.571927314000106,13.498671235000074],[5.548366281000142,13.504642610000076],[5.528517328000135,13.557349957000042]]]}},{"type":"Feature","properties":{"adm2_pcode":"NG034006","adm2_name":"Goronyo","adm1_name":"Sokoto"},"geometry":{"type":"Polygon","coordinates":[[[5.915075434000073,13.573113973000147],[5.820182048000049,13.583518637000054],[5.759628536000037,13.47319033700012],[5.715127579000182,13.469351941000127],[5.688270607000049,13.585821849000183],[5.639917298000057,13.616434623000032],[5.57993986800011,13.573921886000107],[5.566183710000075,13.478209189000097],[5.49148982000014,13.357028787000047],[5.515528517000064,13.32828537800009],[5.584657818000039,13.301135374000069],[5.721044148000033,13.320765295],[5.842608707000181,13.291389747999972],[5.849711519000039,13.266664186000185],[5.83146310799998,13.253741725000054],[5.756935964000036,13.231135430000052],[5.719407837000119,13.243125108000129],[5.721962031000032,13.15919373500003],[5.824441299000114,13.160770516000014],[5.930074206000143,13.09087397900015],[5.972150993000184,13.082163886000046],[6.028043893000017,13.093040884000118],[6.035394878000147,13.109710833000122],[5.928497449000133,13.245381610000152],[6.004009854000174,13.403577712000128],[5.915075434000073,13.573113973000147]]]}},{"type":"Feature","properties":{"adm2_pcode":"NG034007","adm2_name":"Gudu","adm1_name":"Sokoto"},"geometry":{"type":"Polygon","coordinates":[[[4.700531215000012,13.249347859000125],[4.718042409000134,13.33556355899998],[4.763624201000027,13.455952706],[4.765805305000185,13.575468468],[4.824352259000079,13.775273748000131],[4.464818947000083,13.702699149000182],[4.20402053700019,13.47683226200013],[4.129409815999963,13.472762501999966],[4.129437497000026,13.262787850000109],[4.184076732000165,13.251859543000137],[4.232471957000087,13.269812340000101],[4.287891804000139,13.230004415000167],[4.345653515000151,13.213612782000098],[4.365168100000176,13.17380311800008],[4.52287543000017,13.14050549500007],[4.598914419000096,13.203318293000166],[4.700531215000012,13.249347859000125]]]}},{"type":"Feature","properties":{"adm2_pcode":"NG034008","adm2_name":"Illela","adm1_name":"Sokoto"},"geometry":{"type":"Polygon","coordinates":[[[5.528517328000135,13.557349957000042],[5.524165774000153,13.658540350000123],[5.467665987000089,13.675813935],[5.450281815000039,13.69670333900001],[5.468642009,13.722141367000177],[5.466740999000137,13.769844737000085],[5.485243475000175,13.781247857000153],[5.450825668,13.786536910000166],[5.431707964000054,13.878359909000096],[5.351721777000023,13.848171782000122],[5.267635816000109,13.757778729000051],[5.155894705000094,13.74578892],[5.151356160000034,13.671286051000038],[5.171680369000057,13.555403837000142],[5.215737297999965,13.514830692000146],[5.271629075000021,13.514460736000103],[5.302488968000148,13.551767200000029],[5.286096678000092,13.590662753000174],[5.317594740000118,13.605921948000173],[5.356879572000025,13.605156956000087],[5.380528524000113,13.58526576700018],[5.37702846600007,13.525441263000118],[5.329724310000131,13.508881677000034],[5.350409784000135,13.491836514000056],[5.396615447000045,13.50090976600012],[5.434071115000108,13.48469937100009],[5.528517328000135,13.557349957000042]]]}},{"type":"Feature","properties":{"adm2_pcode":"NG034009","adm2_name":"Isa","adm1_name":"Sokoto"},"geometry":{"type":"Polygon","coordinates":[[[6.666914075000079,13.362653644000147],[6.560588254000152,13.30803896599997],[6.362945440999965,13.289214818000175],[6.307491850000133,13.3145645620001],[6.229856505000157,13.309019804000116],[6.105760166000152,13.33172678200009],[6.064967293000109,13.345169780000163],[6.004009854000174,13.403577712000128],[5.928497449000133,13.245381610000152],[5.939533621000066,13.215426382000032],[6.035332991000075,13.117220890000056],[6.013634116000162,13.041473214000177],[6.020317448000128,13.008504691000041],[6.151587576000111,13.074914919000037],[6.254254722000155,13.031505782000067],[6.261800337000182,13.139486453000131],[6.289592182000092,13.158902333000071],[6.361927948000073,13.152430722000133],[6.442609147000042,13.112725044000058],[6.622907234000024,13.066769578000162],[6.682679117000134,13.083901656000137],[6.792541934000155,13.161023111000077],[6.666914075000079,13.362653644000147]]]}},{"type":"Feature","properties":{"adm2_pcode":"NG034010","adm2_name":"Kebbe","adm1_name":"Sokoto"},"geometry":{"type":"Polygon","coordinates":[[[4.942946371000176,11.732523763000188],[4.9284999300001,11.74077734399998],[4.919141594999985,11.788124785000036],[4.948392954999974,11.896837284000128],[4.951128570000094,12.249313481000172],[4.903189858000076,12.225311953000073],[4.783653212000161,12.230334591000144],[4.652342109000074,12.138527255000042],[4.564845377000097,12.106168875000037],[4.577673564000065,12.054818035000096],[4.556973516000085,11.898431996000056],[4.535121363000087,11.863444403000017],[4.544680922000111,11.803504472999975],[4.492051887000059,11.744860771000106],[4.43659980200016,11.713704436000114],[4.418659865000052,11.7129920430001],[4.38578008200011,11.749947343000144],[4.348658245000081,11.727478936000125],[4.497236697000062,11.581740178000075],[4.580895945000123,11.661192081000138],[4.620730854000158,11.656910732000028],[4.645276581000076,11.672251952000124],[4.689765512,11.656910773999982],[4.754197183000031,11.675319832000127],[4.795617554000103,11.725177803000065],[4.840106444000185,11.710604639000053],[4.874623290000102,11.729013496999983],[4.893799280000053,11.711371472],[4.942946371000176,11.732523763000188]]]}},{"type":"Feature","properties":{"adm2_pcode":"NG034011","adm2_name":"Kware","adm1_name":"Sokoto"},"geometry":{"type":"Polygon","coordinates":[[[5.317651125999987,13.193633864999981],[5.298634138000011,13.233158642000092],[5.31269273900017,13.26633168900014],[5.273703632000149,13.319843293000133],[5.227525155000023,13.344855637000023],[5.154451262000123,13.289763505000167],[5.125933051000118,13.228474477000077],[5.166010288000109,13.202524886000162],[5.250631406000025,13.18769466700013],[5.248886517000187,13.101765425000167],[5.285133097000028,13.049063997000019],[5.283259827000109,13.028566817000183],[5.319569891000071,12.997430902000133],[5.356484574000035,12.976011488000154],[5.392299198000046,12.987626423000052],[5.493614525000169,12.96780710700017],[5.511421987000062,13.00227969500014],[5.467373777000091,13.088990959000114],[5.36171646400004,13.082036893000122],[5.32372727700016,13.15195589600006],[5.346861263000051,13.187274233000153],[5.317651125999987,13.193633864999981]]]}},{"type":"Feature","properties":{"adm2_pcode":"NG034012","adm2_name":"Rabah","adm1_name":"Sokoto"},"geometry":{"type":"Polygon","coordinates":[[[5.719407837000119,13.243125108000129],[5.668403412000146,13.26433870600016],[5.63432591500009,13.256630841],[5.489234113000123,13.16113934599997],[5.351415583000119,13.113072186000181],[5.353522940000119,13.096542644000124],[5.377485137000065,13.078658201000167],[5.467373777000091,13.088990959000114],[5.511421987000062,13.00227969500014],[5.493614525000169,12.96780710700017],[5.501016061000087,12.94338568400002],[5.571395970000026,12.819697355000073],[5.685080204000144,12.731323414000087],[5.705156387000102,12.80199870700011],[5.813132632000134,12.839669393000179],[5.923010385000168,12.771083070000145],[6.035686937000037,12.742388456000072],[6.045502086000113,12.754116163000049],[6.007987012000058,12.885112543000162],[6.04019563200012,12.931206507000127],[6.013586961000044,13.034127224000088],[6.028043893000017,13.093040884000118],[5.932990168000174,13.089374270000121],[5.824441299000114,13.160770516000014],[5.732997806000185,13.153412704000175],[5.720910447000108,13.166026153000132],[5.719407837000119,13.243125108000129]]]}},{"type":"Feature","properties":{"adm2_pcode":"NG034013","adm2_name":"Sabon Birni","adm1_name":"Sokoto"},"geometry":{"type":"Polygon","coordinates":[[[6.666914075000079,13.362653644000147],[6.441623518000142,13.596733374000166],[6.295042800000033,13.677106048000098],[6.219201595000186,13.673742690000154],[6.146709203000171,13.643282953000096],[6.043690571000013,13.697195616000158],[5.915934525000011,13.577410090000058],[5.923351684000068,13.53615387400015],[6.005864097000028,13.397551640000131],[6.064967293000109,13.345169780000163],[6.123374947,13.326164336999966],[6.229856505000157,13.309019804000116],[6.307491850000133,13.3145645620001],[6.362945440999965,13.289214818000175],[6.478812665000078,13.293976393000037],[6.560588254000152,13.30803896599997],[6.666914075000079,13.362653644000147]]]}},{"type":"Feature","properties":{"adm2_pcode":"NG034014","adm2_name":"Shagari","adm1_name":"Sokoto"},"geometry":{"type":"Polygon","coordinates":[[[5.260876049999979,12.611437432000173],[5.242461089000187,12.68303503500016],[5.193958695000049,12.704591872000037],[5.159685246000095,12.756790106000096],[5.092482338000082,12.78778035800002],[5.07985426900018,12.682566271000098],[4.963871601000108,12.64562759000006],[4.884895658000062,12.643110887000091],[4.865916779000088,12.603921689000117],[4.887348242000087,12.536040552000031],[4.881752698000071,12.494151185000021],[4.90155256200012,12.468094846000156],[4.924796642000103,12.47278129000017],[4.962447582000152,12.522630647000085],[5.051879404000033,12.47162843200016],[5.107745607000084,12.3957529810001],[5.142425014000025,12.384609435000186],[5.166676136000149,12.35496913600008],[5.164794514999983,12.32546169700015],[5.128561782000133,12.303919793000148],[5.121233396000036,12.278869688000043],[5.214536024000097,12.307564871000125],[5.292940207000072,12.278551386],[5.27277519800009,12.485656635000112],[5.245155778000139,12.542242972000054],[5.260876049999979,12.611437432000173]]]}},{"type":"Feature","properties":{"adm2_pcode":"NG034015","adm2_name":"Silame","adm1_name":"Sokoto"},"geometry":{"type":"Polygon","coordinates":[[[4.963443205000033,13.082524981000176],[4.940810855000052,13.076092307000124],[4.882553854999969,13.115101416000186],[4.762879872000156,13.109936833000177],[4.706336357000055,13.083640211000045],[4.638437242,12.984866361000172],[4.69195354500016,12.936085157000036],[4.723494482000149,12.879307847000177],[4.767549992000056,12.857934954000086],[4.909966014000133,12.879307863000179],[4.957947337000064,12.91725626200008],[4.970117094000045,12.949198682000144],[4.960256203000142,12.990188018000026],[5.013034701000038,13.023786337000047],[5.011807137000062,13.046717430000115],[4.963443205000033,13.082524981000176]]]}},{"type":"Feature","properties":{"adm2_pcode":"NG034016","adm2_name":"Sokoto North","adm1_name":"Sokoto"},"geometry":{"type":"Polygon","coordinates":[[[5.248886517000187,13.101765425000167],[5.191745269000023,13.096531029000118],[5.192533523000066,13.045610308],[5.229534490999981,13.044716747000052],[5.228056638,13.064384284000141],[5.246673776000137,13.057708836000074],[5.268078709000065,13.072104392000142],[5.248886517000187,13.101765425000167]]]}},{"type":"Feature","properties":{"adm2_pcode":"NG034017","adm2_name":"Sokoto South","adm1_name":"Sokoto"},"geometry":{"type":"Polygon","coordinates":[[[5.283259827000109,13.028566817000183],[5.268078709000065,13.072104392000142],[5.246673776000137,13.057708836000074],[5.228056638,13.064384284000141],[5.226973027000156,13.032289720000108],[5.249774527999989,13.008876172000157],[5.283259827000109,13.028566817000183]]]}},{"type":"Feature","properties":{"adm2_pcode":"NG034018","adm2_name":"Tambuwal","adm1_name":"Sokoto"},"geometry":{"type":"Polygon","coordinates":[[[4.812808526000026,12.756440762000125],[4.759282859000166,12.713145699000165],[4.749921423000103,12.682445690000122],[4.78273004000016,12.620675753000114],[4.841767889000096,12.568718472],[4.843339553000078,12.547263241],[4.815564267000184,12.496533743000157],[4.760890141000118,12.449412643000073],[4.748441151000179,12.366055328000073],[4.621838406000109,12.429202158000066],[4.599901669000076,12.341788385000086],[4.551866859000029,12.29332620100007],[4.534986542000013,12.201092863999975],[4.564845377000097,12.106168875000037],[4.652342109000074,12.138527255000042],[4.783653212000161,12.230334591000144],[4.924284612,12.228325741000049],[4.981541618000108,12.300650436000069],[5.121233396000036,12.278869688000043],[5.128561782000133,12.303919793000148],[5.168696902000022,12.335138586000141],[5.142425014000025,12.384609435000186],[5.107745607000084,12.3957529810001],[5.051879404000033,12.47162843200016],[4.969165893000138,12.519883530000072],[4.956726652000043,12.521628420000013],[4.948493085000109,12.489193274000058],[4.924796642000103,12.47278129000017],[4.887975472000164,12.481074661000036],[4.865916779000088,12.603921689000117],[4.886684834000107,12.667330479000157],[4.863246864000075,12.72005090000016],[4.812808526000026,12.756440762000125]]]}},{"type":"Feature","properties":{"adm2_pcode":"NG034019","adm2_name":"Tangaza","adm1_name":"Sokoto"},"geometry":{"type":"Polygon","coordinates":[[[5.155894705000094,13.74578892],[5.092369550000171,13.755677492000189],[4.987788063000096,13.740962009000043],[4.904227731000049,13.751998395000157],[4.870593486000075,13.781953379000072],[4.824352259000079,13.775273748000131],[4.765805305000185,13.575468468],[4.763624201000027,13.455952706],[4.718042409000134,13.33556355899998],[4.720144727000161,13.302420643000062],[4.811387141000068,13.292381353000053],[4.906664056000125,13.304770652000116],[4.962188078,13.28531416200019],[4.955333885000186,13.25337697100008],[5.037770319000117,13.166757543000074],[5.106688129000133,13.190312364000079],[5.152959473000067,13.285884347000035],[5.120051683000042,13.329380762000085],[5.122647193000034,13.36030992000019],[5.166258698000092,13.419550998000148],[5.183894174000159,13.51396541500003],[5.151356160000034,13.671286051000038],[5.155894705000094,13.74578892]]]}},{"type":"Feature","properties":{"adm2_pcode":"NG034020","adm2_name":"Tureta","adm1_name":"Sokoto"},"geometry":{"type":"Polygon","coordinates":[[[5.685791565000102,12.713689971000065],[5.625576625000065,12.712246082000092],[5.581735096000159,12.682964023000125],[5.50599488,12.695029982000051],[5.461727615000086,12.644239332000154],[5.342382715000042,12.688460077000116],[5.318785570999978,12.625627669000039],[5.264638630000093,12.622733160000053],[5.245155778000139,12.542242972000054],[5.27277519800009,12.485656635000112],[5.292940207000072,12.278551386],[5.475760976000117,12.252434228000027],[5.65305558,12.292035130000102],[5.72608236200017,12.271005850999984],[5.741840749000119,12.332352395000044],[5.759012330000076,12.343367732000104],[5.76475363100019,12.423872532000132],[5.752771355000164,12.506407973000023],[5.685791565000102,12.713689971000065]]]}},{"type":"Feature","properties":{"adm2_pcode":"NG034021","adm2_name":"Wamako","adm1_name":"Sokoto"},"geometry":{"type":"Polygon","coordinates":[[[5.248886517000187,13.101765425000167],[5.250631406000025,13.18769466700013],[5.166010288000109,13.202524886000162],[5.125933051000118,13.228474477000077],[5.094911056000115,13.18202494000002],[4.952719608000109,13.108221300000082],[5.013912422000089,13.03239973500007],[4.960256203000142,12.990188018000026],[4.96405360000017,12.955204944000059],[5.045446937000065,12.929120860000126],[5.064377764000142,12.9713437260001],[5.115412207000077,12.98704741500012],[5.190436854000041,12.94648164300014],[5.257657551000079,13.007492654999965],[5.228418885000053,13.045464219999985],[5.192533523000066,13.045610308],[5.188692112000126,13.090424709000104],[5.248886517000187,13.101765425000167]]]}},{"type":"Feature","properties":{"adm2_pcode":"NG034022","adm2_name":"Wurno","adm1_name":"Sokoto"},"geometry":{"type":"Polygon","coordinates":[[[5.668403412000146,13.26433870600016],[5.776405320000151,13.23438089200016],[5.843650740000157,13.259853859000089],[5.850312153,13.285446013000183],[5.743936544000064,13.319849936000026],[5.584657818000039,13.301135374000069],[5.515528517000064,13.32828537800009],[5.49148982000014,13.357028787000047],[5.398621499000114,13.313321184000074],[5.310410666999985,13.214572198000042],[5.317651125999987,13.193633864999981],[5.346861263000051,13.187274233000153],[5.32372727700016,13.15195589600006],[5.331673141000124,13.118538406000027],[5.351415583000119,13.113072186000181],[5.489234113000123,13.16113934599997],[5.63432591500009,13.256630841],[5.668403412000146,13.26433870600016]]]}},{"type":"Feature","properties":{"adm2_pcode":"NG034023","adm2_name":"Yabo","adm1_name":"Sokoto"},"geometry":{"type":"Polygon","coordinates":[[[5.045446937000065,12.929120860000126],[4.970117094000045,12.949198682000144],[4.942244469,12.893266565000147],[4.774092687,12.85706226200017],[4.813211945999967,12.788203980000105],[4.812808526000026,12.756440762000125],[4.869190088000153,12.71055605600003],[4.884895658000062,12.643110887000091],[4.963871601000108,12.64562759000006],[5.082888231000027,12.686095474000126],[5.09238468000018,12.787326217000043],[5.068976760000169,12.800733463000029],[5.100416885000129,12.863144100000113],[5.045446937000065,12.929120860000126]]]}},{"type":"Feature","properties":{"adm2_pcode":"NG035001","adm2_name":"Ardo-Kola","adm1_name":"Taraba"},"geometry":{"type":"Polygon","coordinates":[[[11.218346836000137,9.015662890999977],[11.12606698500008,9.043178797999985],[11.057246205000126,9.121397924000064],[10.966196143000104,9.020417085000076],[10.88207702200009,8.810749977000057],[11.071636239000043,8.642805986000099],[11.203335526000103,8.57433597000005],[11.23434640700009,8.5705403],[11.531097258000159,8.666933882000023],[11.458496290000028,8.788235731000043],[11.392076599000063,8.816389862000108],[11.26880756200012,8.923301570000149],[11.218346836000137,9.015662890999977]]]}},{"type":"Feature","properties":{"adm2_pcode":"NG035002","adm2_name":"Bali","adm1_name":"Taraba"},"geometry":{"type":"Polygon","coordinates":[[[11.779806061000102,8.609372136000104],[11.607645952000041,8.677298480000104],[11.405896068000118,8.63535114800004],[11.23434640700009,8.5705403],[11.18063729700009,8.583695437000017],[11.110397297000134,8.631417343000066],[11.071396750000076,8.540719054000135],[11.012777570000026,8.47752943400019],[10.91916634800009,8.430065108000122],[10.763795696000159,8.277748037000151],[10.572927363000076,8.15151509600014],[10.422187081000061,8.009786476000045],[10.342407441000034,7.959485654000162],[10.37634674000003,7.751669939000124],[10.35678659700011,7.695426974000156],[10.315226623000115,7.669335881000109],[10.359246261000067,7.572699450000187],[10.413477181000076,7.512855498000079],[10.450027186000113,7.500658569000166],[10.505826031000083,7.515279864000149],[10.561776088000101,7.562778585999979],[10.704106079000098,7.629734475000134],[10.771157103,7.62410071],[10.831896625000127,7.678735846000052],[10.87890623100003,7.698151593999967],[10.881306756000129,7.755352514000094],[10.966705987000012,7.795526387000052],[11.033837409,7.895431532000089],[11.12717604300019,7.984405445000107],[11.17239657500005,8.005471322000062],[11.354289814000026,8.026648619000184],[11.346257031,8.041541181000127],[11.362566762000085,8.064387290000127],[11.546277300999975,8.24588866900001],[11.651279385000066,8.426426839999976],[11.780157931000076,8.51423270500004],[11.79640406700014,8.546234050000123],[11.779806061000102,8.609372136000104]]]}},{"type":"Feature","properties":{"adm2_pcode":"NG035003","adm2_name":"Donga","adm1_name":"Taraba"},"geometry":{"type":"Polygon","coordinates":[[[10.37634674000003,7.751669939000124],[10.32529649200012,7.995047497000144],[10.32969662,8.081750977000183],[10.272627095000075,8.067151202000048],[10.111753580000027,7.881994671000029],[10.027775513000108,7.820275714000161],[9.963021186999981,7.743379979000053],[9.863546855000038,7.686014207000028],[9.912262088000091,7.637705687999983],[9.905205686000158,7.607648196000127],[10.01664611800004,7.586554043000149],[10.246915616000138,7.434060967000107],[10.25316417300013,7.398343490000059],[10.231691632000093,7.345853845000136],[10.267480106999983,7.27825313600016],[10.323150610000027,7.247236213000178],[10.402681545000178,7.256779669000025],[10.439002067000104,7.337547818000075],[10.481066461000125,7.353265779000026],[10.56210610800008,7.448606630000029],[10.755395865000139,7.617162744999973],[10.704106079000098,7.629734475000134],[10.561776088000101,7.562778585999979],[10.505826031000083,7.515279864000149],[10.439776665000068,7.500197059000129],[10.413477181000076,7.512855498000079],[10.359246261000067,7.572699450000187],[10.315636416000189,7.660703683000122],[10.3615758790001,7.702562698000122],[10.37634674000003,7.751669939000124]]]}},{"type":"Feature","properties":{"adm2_pcode":"NG035004","adm2_name":"Gashaka","adm1_name":"Taraba"},"geometry":{"type":"Polygon","coordinates":[[[11.341521140000111,8.01866827400005],[11.17239657500005,8.005471322000062],[11.12717604300019,7.984405445000107],[11.033837409,7.895431532000089],[10.966705987000012,7.795526387000052],[10.881306756000129,7.755352514000094],[10.87890623100003,7.698151593999967],[10.789056915000117,7.639627860000076],[10.891237042000057,7.548187861000031],[10.928867281000066,7.406280618000039],[10.972636467000086,7.31482356000015],[11.012017305000086,7.314865479000161],[11.069826165000052,7.358988856000053],[11.115085371000077,7.343723889000103],[11.136276292000048,7.294503594],[11.134156487999974,7.195792661000041],[11.292057004000185,7.045455828000172],[11.335436095000148,7.033565582999984],[11.533606765,7.078812718],[11.584067186000084,7.062051807999978],[11.618926815,7.013446844999976],[11.663608325000041,6.990249209000126],[11.71579924800011,7.033284053000159],[11.718122276000088,7.058302333000029],[11.819266099000117,7.058006354000099],[11.84856721,7.084559825000099],[11.81713188100008,7.149175285000069],[11.8028905540001,7.248185112000101],[11.814419464000082,7.312609752000128],[11.853993262000074,7.378666047000024],[11.77193523600016,7.487935567000079],[11.772692665000022,7.651549411000133],[11.757984973000077,7.724809161000053],[11.687712471000111,7.795908385000075],[11.646368775000042,7.865797015999988],[11.57826787800002,7.905998684000053],[11.544662305000145,7.896922236000137],[11.514193791000139,7.815756257000032],[11.48981375500017,7.799793747000024],[11.341521140000111,8.01866827400005]]]}},{"type":"Feature","properties":{"adm2_pcode":"NG035005","adm2_name":"Gassol","adm1_name":"Taraba"},"geometry":{"type":"Polygon","coordinates":[[[11.110397297000134,8.631417343000066],[11.071636239000043,8.642805986000099],[10.88207702200009,8.810749977000057],[10.831347290000053,8.761754947000156],[10.764567534000037,8.725879534],[10.589377194000178,8.737030004000133],[10.403985957000089,8.675058439000168],[10.309685964999971,8.67773629100003],[10.26120552600014,8.65306568700015],[10.231396742000072,8.596360062000144],[10.105046511000069,8.481679942000028],[10.057686741000168,8.392797376000146],[9.973266697000042,8.296087333],[10.032834997000066,8.237130301000093],[10.146154165000155,8.238141971000175],[10.207873319000157,8.258378037000114],[10.295898223000108,8.238142038000092],[10.33131046800014,8.15821170800018],[10.32758734700019,7.983039946000019],[10.352577306000114,7.96167272800011],[10.572927363000076,8.15151509600014],[10.763795696000159,8.277748037000151],[10.91916634800009,8.430065108000122],[11.012777570000026,8.47752943400019],[11.071396750000076,8.540719054000135],[11.110397297000134,8.631417343000066]]]}},{"type":"Feature","properties":{"adm2_pcode":"NG035006","adm2_name":"Ibi","adm1_name":"Taraba"},"geometry":{"type":"Polygon","coordinates":[[[10.41248717700006,8.677933689000042],[10.354626933000134,8.74031167600009],[10.313457518,8.741919280000047],[10.24559615000004,8.804408306000141],[9.997757149999984,8.540867837000121],[9.86944676800016,8.431289639000113],[9.761324192000131,8.369710788000077],[9.621475490000023,8.38899316900006],[9.609673514000121,8.29127222000011],[9.483206759000154,8.306058879000147],[9.376966690000188,8.350010881000173],[9.323423626000078,8.253451275000145],[9.41182341900003,8.176929396000048],[9.38694678500002,8.148825743000089],[9.415376428000116,8.06192500700007],[9.335518035000064,7.985507863000066],[9.563367655000093,8.101551181000104],[9.649369294999985,8.104586488000166],[9.72525304200002,8.083339711000178],[9.804171462000056,8.091433420999977],[9.835536785999977,8.115715920000184],[9.899279789,8.256354448000081],[9.973266697000042,8.296087333],[10.01264554900007,8.33738531400013],[10.105046511000069,8.481679942000028],[10.231396742000072,8.596360062000144],[10.26120552600014,8.65306568700015],[10.309685964999971,8.67773629100003],[10.41248717700006,8.677933689000042]]]}},{"type":"Feature","properties":{"adm2_pcode":"NG035007","adm2_name":"Jalingo","adm1_name":"Taraba"},"geometry":{"type":"Polygon","coordinates":[[[11.34364584300016,8.933589004000112],[11.289795930000139,9.021132551000107],[11.218346836000137,9.015662890999977],[11.26880756200012,8.923301570000149],[11.392076599000063,8.816389862000108],[11.458496290000028,8.788235731000043],[11.34364584300016,8.933589004000112]]]}},{"type":"Feature","properties":{"adm2_pcode":"NG035008","adm2_name":"Karim-Lamido","adm1_name":"Taraba"},"geometry":{"type":"Polygon","coordinates":[[[10.974893686000087,9.592890512999986],[10.888006442000062,9.615514722000114],[10.809247073000165,9.615433692000124],[10.770366441000135,9.605033086000049],[10.68432626300006,9.542339250000055],[10.589106815999969,9.564007755000148],[10.521126876000153,9.517697537],[10.518485748000103,9.503770691],[10.578940178000096,9.43883325000013],[10.559869793000018,9.351113139000063],[10.580260518000102,9.326922623000087],[10.580149531000075,9.245836311000119],[10.614236805000132,9.182785085000035],[10.613539518000096,9.148863940000126],[10.635760371,9.126683917000037],[10.622524993000013,9.094029644000102],[10.640036828000063,9.073219398000106],[10.627225946000067,9.019009407000112],[10.596746346999964,8.976116127000125],[10.463807207000116,8.96321578200002],[10.406956527000034,8.934706445000074],[10.24559615000004,8.804408306000141],[10.276245969000172,8.76792838199998],[10.313457518,8.741919280000047],[10.354626933000134,8.74031167600009],[10.41248717700006,8.677933689000042],[10.589377194000178,8.737030004000133],[10.703056526000069,8.723113197000032],[10.776275560000101,8.731596965000108],[10.88207702200009,8.810749977000057],[10.956775655000115,9.00269142100018],[11.014476899000044,9.08487215200006],[11.130355839,9.16793906700002],[11.260186176000161,9.210111489000099],[11.314966920000188,9.281780260000062],[11.525925795000092,9.407815675999984],[11.42959874799999,9.549625590000062],[11.278014462000044,9.547348800000123],[11.227090087000136,9.569368317000112],[11.161347099000068,9.55102245900008],[11.020428432000188,9.549492800000053],[10.984711680000089,9.565485072000058],[10.974893686000087,9.592890512999986]]]}},{"type":"Feature","properties":{"adm2_pcode":"NG035009","adm2_name":"Kurmi","adm1_name":"Taraba"},"geometry":{"type":"Polygon","coordinates":[[[10.994957243000044,7.277766817000156],[10.928867281000066,7.406280618000039],[10.891237042000057,7.548187861000031],[10.789056915000117,7.639627860000076],[10.56210610800008,7.448606630000029],[10.481066461000125,7.353265779000026],[10.439002067000104,7.337547818000075],[10.402681545000178,7.256779669000025],[10.323150610000027,7.247236213000178],[10.267480106999983,7.27825313600016],[10.249983006000093,7.261551292000036],[10.213398783000116,7.093742852000048],[10.155001532000085,7.041422960999967],[10.17920091800005,7.016598343000169],[10.176019802000098,6.940248877000045],[10.214194051,6.89094011800006],[10.433698797999966,6.914004357000181],[10.496526498000037,6.902074337000045],[10.545041197000046,6.945021111000017],[10.576057211000034,7.159752830000173],[10.599638841,7.144991931000163],[10.60238568300008,7.073572186000035],[10.621614490000127,7.057090679000112],[10.67746813000008,7.045187410000153],[10.685708723000062,7.018634395000049],[10.76811604,6.953623801000049],[10.784597533000067,6.967358558],[10.834776003000172,6.940110598000047],[10.929737046000184,7.030887612000015],[10.988817002000133,7.120050918000061],[10.994957243000044,7.277766817000156]]]}},{"type":"Feature","properties":{"adm2_pcode":"NG035010","adm2_name":"Lau","adm1_name":"Taraba"},"geometry":{"type":"Polygon","coordinates":[[[11.53452853300007,9.403206569000133],[11.434516717000065,9.35982118700008],[11.314966920000188,9.281780260000062],[11.260186176000161,9.210111489000099],[11.130355839,9.16793906700002],[11.060585721000052,9.123277433000055],[11.066286946000048,9.111424268000121],[11.12606698500008,9.043178797999985],[11.202656804000071,9.017212098000186],[11.289795930000139,9.021132551000107],[11.321335844000089,8.985117960000025],[11.420836256000086,9.073738960000071],[11.506766607000088,9.067224479000117],[11.592635995000023,9.133370566],[11.698466326000187,9.143840059000013],[11.700067774,9.210051502],[11.647746827,9.305400101000146],[11.596256451000102,9.379207480000105],[11.557318930000065,9.380875672000116],[11.53452853300007,9.403206569000133]]]}},{"type":"Feature","properties":{"adm2_pcode":"NG035011","adm2_name":"Sardauna","adm1_name":"Taraba"},"geometry":{"type":"Polygon","coordinates":[[[11.66074470500007,6.989963120000027],[11.618926815,7.013446844999976],[11.584067186000084,7.062051807999978],[11.533606765,7.078812718],[11.335436095000148,7.033565582999984],[11.292057004000185,7.045455828000172],[11.134156487999974,7.195792661000041],[11.136276292000048,7.294503594],[11.1222465620001,7.337124868000103],[11.069826165000052,7.358988856000053],[11.02372765600012,7.320582826000077],[10.978006624000045,7.309875612000042],[10.994957243000044,7.277766817000156],[10.988817002000133,7.120050918000061],[10.929737046000184,7.030887612000015],[10.841115735000187,6.950776630000064],[10.817007219000061,6.863131625],[10.839249700000039,6.811038035000081],[10.874329667000097,6.798881474000154],[10.898136043000022,6.760424731000114],[10.913701837000076,6.76591821400018],[10.918280351000021,6.708233487000086],[10.948495876000095,6.685342369000011],[11.00160317100017,6.685342292000144],[11.039144735000036,6.71830547899998],[11.087673061000032,6.702739703000134],[11.105985900000064,6.680764205000116],[11.101970955000127,6.540190591000055],[11.130707568000105,6.538840766000021],[11.163075271000082,6.563033713999971],[11.246994162000021,6.521443236000096],[11.28414258700019,6.537050267000097],[11.35320783000003,6.502215310999986],[11.36352145,6.527627571000153],[11.428289675000144,6.531515445000139],[11.43376233700019,6.599011468000185],[11.521684766000078,6.60934447600016],[11.554647207000073,6.664282730000082],[11.557399535000116,6.715224120000016],[11.587666258000127,6.734069307000084],[11.576622913999984,6.777821502000052],[11.599373745000094,6.801170300000138],[11.55936076300003,6.866649591000112],[11.579853233000051,6.903839493000078],[11.614323678000119,6.91433900800007],[11.632096092000097,6.982521032000136],[11.66074470500007,6.989963120000027]]]}},{"type":"Feature","properties":{"adm2_pcode":"NG035012","adm2_name":"Takum","adm1_name":"Taraba"},"geometry":{"type":"Polygon","coordinates":[[[10.242503888000158,7.422845466000183],[10.227097743000058,7.448951341000054],[10.01664611800004,7.586554043000149],[9.905205686000158,7.607648196000127],[9.92511324600008,7.510420315000147],[9.90704621700013,7.49684279600018],[9.868047900000022,7.340563988000042],[9.824958578000121,7.254598087000034],[9.83521446400016,7.217160752000154],[9.819707278000124,7.10851457900003],[9.766398218,7.066319926000176],[9.731563404000099,7.066891503000136],[9.645699592000028,6.894820233000019],[9.64602954500009,6.738594157000023],[9.599126590000026,6.530925374000049],[9.706534224000052,6.512040125000055],[9.757123831000115,6.651666030000115],[9.755100147,6.704278827999985],[9.779382834000046,6.786233497000183],[9.816819109000164,6.78825715500011],[9.806701773999976,6.858069920000162],[9.911420565000185,7.143393090000131],[10.023728448000043,7.236477009999987],[10.115801140000087,7.255701184000088],[10.242503888000158,7.422845466000183]]]}},{"type":"Feature","properties":{"adm2_pcode":"NG035013","adm2_name":"Ussa","adm1_name":"Taraba"},"geometry":{"type":"Polygon","coordinates":[[[10.267480106999983,7.27825313600016],[10.231691632000093,7.345853845000136],[10.25316417300013,7.398343490000059],[10.242503888000158,7.422845466000183],[10.115801140000087,7.255701184000088],[10.023728448000043,7.236477009999987],[9.911420565000185,7.143393090000131],[9.806701773999976,6.858069920000162],[9.803666001000067,6.81759872900011],[9.820519625000088,6.781188432000079],[9.884144036000123,6.773235384000031],[9.970036736000054,6.87105737700017],[10.19987891300002,7.073064769000041],[10.232486805000121,7.140665514000034],[10.238053266000122,7.240873856000178],[10.267480106999983,7.27825313600016]]]}},{"type":"Feature","properties":{"adm2_pcode":"NG035014","adm2_name":"Wukari","adm1_name":"Taraba"},"geometry":{"type":"Polygon","coordinates":[[[10.32969662,8.081750977000183],[10.33131046800014,8.15821170800018],[10.295898223000108,8.238142038000092],[10.207873319000157,8.258378037000114],[10.146154165000155,8.238141971000175],[10.032834997000066,8.237130301000093],[9.973266697000042,8.296087333],[9.899279789,8.256354448000081],[9.835536785999977,8.115715920000184],[9.804171462000056,8.091433420999977],[9.72525304200002,8.083339711000178],[9.633113932000185,8.106392966999977],[9.537060724000128,8.092445496000153],[9.179125792000036,7.908083360000091],[9.181838287000062,7.891684953000151],[9.115717033000124,7.808447318000049],[9.130218667000065,7.788012874],[9.396453449000035,7.844531926000172],[9.503637,7.893429235000042],[9.57004166300004,7.898756596],[9.863546855000038,7.686014207000028],[9.94885621900005,7.731238855000186],[10.027775513000108,7.820275714000161],[10.111753580000027,7.881994671000029],[10.238226856000097,8.041855933000079],[10.32969662,8.081750977000183]]]}},{"type":"Feature","properties":{"adm2_pcode":"NG035015","adm2_name":"Yorro","adm1_name":"Taraba"},"geometry":{"type":"Polygon","coordinates":[[[11.698466326000187,9.143840059000013],[11.592635995000023,9.133370566],[11.506766607000088,9.067224479000117],[11.420836256000086,9.073738960000071],[11.321335844000089,8.985117960000025],[11.531097258000159,8.666933882000023],[11.636946637999984,8.673425677000068],[11.779806061000102,8.609372136000104],[11.789455421000184,8.643571976999965],[11.693057194000119,8.717472069999985],[11.635207197000057,8.816946081000026],[11.627265656000134,8.875412111000173],[11.556077255000105,8.967366415000185],[11.57362722900001,8.994107229000122],[11.657647359000123,9.027297744000123],[11.710347158,9.071190735000187],[11.698466326000187,9.143840059000013]]]}},{"type":"Feature","properties":{"adm2_pcode":"NG035016","adm2_name":"Zing","adm1_name":"Taraba"},"geometry":{"type":"Polygon","coordinates":[[[11.789455421000184,8.643571976999965],[11.899802061,8.857208037000134],[11.898961989000156,8.925860625000041],[11.85649393400007,9.002615994000053],[11.791758598000058,9.019927208000126],[11.710347158,9.071190735000187],[11.657647359000123,9.027297744000123],[11.57362722900001,8.994107229000122],[11.556077255000105,8.967366415000185],[11.627265656000134,8.875412111000173],[11.635207197000057,8.816946081000026],[11.693057194000119,8.717472069999985],[11.789455421000184,8.643571976999965]]]}},{"type":"Feature","properties":{"adm2_pcode":"NG036001","adm2_name":"Bade","adm1_name":"Yobe"},"geometry":{"type":"MultiPolygon","coordinates":[[[[11.05663904000005,12.8783492230001],[11.03435398500011,12.8919455730001],[10.957309909000116,12.865710433000118],[10.781756659000052,12.878520162000143],[10.644669638999972,12.846929486000022],[10.570880112000054,12.802169910000146],[10.595688075000169,12.684331624000038],[10.65835333800004,12.683337364000181],[10.793086446000189,12.79892454500009],[10.857127741,12.825307982000027],[11.052470495000023,12.827150291000123],[11.064379758000143,12.847210064000137],[11.05663904000005,12.8783492230001]]],[[[11.187689713999987,12.508146428000089],[11.147890117000088,12.64616962100007],[11.108931274000042,12.697810457000173],[11.044216928000026,12.74486202900016],[11.002881020000075,12.65334294600018],[11.071169859,12.509300357000086],[11.104379520000066,12.493499970000073],[11.187689713999987,12.508146428000089]]]]}},{"type":"Feature","properties":{"adm2_pcode":"NG036002","adm2_name":"Bursari","adm1_name":"Yobe"},"geometry":{"type":"Polygon","coordinates":[[[11.723132256000042,12.859367313000178],[11.702456204999976,12.89452269100019],[11.60490860900012,12.973172654999985],[11.492349686000125,12.969989884000029],[11.391300476000026,12.988679993],[11.317359972000133,12.956680505000065],[11.127780079000047,12.942259648000118],[11.068010481000101,12.902169986000104],[11.062420140000029,12.842889948000106],[11.052470495000023,12.827150291000123],[11.026749478000056,12.828680270000177],[11.026200358999972,12.814040057000057],[11.048780254000121,12.744409341],[11.108931274000042,12.697810457000173],[11.150600324000038,12.64111051500015],[11.187669539000012,12.496669681000014],[11.232129833000045,12.421879659000183],[11.242389914000114,12.405170320000082],[11.27505027899997,12.406820198],[11.373292039000091,12.444315149000033],[11.617085134000149,12.494063704000155],[11.668241016000081,12.495496424000066],[11.735203106000085,12.443159858000115],[11.722296153000059,12.50590148300006],[11.788821864999989,12.590264714],[11.794728313,12.67946138100001],[11.757765145,12.756668133],[11.687300227000094,12.821804832000055],[11.687460994000162,12.843344217000094],[11.723132256000042,12.859367313000178]]]}},{"type":"Feature","properties":{"adm2_pcode":"NG036003","adm2_name":"Damaturu","adm1_name":"Yobe"},"geometry":{"type":"Polygon","coordinates":[[[12.255372212999987,12.034514107000064],[12.204780868000114,12.105356059000087],[12.104987810000068,12.135569665000105],[12.055705884000076,12.106610684000088],[12.009243700000184,12.017582757000127],[11.952309403000072,11.974160011000038],[11.851550164000116,11.946510333000049],[11.732767984000077,11.974364010000102],[11.72879958600015,11.93359363900015],[11.8152264900001,11.769518498000025],[11.826455401000032,11.717823160000023],[11.770012995,11.616666065],[11.758959944000026,11.506650131000185],[11.919919512000035,11.614289001000145],[12.007951520000063,11.612767286000121],[12.174100877000171,11.639993386000015],[12.19898020900007,11.72187055500018],[12.233292173000052,11.752232308000089],[12.252169069,11.815870024000048],[12.255372212999987,12.034514107000064]]]}},{"type":"Feature","properties":{"adm2_pcode":"NG036004","adm2_name":"Fika","adm1_name":"Yobe"},"geometry":{"type":"Polygon","coordinates":[[[11.26707400100014,11.662743583000065],[11.24654365200007,11.660124741000118],[11.230375610000124,11.613886613999966],[11.20713359600012,11.600320545000102],[10.992513847000055,11.569878570000128],[10.929660099000102,11.516030365000063],[10.93559005000003,11.474559719000126],[10.91426245700012,11.394323960000122],[10.850370417000136,11.357579991000023],[10.973469992000048,11.293649468000126],[11.07867993700006,11.312480157000039],[11.130319659000065,11.278650385000162],[11.23793054700019,11.242699521000077],[11.303850029999978,11.24938037100003],[11.365189694000037,11.127169651000031],[11.459810512000047,11.033257979000041],[11.533889834000092,11.193579652000096],[11.538709670000117,11.262249739000083],[11.507390139000165,11.336759704000144],[11.513469427000075,11.357769711000117],[11.434639552000021,11.355216024000129],[11.347510194000051,11.382350110000061],[11.302405970000052,11.489477643000043],[11.307000349000134,11.603030156000045],[11.26707400100014,11.662743583000065]]]}},{"type":"Feature","properties":{"adm2_pcode":"NG036005","adm2_name":"Fune","adm1_name":"Yobe"},"geometry":{"type":"Polygon","coordinates":[[[11.732767984000077,11.974364010000102],[11.663387115000035,11.96929334300006],[11.54980636300013,12.015145044000178],[11.475188877000164,12.107807403000038],[11.46561151600008,12.166851911000094],[11.486689755000157,12.207670433000033],[11.479416352999976,12.238847607000025],[11.390429983000047,12.245164132000127],[11.351447934000078,12.264253445000122],[11.286514705000172,12.390809566000087],[11.261614023999982,12.408853181999973],[11.242389914000114,12.405170320000082],[11.245989734999966,12.364080182000066],[11.14853000700009,12.252549947000091],[11.12032372300007,12.194156298000166],[11.03135332300019,12.115346312000042],[10.980650066000123,12.0977816730001],[10.968770917000029,12.051442475000044],[10.970128275000036,12.016726209000126],[11.025509615000033,11.93336947400013],[11.09808282500012,11.857476744],[11.150350108000112,11.842771551],[11.196834998000156,11.865340827000068],[11.212938139000187,11.821884738000108],[11.252780267000162,11.868376053000077],[11.289368564000142,11.841585348000024],[11.265771220999966,11.665881492000096],[11.307000349000134,11.603030156000045],[11.302405970000052,11.489477643000043],[11.356619826000099,11.372770068000023],[11.447950608000042,11.35333994900003],[11.6124496220001,11.368349983000144],[11.666139836000127,11.387429909000161],[11.758959944000026,11.506650131000185],[11.770012995,11.616666065],[11.826455401000032,11.717823160000023],[11.8152264900001,11.769518498000025],[11.72879958600015,11.93359363900015],[11.732767984000077,11.974364010000102]]]}},{"type":"Feature","properties":{"adm2_pcode":"NG036006","adm2_name":"Geidam","adm1_name":"Yobe"},"geometry":{"type":"Polygon","coordinates":[[[12.494128991000139,12.686815926000065],[12.446236996000152,12.786693907000142],[12.377654477000078,12.877483832000166],[12.405407808,13.001494890000117],[12.3141156800001,12.96602388100007],[12.193267776000027,12.87122079300002],[12.137260108000078,12.86227371300015],[12.071923044000073,12.883233688000018],[11.956715256,12.969523105],[11.923200503000146,12.956452807],[11.891909635000161,12.916819766],[11.890155557000185,12.871574139000131],[11.740699691000032,12.845008041000142],[11.723132256000042,12.859367313000178],[11.683240770000054,12.837220192000132],[11.763962191000132,12.748416241000086],[11.794728313,12.67946138100001],[11.788821864999989,12.590264714],[11.722296153000059,12.50590148300006],[11.728300776000083,12.455602253999984],[11.753657510999972,12.431858322999972],[11.820748288000061,12.439208456000188],[11.921625075000179,12.479263134000178],[12.071153507000076,12.418381047000082],[12.192202727999984,12.39066417700002],[12.229003199000147,12.401340294000079],[12.398110742000028,12.519479556000022],[12.433897945000183,12.58130721300006],[12.431328510000128,12.602698705000023],[12.479040878000092,12.633027628999969],[12.494128991000139,12.686815926000065]]]}},{"type":"Feature","properties":{"adm2_pcode":"NG036007","adm2_name":"Gujba","adm1_name":"Yobe"},"geometry":{"type":"Polygon","coordinates":[[[12.338264995000088,11.482850141000085],[12.373544407,11.54975649700009],[12.348465619000137,11.58307810600013],[12.299958763000177,11.608619084000054],[12.301113649000115,11.6449094190001],[12.274844400000063,11.69402149400014],[12.223719519000099,11.632855024000037],[12.178245921000098,11.65835150300012],[12.171931302000132,11.63788272],[11.919919512000035,11.614289001000145],[11.864732507000042,11.568023370000105],[11.772212857000113,11.524487759000124],[11.666139836000127,11.387429909000161],[11.513469427000075,11.357769711000117],[11.507390139000165,11.336759704000144],[11.538709670000117,11.262249739000083],[11.533969719000027,11.218460216000096],[11.760149877000174,11.18470002700019],[11.871919594000076,11.097140524000054],[11.900199695000083,11.135379745000023],[12.007828950000032,11.033951060000106],[12.035730108,11.063389519],[12.12856033300011,11.056830258000048],[12.149680083000021,11.081069792000164],[12.11465000700008,11.15579048800015],[12.104789592000031,11.25212946500011],[12.186900368000067,11.301859855000089],[12.244626353000115,11.413972051000144],[12.316013380000072,11.453166820000149],[12.330318818000137,11.492897798000172],[12.338264995000088,11.482850141000085]]]}},{"type":"Feature","properties":{"adm2_pcode":"NG036008","adm2_name":"Gulani","adm1_name":"Yobe"},"geometry":{"type":"Polygon","coordinates":[[[12.007828950000032,11.033951060000106],[11.900199695000083,11.135379745000023],[11.871919594000076,11.097140524000054],[11.760149877000174,11.18470002700019],[11.533969719000027,11.218460216000096],[11.528189658000088,11.167889855000169],[11.459810512000047,11.033257979000041],[11.531051580999986,10.92966191700009],[11.539074697,10.850962823000089],[11.51661518200001,10.732112956000037],[11.516513733000068,10.570278134000148],[11.685569913000108,10.620169380000107],[11.768277742000066,10.680221972000027],[11.750519671000063,10.722310186000072],[11.721130368000104,10.744739313000025],[11.73836066500013,10.798660375000111],[11.709481209000046,10.853312753000012],[11.681180140000095,10.870186043000103],[11.685766299000022,10.886923700000011],[11.930520071000046,10.964220067000042],[12.007828950000032,11.033951060000106]]]}},{"type":"Feature","properties":{"adm2_pcode":"NG036009","adm2_name":"Jakusko","adm1_name":"Yobe"},"geometry":{"type":"Polygon","coordinates":[[[11.04794722000014,12.74596804500004],[11.026850162000187,12.827400835000105],[10.857127741,12.825307982000027],[10.793086446000189,12.79892454500009],[10.65835333800004,12.683337364000181],[10.595688075000169,12.684331624000038],[10.590250103000187,12.52241046800009],[10.75125057200006,12.461476795000124],[10.775008693000188,12.235996847000024],[10.800815192000186,12.165042444],[10.81316127800011,12.019457194999973],[10.799755082000047,11.952554271000054],[10.814746338000134,11.916733491000116],[10.934051016000069,12.09012592199997],[11.03135332300019,12.115346312000042],[11.12032372300007,12.194156298000166],[11.14853000700009,12.252549947000091],[11.252839993000123,12.382639668000024],[11.187689713999987,12.508146428000089],[11.104379520000066,12.493499970000073],[11.071169859,12.509300357000086],[11.002881020000075,12.65334294600018],[11.04794722000014,12.74596804500004]]]}},{"type":"Feature","properties":{"adm2_pcode":"NG036010","adm2_name":"Karasuwa","adm1_name":"Yobe"},"geometry":{"type":"Polygon","coordinates":[[[11.167745678000074,12.94837893800019],[11.176335716999972,12.968315726000071],[11.16442406900012,12.975563095999973],[11.022269617000177,12.972445903999983],[10.92617231700001,12.949602342000162],[10.866310183000053,13.02397996500008],[10.935643361000132,13.157772376000139],[10.923213343000157,13.177324989999988],[10.853184567000085,13.169473811000103],[10.74538157000012,13.125888658000122],[10.661344741000164,13.057101637000187],[10.504810876000022,13.042829170000118],[10.488935837000042,12.991607547000115],[10.527357103000043,12.92389861100014],[10.594873284000187,12.86603223700007],[10.559880469000063,12.835200537000105],[10.527039396000134,12.839369754000188],[10.50891946300004,12.824940012000127],[10.577699950000124,12.806850577000091],[10.670550328000047,12.857780181000123],[10.77235824100012,12.877539247000072],[10.957309909000116,12.865710433000118],[11.03435398500011,12.8919455730001],[11.056635438000114,12.878328674000102],[11.082229469000083,12.914919872000041],[11.167745678000074,12.94837893800019]]]}},{"type":"Feature","properties":{"adm2_pcode":"NG036011","adm2_name":"Machina","adm1_name":"Yobe"},"geometry":{"type":"Polygon","coordinates":[[[10.281180660000189,13.270557308999969],[10.201159711000116,13.266241821000165],[10.000002158000143,13.16750118900012],[9.908593347000021,13.066889779000064],[9.844836051000186,13.026445612000089],[9.800227923000023,12.947879890000081],[9.658108450000043,12.80912139100019],[9.848431454000036,12.826609588000053],[9.892655402000173,12.852470358000176],[9.952840487000174,12.949282907999986],[10.107409399,12.994389399999989],[10.150629108000146,12.9878865],[10.20519423200011,13.02076905500013],[10.25479758800003,13.012141112999984],[10.254289401000165,13.171759764000171],[10.281180660000189,13.270557308999969]]]}},{"type":"Feature","properties":{"adm2_pcode":"NG036012","adm2_name":"Nangere","adm1_name":"Yobe"},"geometry":{"type":"Polygon","coordinates":[[[11.212938139000187,11.821884738000108],[11.196834998000156,11.865340827000068],[11.150350108000112,11.842771551],[11.106047456,11.852814284000033],[11.066990069000042,11.882659681000064],[10.970128275000036,12.016726209000126],[10.980650066000123,12.0977816730001],[10.927362673000118,12.083607239],[10.814746338000134,11.916733491000116],[10.828867463000165,11.893291036000164],[10.825449864000063,11.849048169000127],[10.904074932000185,11.814759906],[10.929660099000102,11.516030365000063],[10.992513847000055,11.569878570000128],[11.095048329000065,11.588874797000074],[11.05230565700009,11.600555728000131],[11.028625762000047,11.62548510300013],[11.031153798000105,11.722057555],[11.094159589000071,11.743896433000032],[11.140810055000088,11.797144331000084],[11.212938139000187,11.821884738000108]]]}},{"type":"Feature","properties":{"adm2_pcode":"NG036013","adm2_name":"Nguru","adm1_name":"Yobe"},"geometry":{"type":"Polygon","coordinates":[[[10.511702239000101,12.943307523000044],[10.460027274000083,13.071726865000073],[10.419397699000058,13.096500530000185],[10.421628236000117,13.132391477],[10.353940233000174,13.138250526000093],[10.296540266000079,13.11861989800019],[10.246415071,13.03089456500004],[10.281550547000165,12.95044047600004],[10.27602828300013,12.86938174700009],[10.249860011000123,12.846429784000065],[10.366800413000021,12.861660055000186],[10.460648246000119,12.82156857100017],[10.570765835000088,12.842543039000077],[10.59281770299998,12.873221074000071],[10.511702239000101,12.943307523000044]]]}},{"type":"Feature","properties":{"adm2_pcode":"NG036014","adm2_name":"Potiskum","adm1_name":"Yobe"},"geometry":{"type":"Polygon","coordinates":[[[11.26707400100014,11.662743583000065],[11.29193971400008,11.811489985000094],[11.289368564000142,11.841585348000024],[11.258913954000036,11.869546419000073],[11.204473707000034,11.815045069000064],[11.120877178000114,11.784859112000106],[11.094159589000071,11.743896433000032],[11.037809280000147,11.728547198000058],[11.020849978000058,11.687589695000042],[11.028625762000047,11.62548510300013],[11.05230565700009,11.600555728000131],[11.095048329000065,11.588874797000074],[11.20713359600012,11.600320545000102],[11.230375610000124,11.613886613999966],[11.24654365200007,11.660124741000118],[11.26707400100014,11.662743583000065]]]}},{"type":"Feature","properties":{"adm2_pcode":"NG036015","adm2_name":"Tarmua","adm1_name":"Yobe"},"geometry":{"type":"Polygon","coordinates":[[[11.735203106000085,12.443159858000115],[11.668241016000081,12.495496424000066],[11.617085134000149,12.494063704000155],[11.261614023999982,12.408853181999973],[11.286514705000172,12.390809566000087],[11.351447934000078,12.264253445000122],[11.390429983000047,12.245164132000127],[11.479416352999976,12.238847607000025],[11.486689755000157,12.207670433000033],[11.465499545000114,12.150469085999987],[11.484230422000167,12.092182658000183],[11.54980636300013,12.015145044000178],[11.630215548000137,11.98099816600012],[11.694099157000096,11.962518519000128],[11.765489588000094,11.975499911000043],[11.851550164000116,11.946510333000049],[11.92389972799998,11.962559519000138],[12.001886782000042,12.009158342000035],[12.055705884000076,12.106610684000088],[12.104987810000068,12.135569665000105],[12.204780868000114,12.105356059000087],[12.255372212999987,12.034514107000064],[12.30309062900011,12.218729733000089],[12.305930637000074,12.287249093000128],[12.26062011800019,12.420270235999965],[12.211393582000142,12.395210622999969],[12.163520707000146,12.39562055100015],[11.978826560000016,12.44740012200009],[11.921625075000179,12.479263134000178],[11.77598854900009,12.430122005000044],[11.735203106000085,12.443159858000115]]]}},{"type":"Feature","properties":{"adm2_pcode":"NG036016","adm2_name":"Yunusari","adm1_name":"Yobe"},"geometry":{"type":"Polygon","coordinates":[[[12.394129994000025,13.077099768000096],[12.363405649000129,13.090022009000165],[12.336176874000046,13.072693922000042],[12.29745244500009,13.096229467000057],[12.277554040000098,13.080984206000153],[12.257033240000055,13.114346431000172],[12.23016223000019,13.107661036000081],[12.178495528000042,13.125185878000082],[12.17758682100009,13.098314510000023],[12.096734025999979,13.104809021999984],[11.879260108000096,13.248744938000073],[11.679051110000103,13.292752253000174],[11.485469723000108,13.365809112000079],[11.279924579000067,13.374472415000014],[11.28159069200018,13.293490503000157],[11.321418529000141,13.209933703000047],[11.328286299000126,13.141168574000176],[11.364707597,13.120425247000071],[11.425815416000148,13.044129898000108],[11.424591551000049,13.017469136000045],[11.391300476000026,12.988679993],[11.492349686000125,12.969989884000029],[11.60490860900012,12.973172654999985],[11.740699691000032,12.845008041000142],[11.890155557000185,12.871574139000131],[11.891909635000161,12.916819766],[11.923200503000146,12.956452807],[11.956715256,12.969523105],[12.071923044000073,12.883233688000018],[12.137260108000078,12.86227371300015],[12.193267776000027,12.87122079300002],[12.3141156800001,12.96602388100007],[12.405407808,13.001494890000117],[12.394129994000025,13.077099768000096]]]}},{"type":"Feature","properties":{"adm2_pcode":"NG036017","adm2_name":"Yusufari","adm1_name":"Yobe"},"geometry":{"type":"Polygon","coordinates":[[[11.279924579000067,13.374472415000014],[10.704200041000092,13.365059718000055],[10.465706138000087,13.282113005000099],[10.281180660000189,13.270557308999969],[10.263380247000043,13.237409361000175],[10.249050405000105,13.093899622000094],[10.257230860000107,13.068801077000103],[10.306079930000124,13.125169900000174],[10.411090099000091,13.13592979800012],[10.428898656,13.12210671600019],[10.419397699000058,13.096500530000185],[10.460027274000083,13.071726865000073],[10.492227610000157,13.014889654000115],[10.521548254000038,13.04994118600007],[10.661344741000164,13.057101637000187],[10.74538157000012,13.125888658000122],[10.853184567000085,13.169473811000103],[10.923213343000157,13.177324989999988],[10.935643361000132,13.157772376000139],[10.866310183000053,13.02397996500008],[10.92617231700001,12.949602342000162],[11.070104448000052,12.974793590000104],[11.16442406900012,12.975563095999973],[11.173090101000014,12.947650128000078],[11.331169881000108,12.960229921000064],[11.411959211000067,13.00216525500008],[11.427827647000129,13.032833887000095],[11.364707597,13.120425247000071],[11.328286299000126,13.141168574000176],[11.321418529000141,13.209933703000047],[11.28159069200018,13.293490503000157],[11.279924579000067,13.374472415000014]]]}},{"type":"Feature","properties":{"adm2_pcode":"NG037001","adm2_name":"Anka","adm1_name":"Zamfara"},"geometry":{"type":"Polygon","coordinates":[[[6.13145649900008,12.134790580000015],[6.058376237000118,12.12395661700009],[5.97017087200004,12.144647379000162],[5.939136053000027,12.181127833000176],[5.888499337000042,12.355360147],[5.854065397000056,12.34213971500003],[5.817000002000043,12.280453219000094],[5.769478072000027,12.2829664140001],[5.737215358000128,12.304022576000023],[5.720870511000157,12.199152020000156],[5.72903934500016,12.089328155000146],[5.746113440000045,12.05079824500001],[5.824194427000123,12.042530354000121],[5.843424752000089,11.837228577000019],[5.879718866000132,11.779532447],[5.883263410000154,11.665447955],[5.96637529000003,11.636642550999966],[6.072175378999987,11.656890319000183],[6.152769428000056,11.614895881000109],[6.250550399000133,11.657094005000147],[6.2578289920001,11.697674023000104],[6.246315200000083,11.715913941000053],[6.281014463000076,11.77848911700005],[6.233850037000025,11.807451476000153],[6.210427628000105,11.881899850000025],[6.146016557000053,11.965551523000045],[6.125940393,12.03414530599997],[6.13145649900008,12.134790580000015]]]}},{"type":"Feature","properties":{"adm2_pcode":"NG037002","adm2_name":"Bakura","adm1_name":"Zamfara"},"geometry":{"type":"Polygon","coordinates":[[[6.045502086000113,12.754116163000049],[6.020989763000102,12.736789879000185],[5.923010385000168,12.771083070000145],[5.813132632000134,12.839669393000179],[5.705156387000102,12.80199870700011],[5.685791565000102,12.713689971000065],[5.752771355000164,12.506407973000023],[5.761343509000142,12.367266878000123],[5.737215358000128,12.304022576000023],[5.75157941700013,12.292551705000108],[5.817000002000043,12.280453219000094],[5.854065397000056,12.34213971500003],[5.885025064000047,12.35523787000011],[5.880145951000031,12.416393921000122],[5.983733288000053,12.522667727000112],[6.005482785000083,12.572021550000102],[6.094851335000044,12.654402615000038],[6.045502086000113,12.754116163000049]]]}},{"type":"Feature","properties":{"adm2_pcode":"NG037003","adm2_name":"Birnin Magaji","adm1_name":"Zamfara"},"geometry":{"type":"Polygon","coordinates":[[[7.051230394000072,12.589386940000054],[6.912051600000154,12.574242907000155],[6.865353625000182,12.625683709000043],[6.826296175000095,12.643483748000165],[6.764346181,12.566873116000124],[6.725686811,12.589977486000066],[6.675537121,12.571219824000025],[6.673940265000056,12.453288076000035],[6.697596623000038,12.405276304000154],[6.766438173000097,12.38139535900018],[6.835907802,12.326135333000082],[6.861699907000059,12.291380342000139],[6.833372429000121,12.280619652000098],[6.854214470000045,12.26703674200013],[6.891007408000121,12.268572538],[6.920405846000051,12.307177178000131],[6.987154831999987,12.330519135000088],[7.045335117000036,12.291543861000036],[7.1047235690001,12.295072580000067],[7.068321183000137,12.411333807000176],[7.051230394000072,12.589386940000054]]]}},{"type":"Feature","properties":{"adm2_pcode":"NG037004","adm2_name":"Bukkuyum","adm1_name":"Zamfara"},"geometry":{"type":"Polygon","coordinates":[[[5.730214786000147,12.28602138000008],[5.710318567000172,12.26736835600002],[5.65305558,12.292035130000102],[5.475760976000117,12.252434228000027],[5.410204987000157,12.259103979000031],[5.393693076999966,12.180931374000181],[5.36215178599997,12.13234158600011],[5.385329798000157,12.104038585000126],[5.374680639000019,12.036751811999977],[5.312096736000171,11.997934145000158],[5.318434374000162,11.829196252000088],[5.304690233000088,11.784260943000106],[5.352876645000038,11.7044680300001],[5.443387893000022,11.70293403400018],[5.46181352200017,11.66599295300017],[5.524311638000142,11.662856078000061],[5.559787377000077,11.68586749700006],[5.671968124000045,11.659979109000119],[5.730454809000037,11.694496369000092],[5.744837373000053,11.681072918999973],[5.76593112900008,11.693537874000071],[5.827904403000161,11.646380559000136],[5.842895581999983,11.610139549],[5.869932255000151,11.626014959000145],[5.884369718000016,11.66997512000006],[5.879718866000132,11.779532447],[5.843424752000089,11.837228577000019],[5.829401010000083,12.027245629000106],[5.813756406000095,12.048876469],[5.746113440000045,12.05079824500001],[5.734668327000122,12.07003749900008],[5.720870386000058,12.155581391000112],[5.730214786000147,12.28602138000008]]]}},{"type":"Feature","properties":{"adm2_pcode":"NG037005","adm2_name":"Bungudu","adm1_name":"Zamfara"},"geometry":{"type":"Polygon","coordinates":[[[6.861854464000146,12.265313449000075],[6.732336114000134,12.322589809000021],[6.652546846000178,12.314209031000075],[6.559487787000137,12.444074517],[6.471817709000049,12.464563825000141],[6.456541119000121,12.400640036000084],[6.423337504000074,12.360418159000176],[6.444422871000029,12.322766580000177],[6.437440873000185,12.197927796000101],[6.338347329999976,12.113529846000063],[6.366116547,12.07132228800009],[6.36635775200017,12.038274989000172],[6.444958400000189,11.992996318000053],[6.496216479000168,11.915177733000178],[6.495570195000141,11.882468763000077],[6.429102737000051,11.773572171000183],[6.455794296000022,11.694539237000072],[6.429247448000183,11.638593132000153],[6.4351956860001,11.613335729000141],[6.507124752000038,11.60025043700017],[6.558867968000129,11.690963880000083],[6.582626255999969,11.792676630000187],[6.561348081000062,11.840734263],[6.570252393000146,12.08503338800017],[6.602198002000023,12.207954668000184],[6.660193427000024,12.219033263000142],[6.727434296000126,12.194707534000145],[6.799617967000074,12.057289961000151],[6.831510518000186,12.046461049000186],[6.899605001000168,12.14093251300011],[6.894563469000104,12.27184188700005],[6.861854464000146,12.265313449000075]]]}},{"type":"Feature","properties":{"adm2_pcode":"NG037006","adm2_name":"Gummi","adm1_name":"Zamfara"},"geometry":{"type":"Polygon","coordinates":[[[5.410204987000157,12.259103979000031],[5.214536024000097,12.307564871000125],[5.118155306000119,12.27855112200018],[4.981541618000108,12.300650436000069],[4.956428996000113,12.270514889000026],[4.956428968000068,12.029432491000023],[4.941484044000049,11.842448267000066],[4.919141594999985,11.788124785000036],[4.9284999300001,11.74077734399998],[5.138870644000065,11.722109718000127],[5.171086832000071,11.741286227000103],[5.172620643000073,11.783473861000175],[5.221711608000135,11.754326016000164],[5.234751839000012,11.769666598000015],[5.304690233000088,11.784260943000106],[5.318434374000162,11.829196252000088],[5.312096736000171,11.997934145000158],[5.374680639000019,12.036751811999977],[5.385329798000157,12.104038585000126],[5.36215178599997,12.13234158600011],[5.393693076999966,12.180931374000181],[5.410204987000157,12.259103979000031]]]}},{"type":"Feature","properties":{"adm2_pcode":"NG037007","adm2_name":"Gusau","adm1_name":"Zamfara"},"geometry":{"type":"MultiPolygon","coordinates":[[[[6.831510518000186,12.046461049000186],[6.799617967000074,12.057289961000151],[6.727434296000126,12.194707534000145],[6.660193427000024,12.219033263000142],[6.602198002000023,12.207954668000184],[6.570252393000146,12.08503338800017],[6.561348081000062,11.840734263],[6.582626255999969,11.792676630000187],[6.558867968000129,11.690963880000083],[6.513033284000073,11.608131318000062],[6.623419106000142,11.564003810000031],[6.658081617999983,11.466107797000177],[6.666089469999974,11.357226289999971],[6.745533370000146,11.243258242000024],[6.761133583000117,11.269032529000185],[6.864155664000123,11.34007667200018],[6.888557998000181,11.380746882000096],[6.886931336000032,11.431177940000111],[6.907266648000189,11.475102244000027],[6.895878723000067,11.50519839500015],[6.904012721000186,11.553189170000167],[6.854380584000069,11.595219495000094],[6.824776318000033,11.546123408000142],[6.792135826000106,11.541955909000023],[6.710086788000069,11.59781460400012],[6.72265628700012,11.670948947000056],[6.696318354000027,11.780407093000065],[6.727550076000114,11.934333083000013],[6.750869890000104,11.997827524000115],[6.798802751000096,11.992720917999975],[6.831510518000186,12.046461049000186]]],[[[7.1047235690001,12.295072580000067],[7.045335117000036,12.291543861000036],[6.987154831999987,12.330519135000088],[6.920405846000051,12.307177178000131],[6.88909650100004,12.25000478800007],[6.899605001000168,12.14093251300011],[6.888027103000184,12.109912846999975],[6.915961151999966,12.086434022000049],[6.984466968,12.076024787000051],[7.115156054000067,12.090473227000018],[7.1525086420001,12.184393723000028],[7.1047235690001,12.295072580000067]]]]}},{"type":"Feature","properties":{"adm2_pcode":"NG037008","adm2_name":"Kaura Namoda","adm1_name":"Zamfara"},"geometry":{"type":"Polygon","coordinates":[[[6.725686811,12.589977486000066],[6.732460627000023,12.626400681000064],[6.577891442000066,12.683667132000096],[6.506281853000019,12.642981165000037],[6.449746657000162,12.651045324000165],[6.442816593000146,12.50518779100014],[6.471817709000049,12.464563825000141],[6.559487787000137,12.444074517],[6.652546846000178,12.314209031000075],[6.732336114000134,12.322589809000021],[6.809674299000051,12.284892330000105],[6.860395127000061,12.284303768000086],[6.835907802,12.326135333000082],[6.766438173000097,12.38139535900018],[6.697596623000038,12.405276304000154],[6.673940265000056,12.453288076000035],[6.67026488700003,12.559920740000052],[6.686918550000144,12.58255738600019],[6.725686811,12.589977486000066]]]}},{"type":"Feature","properties":{"adm2_pcode":"NG037009","adm2_name":"Maradun","adm1_name":"Zamfara"},"geometry":{"type":"Polygon","coordinates":[[[6.205338061000077,13.055326006000087],[6.13160521500015,13.072159004000184],[6.027902467000047,13.021341275000054],[6.04019563200012,12.931206507000127],[6.007987012000058,12.885112543000162],[6.032203767000169,12.786961361000067],[6.147486032000074,12.588339252000026],[6.147126238000112,12.491479636000065],[6.172716492000063,12.451188132000027],[6.235254307,12.414318574000106],[6.263644358000079,12.43455192600004],[6.289235217000112,12.430498395000086],[6.417391717000044,12.357931124],[6.456541119000121,12.400640036000084],[6.475448443000062,12.452237424000145],[6.435872151000069,12.537134176999984],[6.449746657000162,12.651045324000165],[6.524575110000058,12.648360813000181],[6.56151554000013,12.719957882000074],[6.510111492000078,12.751914311000121],[6.452058307000073,12.731209571000136],[6.401710045000186,12.739908157000116],[6.40155831900006,12.760937505000129],[6.463303456000176,12.826034624000101],[6.395417415000168,12.870552824000129],[6.401693735000094,12.953966329000025],[6.445529301000079,12.99976648300003],[6.418854673000112,13.012668911000162],[6.221539548000067,13.009350963000088],[6.205338061000077,13.055326006000087]]]}},{"type":"Feature","properties":{"adm2_pcode":"NG037010","adm2_name":"Maru","adm1_name":"Zamfara"},"geometry":{"type":"Polygon","coordinates":[[[6.423337504000074,12.360418159000176],[6.30234482100019,12.424840386000085],[6.199287204000086,12.326527584000132],[6.183947378000084,12.225885227000049],[6.13145649900008,12.134790580000015],[6.125940393,12.03414530599997],[6.146016557000053,11.965551523000045],[6.210427628000105,11.881899850000025],[6.233850037000025,11.807451476000153],[6.281014463000076,11.77848911700005],[6.246315200000083,11.715913941000053],[6.2578289920001,11.697674023000104],[6.250550399000133,11.657094005000147],[6.152769428000056,11.614895881000109],[6.072175378999987,11.656890319000183],[5.96637529000003,11.636642550999966],[5.883263410000154,11.665447955],[5.869932255000151,11.626014959000145],[5.842895581999983,11.610139549],[5.81723158,11.536214284000039],[5.826959414000044,11.479676267000173],[5.936017056000139,11.491283138000142],[6.00914739500007,11.480396427000073],[6.149425624000116,11.345792054000185],[6.155036971000186,11.309062467000047],[6.128868010000019,11.253702015000044],[6.054487662000156,11.239985375],[6.02291136700012,11.19770718500007],[6.008521716000075,11.141016],[6.052797202000079,11.043186414000047],[6.114642674000038,11.00142015],[6.14596685500004,10.957244638000134],[6.161300639999979,10.866134800000168],[6.205962088000092,10.86342122200017],[6.233771310000122,10.945493946000056],[6.277181739000071,10.965842102000067],[6.323304163000103,11.025530844000116],[6.411480931000028,11.030278277000036],[6.439290122000159,10.998398697000027],[6.458282051000083,10.999078019000137],[6.471847551,11.021460369000181],[6.575624541000025,11.023495942000125],[6.606825348000086,11.047235722000096],[6.676009559000022,11.057409033000113],[6.688896995000164,11.09471505700003],[6.716028164000136,11.106245906000083],[6.706531976000122,11.121846019999964],[6.742463699000098,11.174532835000036],[6.732985039000084,11.201883417000147],[6.745533370000146,11.243258242000024],[6.666089469999974,11.357226289999971],[6.658081617999983,11.466107797000177],[6.623419106000142,11.564003810000031],[6.513033284000073,11.608131318000062],[6.481838605000121,11.597497725000153],[6.431962482000131,11.616951524000115],[6.455794296000022,11.694539237000072],[6.429102737000051,11.773572171000183],[6.495570195000141,11.882468763000077],[6.496216479000168,11.915177733000178],[6.444958400000189,11.992996318000053],[6.36635775200017,12.038274989000172],[6.366116547,12.07132228800009],[6.338347329999976,12.113529846000063],[6.437440873000185,12.197927796000101],[6.444422871000029,12.322766580000177],[6.423337504000074,12.360418159000176]]]}},{"type":"Feature","properties":{"adm2_pcode":"NG037011","adm2_name":"Shinkafi","adm1_name":"Zamfara"},"geometry":{"type":"Polygon","coordinates":[[[6.655344200000172,13.07742990600002],[6.622907234000024,13.066769578000162],[6.566224439000109,13.075907069999971],[6.406090687000074,13.125399570000127],[6.371445709000056,13.149765245000083],[6.289592182000092,13.158902333000071],[6.261800337000182,13.139486453000131],[6.254254722000155,13.031505782000067],[6.205338061000077,13.055326006000087],[6.221539548000067,13.009350963000088],[6.431092336000063,13.012002586],[6.461453906999964,12.934850176000054],[6.535343058000024,12.944179672000189],[6.582822494000027,12.904602135000118],[6.643480635000117,12.899993443000028],[6.678872075000072,12.916768231000106],[6.702857044000154,12.958646811],[6.694481489,13.00433279800012],[6.658766817000128,13.036784407000084],[6.655344200000172,13.07742990600002]]]}},{"type":"Feature","properties":{"adm2_pcode":"NG037012","adm2_name":"Talata Mafara","adm1_name":"Zamfara"},"geometry":{"type":"Polygon","coordinates":[[[6.30234482100019,12.424840386000085],[6.263644358000079,12.43455192600004],[6.235254307,12.414318574000106],[6.159104807000119,12.46643342900012],[6.144948474000046,12.503458089000048],[6.147486032000074,12.588339252000026],[6.096785056999977,12.662442044000045],[6.005482785000083,12.572021550000102],[5.983733288000053,12.522667727000112],[5.875167859000101,12.400120594999976],[5.947302855000032,12.165882346000046],[6.015362840000023,12.130491129000177],[6.134058912,12.135391456000036],[6.183947378000084,12.225885227000049],[6.199287204000086,12.326527584000132],[6.30234482100019,12.424840386000085]]]}},{"type":"Feature","properties":{"adm2_pcode":"NG037013","adm2_name":"Tsafe","adm1_name":"Zamfara"},"geometry":{"type":"Polygon","coordinates":[[[7.115156054000067,12.090473227000018],[6.984466968,12.076024787000051],[6.915961151999966,12.086434022000049],[6.888027103000184,12.109912846999975],[6.798802751000096,11.992720917999975],[6.750869890000104,11.997827524000115],[6.696318354000027,11.780407093000065],[6.72265628700012,11.670948947000056],[6.713660842000024,11.594041999000183],[6.792135826000106,11.541955909000023],[6.824776318000033,11.546123408000142],[6.854380584000069,11.595219495000094],[6.896692179000013,11.794771129000026],[7.015747575000091,11.81766833100005],[7.054534421000028,11.80085386800016],[7.106413045000068,11.831127317000039],[7.141120928000078,11.878552244000105],[7.143561205000083,11.911089063000077],[7.230576009000174,11.9184255830001],[7.239543412000046,11.94118490400001],[7.209447361000059,11.985108428000046],[7.143561298000179,12.015204528000083],[7.090689728000029,12.064009711000153],[7.115156054000067,12.090473227000018]]]}},{"type":"Feature","properties":{"adm2_pcode":"NG037014","adm2_name":"Zurmi","adm1_name":"Zamfara"},"geometry":{"type":"Polygon","coordinates":[[[7.047684777000086,12.999111687000038],[6.927601875999983,12.990480287000139],[6.792541934000155,13.161023111000077],[6.742070676000026,13.117023414000073],[6.653169920000039,13.074302787000022],[6.658766817000128,13.036784407000084],[6.690642152000066,13.010620152],[6.702095413000109,12.97463716600015],[6.699049958999979,12.943798869000034],[6.665927811000017,12.90839268700006],[6.582822494000027,12.904602135000118],[6.535343058000024,12.944179672000189],[6.467589886999974,12.931887456000084],[6.423719064000181,12.983679538000104],[6.396446224000101,12.939659399],[6.395417415000168,12.870552824000129],[6.463303456000176,12.826034624000101],[6.40155831900006,12.760937505000129],[6.401710045000186,12.739908157000116],[6.452058307000073,12.731209571000136],[6.481101850000016,12.748715405000155],[6.52083282600006,12.748230465000177],[6.56151554000013,12.719957882000074],[6.547849089000124,12.677764415000127],[6.577891442000066,12.683667132000096],[6.732460627000023,12.626400681000064],[6.725686811,12.589977486000066],[6.764346181,12.566873116000124],[6.826296175000095,12.643483748000165],[6.865353625000182,12.625683709000043],[6.912051600000154,12.574242907000155],[7.051230394000072,12.589386940000054],[7.023177278000162,12.831866450000177],[7.047684777000086,12.999111687000038]]]}}]}